Date,Time,Food Name,Serving Size,Serving Qty,Serving Weight (g),Calories (kcal),Fat (g),Carbs (g),Protein (g),Alcohol (g),"B12, Cobalamin (mcg)","B1, Thiamine (mg)","B2, Riboflavin (mg)","B3, Niacin (mg)","B5, Pantothenic Acid (mg)","B6, Pyridoxine (mg)",Caffeine (mg),Calcium (mg),Cholesterol (mg),Choline (mg),Copper (mg),Cysteine (g),Monounsaturated Fat (g),Polyunsaturated Fat (g),Saturated Fat (g),Trans Fat (g),Fiber (g),Folate (mcg),Histidine (g),Iron (mg),Isoleucine (g),Leucine (g),Lysine (g),Magnesium (mg),Manganese (mg),Methionine (g),Omega-3 ALA (g),Omega-3 DHA (g),Omega-3 EPA (g),Omega-3 (g),Omega-6 (g),Phenylalanine (g),Phosphorus (mg),Potassium (mg),Selenium (mcg),Sodium (mg),Starch (g),Sugars (g),Sugars Added (g),Threonine (g),Tryptophan (g),Tyrosine (g),Valine (g),Vitamin A (mcg),Vitamin C (mg),Vitamin D (mcg),Vitamin E (mg),Vitamin K (mcg),Water (g),Zinc (mg)
2025-10-02,8:00 AM,"Eggs, Cooked",large,3,50,233,16,2,19,,1.7,0.1,0.8,0.1,2.1,0.2,,75,560,441,0,0.4,6.1,2.1,4.9,,,66,0.4,1.8,1,1.6,1.4,15,0,0.6,0,0.1,0,0.1,2,1,258,189,46.2,186,,1.7,,0.9,0.2,0.8,1.2,224,,3.3,1.5,0.4,112,1.6
2025-10-02,8:00 AM,Kinder Bueno,wafer,1,20,110,7,11,2,,,,,,,,,47,5,,,,,,3,,,,,,,,,,,,,,,,,,,68,,25,,9,,,,,,,,,,,,
2025-10-02,8:00 AM,"Milk, Whole",oz,4,28.35,68,4,5,4,,0.6,0.1,0.2,0.1,0.4,0.1,,139.5,14,20,0,0,0.8,0.1,2.1,,,,0.1,,0.2,0.4,0.3,13.6,,0.1,0,,0,0,0.1,0.2,114.5,170.1,2.2,43.1,,5.3,,0.2,0,0.2,0.2,35.8,,1.1,0.1,0.3,100,0.5
2025-10-02,8:00 AM,Spinach Cooked Boiled Drained With Salt,cup,1,180,41,0,7,5,,,0.2,0.4,0.9,0.3,0.4,,244.8,,35,0.3,0.1,0,0.2,0.1,,4.3,262.8,0.1,6.4,0.3,0.4,0.3,156.6,1.7,0.1,,,,,,0.2,100.8,838.8,2.7,550.8,,0.8,,0.2,0.1,0.2,0.3,943.2,17.6,,3.7,889.2,164,1.4
2025-10-02,11:25 AM,2% milk,splash,1,15.25,8,0,1,1,,0.1,0,0,0,0.1,0,,18.3,1,3,0,0,0.1,0,0.2,0,,0.8,0,0,0,0,0,1.7,0,0,0,,,,,0,14,21.4,0.4,7.2,,0.8,,0,0,0,0,,0,,0,0,14,0.1
2025-10-02,11:25 AM,medium banana,"medium (7 to 7-7/8"" long)""",1,118,105,0,27,1,,,0,0.1,0.8,0.4,0.4,,5.9,,12,0.1,0,0,0.1,0.1,,3.1,23.6,0.1,0.3,0,0.1,0.1,31.9,0.3,0,,,,,,0.1,26,422.4,1.2,1.2,6.3,14.4,,0,0,0,0.1,,10.3,,0.1,0.6,88,0.2
2025-10-02,11:26 AM,Gold Standard 100% Whey Protein Powder Double Rich Chocolate,scoop,1,30,120,2,3,24,,,,,,,,,130,55,,,,,,1,,1,,,0.7,,,,,,,,,,,,,,200,,130,,1,,,,,,,,,,,,
2025-10-02,11:26 AM,Gold Standard 100% Whey Protein Powder Double Rich Chocolate,scoop,1,30,120,2,3,24,,,,,,,,,130,55,,,,,,1,,1,,,0.7,,,,,,,,,,,,,,200,,130,,1,,,,,,,,,,,,
2025-10-02,11:27 AM,The Original Powdered Peanut Butter,tbsp,2,6.5,60,1,5,6,,,,,,,,,10,,,,,,,,,1,,,0.4,,,,,,,,,,,,,,150,,90,,2,,,,,,,,,,,,
2025-10-02,2:11 PM,Turkey Sandwich,sandwich,0.68,255,391,17,27,32,,0.5,0.3,0.5,2.5,0.7,0.2,,409.6,74,68,0.2,0.3,4.2,1.6,8.9,,3.7,40.1,0.7,1.9,1.3,2,1.6,67.9,1.2,0.6,0.1,0,0,0.1,1.1,1.1,428.4,334.1,42.1,1063.1,,5,2.2,1.1,0.4,1,1.4,181.1,4.9,0.3,1.8,13.4,92,3.5
2025-10-02,2:47 PM,"Wild Berry Gummi Candy, Wild Berry",serving,0.3,100,100,0,24,2,,,,,,,,,,,,,,,,,,,,,,,,,,,,,,,,,,,,,,,13,,,,,,,,,,,,
2025-10-02,6:20 PM,Creamy Dark Chocolate Peanut Butter Cups,piece,1,12.5,70,5,7,1,,,,,,,,,,,,,,,,2.5,,0.5,,,0.4,,,,,,,,,,,,,,47,,37.5,,5.5,,,,,,,,,,,,
2025-10-02,9:04 PM,Goat Cheese & Sundried Tomato Ravioli,cup,1,83,220,9,27,8,,,,,,,,,70,60,,,,,,5,,1,,,0.8,,,,,,,,,,,,,,160,,590,,2,,,,,,,,,,,,
2025-10-02,9:04 PM,chicken breast,g,160,1,264,6,0,50,,0.5,0.1,0.2,21.9,1.5,1,,24,136,136,0.1,0.6,2,1.2,1.6,,,6.4,1.5,1.7,2.6,3.7,4.2,46.4,0,1.4,,0,0,,,2,364.8,409.6,44.2,118.4,,,,2.1,0.6,1.7,2.5,,,,0.4,0.5,104,1.6
2025-10-02,9:05 PM,"Spinach, Raw",cup,1,30,7,0,1,1,,,0,0.1,0.2,0,0.1,,20.1,,6,0,0,0,0.1,0,,0.5,33.9,0,0.3,0,0.1,0.1,27.9,0.1,0,0.1,,,0.1,,0,12.3,138,,32.1,,0.1,,0,0,0,0,91.9,9.1,,0.6,144.9,28,0.1
2025-10-02,9:18 PM,Familia Swiss Muesli - Original Recipe,g,38,1,139,2,25,4,,0.1,0.1,0.2,0.7,0.3,0,,12.7,,9,0.2,0.1,1.2,0.6,0.3,,3.2,6.1,0.1,1.1,0.1,0.3,0.1,120.5,1.2,0.1,0,,,0,0.6,0.2,128.1,187.7,6.6,3,,8.2,4.7,0.1,0,0.1,0.2,0.1,0.2,,0.4,1.4,5,0.7
2025-10-02,9:18 PM,Honey,g,5,1,15,0,4,0,,,,0,0,0,0,,0.3,,0,0,0,,,,,0,0.1,0,0,0,0,0,0.1,0,0,,,,,,0,0.2,2.6,0,0.2,,4.1,4.1,0,0,0,0,,0,,,,1,0
2025-10-02,9:18 PM,"Milk, Whole",g,80,1,48,3,4,3,,0.4,0,0.1,0.1,0.3,0,,98.4,10,14,0,0,0.6,0.1,1.5,,,,0.1,,0.1,0.3,0.2,9.6,,0.1,0,,0,0,0.1,0.1,80.8,120,1.5,30.4,,3.7,,0.1,0,0.1,0.2,25.3,,0.8,0,0.2,70,0.3
2025-10-03,9:27 AM,milk,oz,4,30.5,61,2,6,4,,0.6,0,0.2,0.1,0.4,0,,146.4,10,20,0,0,0.7,0.1,1.5,0.1,,6.1,0.1,0,0.2,0.4,0.3,13.4,0,0.1,0,,,,,0.2,112.2,170.8,3,57.3,,6.2,,0.2,0.1,0.2,0.3,,0.2,,0,0.2,109,0.6
2025-10-03,9:28 AM,Soft Spreadable Light Cream Cheese,g,18,1,42,3,3,2,,,,,,,,,60,9,,,,,,1.8,,,,,,,,,,,,,,,,,,,84,,57,,2.4,,,,,,,,,,,,
2025-10-03,9:28 AM,Whole Grain English Muffins,muffin,1,76,159,2,30,7,,,,,,,,,40,,,,,,,,,4,,,,,,,,,,,,,,,,,,,328,,3,,,,,,,,,,,,
2025-10-03,10:00 AM,Kinder Bueno,wafer,1,20,110,7,11,2,,,,,,,,,47,5,,,,,,3,,,,,,,,,,,,,,,,,,,68,,25,,9,,,,,,,,,,,,
2025-10-03,10:00 AM,Milk Chocolate Riegel,riegel,1,21,119,7,11,2,,,,,,,,,,,,,,,,4.7,,,,,,,,,,,,,,,,,,,,,30,,11,,,,,,,,,,,,
2025-10-03,11:00 AM,Feta Cheese,tbsp,1,9.38,26,2,1,2,,0.2,0,0,0,0.1,0,,34.8,5,1,0,0,0.4,0.1,1,,,3,0.1,0,0.1,0.2,0.2,1.7,0,0,0,,,0,0,0.1,30.7,9.8,1.4,96.9,,0.2,,0.1,0,0.1,0.1,13.8,,,0,0.2,5,0.2
2025-10-03,11:00 AM,Rice White Cooked Without Salt,cup,1,186,242,0,53,4,,,0.3,0,3.4,0.8,0.1,,5.6,,,0.1,0.1,0.1,0.1,0.1,,0.6,107.9,0.1,2.8,0.2,0.4,0.2,24.2,0.7,0.1,,,,,,0.2,68.8,53.9,13.9,,,,,0.2,0.1,0.1,0.3,,,,,,128,0.8
2025-10-03,11:00 AM,Sesame Butter or Tahini,tbsp,1,15,89,8,3,3,,,0.2,0.1,0.8,0.1,0,,63.9,,4,0.2,0.1,3,3.5,1.1,,1.4,14.7,0.1,1.3,0.1,0.2,0.1,14.3,0.2,0.1,,,,,,0.1,109.8,62.1,5.2,17.3,,0.1,,0.1,0.1,0.1,0.1,0.5,,,0,,0,0.7
2025-10-03,11:00 AM,Turkey Ground 93% Lean 7% Fat Raw,oz,4,28.35,170,9,0,21,,1.4,0.1,0.2,6.1,1.1,0.4,,23.8,84,60,0.1,0.2,3.2,2.9,2.5,,,7.9,0.6,1.3,1,1.7,1.9,23.8,0,0.6,0.1,0,0,0.2,2.5,0.8,218.9,241.5,21.5,78.2,,,,1,0.2,0.8,1,24.9,,0.5,0.1,,82,2.9
2025-10-03,8:03 PM,Chinese Restaurant Kung Pao Chicken Without Rice,order,0.7,604,545,30,29,41,,0.5,0.1,0.2,11.7,2.1,1,,84.6,110,158,0.3,0.4,9.2,12.8,5.7,,6.3,67.6,1.1,3.2,1.8,3.3,1.9,101.5,1.1,1,1,0,0,1.1,11.4,1.7,397.4,921.7,34.2,1699.7,,12.8,,1.7,0.5,1.5,2,274.8,30,,4.3,57.5,316,3.1
2025-10-03,8:03 PM,Egg Fried Rice,g,250,1,410,8,76,10,,,,,,,,,,,,,,,,1.2,,1.6,,,,,,,,,,,,,,,,,,,760,,2,,,,,,,,,,,,
2025-10-04,7:00 AM,Kinder Bueno,wafer,1,20,110,7,11,2,,,,,,,,,47,5,,,,,,3,,,,,,,,,,,,,,,,,,,68,,25,,9,,,,,,,,,,,,
2025-10-04,7:00 AM,Kinder Bueno,wafer,1,20,110,7,11,2,,,,,,,,,47,5,,,,,,3,,,,,,,,,,,,,,,,,,,68,,25,,9,,,,,,,,,,,,
2025-10-04,8:00 AM,"Milk, Whole",g,80,1,48,3,4,3,,0.4,0,0.1,0.1,0.3,0,,98.4,10,14,0,0,0.6,0.1,1.5,,,,0.1,,0.1,0.3,0.2,9.6,,0.1,0,,0,0,0.1,0.1,80.8,120,1.5,30.4,,3.7,,0.1,0,0.1,0.2,25.3,,0.8,0,0.2,70,0.3
2025-10-04,9:00 AM,Strained Thick & Creamy Greek Yogurt Plain,serving,1,170,170,9,7,15,,,,,,,,,170,35,,,,,,6,,,,,0.2,,,,,,,,,,,,,,230,,60,,6,,,,,,,,,,,,
2025-10-04,10:00 AM,"Pecans, Raw",g,10,1,70,7,1,1,,,0.1,0,0.1,0.1,0,,5.5,,4,0.1,0,3.9,2.3,0.6,,0.6,2.2,0,0.2,0,0.1,0,10.3,0.2,0,0.1,,,0.1,2.1,0,25.3,36,0.4,,,0.4,,0,0,0,0,0.3,0.1,,0.1,0.4,0,0.4
2025-10-04,12:00 PM,pretzel,g,100,1,384,3,80,10,,,0.4,0.3,5.3,0.3,0.1,,27,,30,0.2,0.2,0.7,1.3,0.4,,3.4,166,0.2,4.6,0.4,0.8,0.3,29,1,0.2,0.1,,,,,0.5,128,223,4.4,1240,72.6,2.2,,0.3,0.1,0.3,0.5,,2.1,,0.5,2.8,3,1
2025-10-04,2:00 PM,"Eggs, Cooked",large,3,50,233,16,2,19,,1.7,0.1,0.8,0.1,2.1,0.2,,75,560,441,0,0.4,6.1,2.1,4.9,,,66,0.4,1.8,1,1.6,1.4,15,0,0.6,0,0.1,0,0.1,2,1,258,189,46.2,186,,1.7,,0.9,0.2,0.8,1.2,224,,3.3,1.5,0.4,112,1.6
2025-10-04,2:00 PM,Focaccia Italian Flatbread Plain,g,46,1,115,4,16,4,,,0.2,0.1,1.7,0.3,0.1,,16.1,,1,0,,2.6,0.5,0.4,,0.8,63.5,,1.5,,,,9.2,0.2,,,,,,,,58.9,52.4,7.3,258.1,,0.8,,,,,,0,,,0.7,2.6,21,0.6
2025-10-04,2:00 PM,Spinach Cooked Boiled Drained With Salt,cup,1,180,41,0,7,5,,,0.2,0.4,0.9,0.3,0.4,,244.8,,35,0.3,0.1,0,0.2,0.1,,4.3,262.8,0.1,6.4,0.3,0.4,0.3,156.6,1.7,0.1,,,,,,0.2,100.8,838.8,2.7,550.8,,0.8,,0.2,0.1,0.2,0.3,943.2,17.6,,3.7,889.2,164,1.4
2025-10-04,4:00 PM,Brambleberry Crisp Ice-Cream,cup,0.67,197.01,350,19,40,5,,,,,,,,,164,60,,,,,,11,,,,,,,,,,,,,,,,,,,176,,125,,31,,,,,,,,,,,,
2025-10-04,5:00 PM,"Soft Pretzel, Salted",g,56,1,193,2,40,5,,,0.2,0.2,2.4,0.4,0,,12.9,,10,0.1,0.1,0.6,0.5,0.4,,1,13.4,0.1,2.2,0.2,0.3,0.1,11.8,0.3,0.1,0,,,0,0.5,0.2,44.2,49.3,9.6,305.2,,0.1,,0.1,0.1,0.1,0.2,,,,0.3,1.5,8,0.5
2025-10-04,8:00 PM,Chicken Breast Grilled Boneless Skinless,oz,8.4,28.33,352,8,0,70,,0.5,0.2,0.5,26.4,3.5,2.3,,14.3,252,257,0.1,0.7,3.1,1.7,2.4,,,,2.6,1,3.5,5.8,6.8,73.8,0,1.8,0.1,0,0,0.1,1.3,2.8,592.6,999.6,100.9,511.7,,,,3.1,0.9,2.5,3.6,23.8,,,0.8,,158,2
2025-10-05,7:47 AM,"Milk, Whole",g,80,1,48,3,4,3,,0.4,0,0.1,0.1,0.3,0,,98.4,10,14,0,0,0.6,0.1,1.5,,,,0.1,,0.1,0.3,0.2,9.6,,0.1,0,,0,0,0.1,0.1,80.8,120,1.5,30.4,,3.7,,0.1,0,0.1,0.2,25.3,,0.8,0,0.2,70,0.3
2025-10-05,7:47 AM,Raspberry Spread,tbsp,1,18,30,0,8,0,,,,,,,,,,,,,,,,,,,,,,,,,,,,,,,,,,,,,10,,7,,,,,,,14,,,,,
2025-10-05,7:47 AM,Strained Thick & Creamy Greek Yogurt Plain,serving,1,170,170,9,7,15,,,,,,,,,170,35,,,,,,6,,,,,0.2,,,,,,,,,,,,,,230,,60,,6,,,,,,,,,,,,
2025-10-05,7:47 AM,Whole Grain English Muffins,muffin,1,76,159,2,30,7,,,,,,,,,40,,,,,,,,,4,,,,,,,,,,,,,,,,,,,328,,3,,,,,,,,,,,,
2025-10-05,9:25 AM,chicken breast grilled,g,109,1,161,4,0,32,,0.2,0.1,0.2,12.1,1.6,1.1,,6.5,116,117,0,0.3,1.4,0.8,1.1,0,,,1.2,0.5,1.6,2.7,3.1,33.8,0,0.8,0,0,0,,,1.3,271.4,457.8,46.2,234.3,,,,1.4,0.4,1.2,1.7,,,,0.4,,73,0.9
2025-10-05,11:00 AM,Bagels Green Chile,serving,1,100,350,8,58,15,,,,,,,,,,25,,,,,,4.5,,2,,,,,,,,,,,,,,,,,,,680,,6,,,,,,,,,,,,
2025-10-05,11:00 AM,Whipped Cream Cheese Shmear Plain Schmear,serving,1,100,120,12,2,2,,,,,,,,,,35,,,,,,8,,,,,,,,,,,,,,,,,,,,,115,,2,,,,,,,,,,,,
2025-10-05,4:56 PM,Cinnamon Roll Cereal,serving,1,37,140,7,15,12,,,,,,,,,35,10,,,,,,1.5,,1,,,2,,,,,,,,,,,,,,,,150,,,,,,,,,,,,,,
2025-10-05,5:00 PM,"Milk, Whole",g,80,1,48,3,4,3,,0.4,0,0.1,0.1,0.3,0,,98.4,10,14,0,0,0.6,0.1,1.5,,,,0.1,,0.1,0.3,0.2,9.6,,0.1,0,,0,0,0.1,0.1,80.8,120,1.5,30.4,,3.7,,0.1,0,0.1,0.2,25.3,,0.8,0,0.2,70,0.3
2025-10-05,7:00 PM,Egg Whole Fried,large,1,46,90,7,0,6,,0.4,0,0.2,0,0.8,0.1,,28.5,184,146,0,0.1,2.8,1.5,2,,,23.5,0.2,0.9,0.3,0.5,0.5,6,0,0.2,,0,,,,0.3,98.9,69.9,15.2,95.2,,0.2,,0.3,0.1,0.2,0.4,100.7,,1,0.6,2.6,32,0.6
2025-10-05,7:00 PM,Rice White Cooked Without Salt,g,100,1,130,0,29,2,,,0.2,0,1.8,0.4,0.1,,3,,,0,0,0.1,0.1,0.1,,0.3,58,0.1,1.5,0.1,0.2,0.1,13,0.4,0.1,,,,,,0.1,37,29,7.5,,,,,0.1,0,0.1,0.1,,,,,,69,0.4
2025-10-05,7:00 PM,Turkey Ground 93% Lean 7% Fat Raw,oz,6,28.35,255,14,0,32,,2,0.1,0.3,9.2,1.7,0.6,,35.7,126,90,0.2,0.3,4.8,4.3,3.7,,,11.9,0.9,2,1.4,2.6,2.9,35.7,0,0.9,0.2,0,0,0.2,3.7,1.2,328.3,362.3,32.3,117.4,,,,1.5,0.4,1.1,1.5,37.4,,0.7,0.2,,123,4.3
2025-10-06,7:00 AM,Turkey Ground 93% Lean 7% Fat Raw,g,190,1,285,16,0,36,,2.3,0.1,0.4,10.3,1.9,0.7,,39.9,141,101,0.2,0.4,5.4,4.8,4.1,,,13.3,1.1,2.2,1.6,2.9,3.2,39.9,0,1,0.2,0,0,0.3,4.1,1.4,366.7,404.7,36.1,131.1,,,,1.6,0.4,1.3,1.6,41.8,,0.8,0.2,,138,4.8
2025-10-06,7:47 AM,Milk Chocolate,serving,1,30,160,10,16,2,,,,,,,,,78,5,,,,,,6,,1,,,1.1,,,,,,,,,,,,,,188,,25,,15,,,,,,,,,,,,
2025-10-06,8:00 AM,Rice White Cooked Without Salt,g,100,1,130,0,29,2,,,0.2,0,1.8,0.4,0.1,,3,,,0,0,0.1,0.1,0.1,,0.3,58,0.1,1.5,0.1,0.2,0.1,13,0.4,0.1,,,,,,0.1,37,29,7.5,,,,,0.1,0,0.1,0.1,,,,,,69,0.4
2025-10-06,11:22 AM,"Hamburger Bun, Whole Wheat","large - 4 diameter""",1.2,57,172,2,29,9,,,0.3,0.1,3,0.4,0.1,,135.4,,19,0.2,0.1,0.4,1.1,0.5,,4.1,28.7,0.1,1.7,0.2,0.3,0.1,51.3,1.5,0.1,0.1,,,0.1,1,0.2,145,165.5,17.6,326.3,,3,2.8,0.1,0.1,0.1,0.2,0.1,,,1.8,5.3,27,1.2
2025-10-06,11:22 AM,Mango Passionfruit Kombucha 415ml Bottle,ml,415,0.24,40,0,10,0,,42,,,,,,,,,,,,,,,,,,,,,,,,,,,,,,,,,,,,,9,,,,,,,,,,,,
2025-10-06,11:22 AM,Pure Protein Chocolate Peanut Butter,bar,0.75,50,150,5,13,15,,,,,7.5,,,,82.5,8,,,,,,2.3,,0.8,,,,,,,,,,,,,,,,,112.5,,150,,1.5,1.5,,,,,,,,,,,
2025-10-06,11:23 AM,Beef Ground 80% Lean 20% Fat or Hamburger Patty Raw,g,150,1,381,30,0,26,,3.2,0.1,0.2,6.3,0.7,0.5,,27,107,85,0.1,0.3,13.3,0.8,11.4,,,10.5,0.8,2.9,1.1,2,2.1,25.5,0,0.7,0.1,,,0.1,,1,237,405,22.5,99,,,,1,0.1,0.8,1.3,6,,0.2,0.3,2.7,93,6.3
2025-10-06,2:25 PM,U-Haul Peanut Butter Cup,serving,1,100,293,4,36,32,,0.1,0,0.1,0.8,0.4,0.4,,164.2,56,14,0.1,0,0.1,0.1,1.3,0,5.1,24.4,0.1,1.4,0.1,0.1,0.1,33.5,0.3,0,0,,,0,,0.1,40,793.8,1.6,228.3,6.3,18.2,,0.1,0,0,0.1,31.3,10.3,0.2,0.1,0.6,102,0.3
2025-10-06,5:29 PM,"Milk, Whole",g,0,1,0,0,0,0,,0,0,0,0,0,0,,0,0,0,0,0,0,0,0,,,,0,,0,0,0,0,,0,0,,0,0,0,0,0,0,0,0,,0,,0,0,0,0,0,,0,0,0,0,0
2025-10-06,5:29 PM,Old Country Style Muesli,serving,1,35,140,3,23,4,,,,,,,,,14,,,,,,,,,4,,,1,,,,,,,,,,,,,,194.9,,,,5,,,,,,,,,,,,
2025-10-06,8:18 PM,grilled chicken breast,g,146,1,216,5,0,43,,0.3,0.1,0.3,16.2,2.2,1.4,,8.8,155,157,0,0.5,1.9,1,1.5,0,,,1.6,0.6,2.1,3.6,4.1,45.3,0,1.1,0,0,0,,,1.7,363.5,613.2,61.9,313.9,,,,1.9,0.5,1.6,2.2,,,,0.5,,97,1.2
2025-10-06,9:18 PM,Magnesium l-Threonate,capsules,2,0.05,0,0,0,0,,,,,,,,,,,,,,,,,,,,,,,,,72,,,,,,,,,,,,,,,,,,,,,,,,,,
2025-10-06,9:24 PM,Methyl Multi,capsules,2,50,0,0,0,0,,250,10,10,32,100,10,,50,,18,0.5,,,,,,,850,,,,,,50,0.3,,,,,,,,,49.5,50,30,,,,,,,,,125,2.5,67,30,,6.5
2025-10-06,9:44 PM,Cod Liver Oil,softgel,1,100,10,1,0,0,,,,,,,,,,,,,,,,,,,,,,,,,,,,,100,70,,,,,,,,,,,,,,,300,,10,,,,
2025-10-07,7:00 AM,Chicken Breast Grilled Boneless Skinless,g,81,1,120,3,0,24,,0.2,0.1,0.2,9,1.2,0.8,,4.9,86,87,0,0.3,1.1,0.6,0.8,,,,0.9,0.3,1.2,2,2.3,25.1,0,0.6,0,0,0,0,0.5,1,201.7,340.2,34.3,174.2,,,,1.1,0.3,0.9,1.2,8.1,,,0.3,,54,0.7
2025-10-07,7:00 AM,"Eggs, Cooked",large,3,50,233,16,2,19,,1.7,0.1,0.8,0.1,2.1,0.2,,75,560,441,0,0.4,6.1,2.1,4.9,,,66,0.4,1.8,1,1.6,1.4,15,0,0.6,0,0.1,0,0.1,2,1,258,189,46.2,186,,1.7,,0.9,0.2,0.8,1.2,224,,3.3,1.5,0.4,112,1.6
2025-10-07,7:00 AM,Focaccia Italian Flatbread Plain,g,56,1,139,4,20,5,,,0.3,0.2,2.1,0.4,0.1,,19.6,,2,0.1,,3.2,0.6,0.5,,1,77.3,,1.8,,,,11.2,0.2,,,,,,,,71.7,63.8,8.9,314.2,,1,,,,,,0,,,0.8,3.2,26,0.7
2025-10-07,7:00 AM,Spinach Cooked Boiled Drained With Salt,cup,0.5,180,21,0,3,3,,,0.1,0.2,0.4,0.1,0.2,,122.4,,18,0.2,0,0,0.1,0,,2.2,131.4,0.1,3.2,0.1,0.2,0.2,78.3,0.8,0,,,,,,0.1,50.4,419.4,1.4,275.4,,0.4,,0.1,0,0.1,0.2,471.6,8.8,,1.9,444.6,82,0.7
2025-10-07,11:59 AM,"Wild Berry Gummi Candy, Wild Berry",serving,0.3,100,100,0,24,2,,,,,,,,,,,,,,,,,,,,,,,,,,,,,,,,,,,,,,,13,,,,,,,,,,,,
2025-10-07,1:15 PM,bok choy,cup,1,170,20,0,3,3,,,0.1,0.1,0.7,0.1,0.3,,158.1,,21,0,0,0,0.1,0,,1.7,69.7,0,1.8,0.2,0.2,0.2,18.7,0.2,0,,,,,,0.1,49.3,630.7,0.7,57.8,,1.4,,0.1,0,0.1,0.1,,44.2,,0.2,57.8,162,0.3
2025-10-07,1:15 PM,chicken breast,oz,4,28.35,187,4,0,35,,0.4,0.1,0.1,15.5,1.1,0.7,,17,96,97,0.1,0.5,1.4,0.9,1.1,,,4.5,1.1,1.2,1.9,2.6,3,32.9,0,1,,0,0,,,1.4,258.6,290.3,31.3,83.9,,,,1.5,0.4,1.2,1.7,,,,0.3,0.3,74,1.1
2025-10-07,1:15 PM,cooked white rice,cup,0.5,158,103,0,22,2,,,0.1,0,1.2,0.3,0.1,,7.9,,2,0.1,0,0.1,0.1,0.1,,0.3,45.8,0,0.9,0.1,0.2,0.1,9.5,0.4,0,,,,,,0.1,34,27.6,5.9,0.8,,0,,0.1,0,0.1,0.1,,,,0,,54,0.4
2025-10-07,1:25 PM,Strawberry Lemon Soda,portion,1,354.88,30,0,9,0,,,,,,,,,,,,,,,,,,3,,,,,,,,,,,,,,,,,,,,,5,4,,,,,,,,,,,
2025-10-07,1:37 PM,Healthy Harvest Whole Grain Macaroni,cup,0.5,113.33,200,1,39,8,,,,,,,,,20,,,,,,,0.3,,5.3,,,2,,,,,,,,,,,,,,100,,2.7,,1.3,,,,,,,,,,,,
2025-10-07,7:00 PM,Cod Liver Oil,softgel,1,100,10,1,0,0,,,,,,,,,,,,,,,,,,,,,,,,,,,,,100,70,,,,,,,,,,,,,,,300,,10,,,,
2025-10-07,7:00 PM,Magnesium l-Threonate,capsules,2,0.05,0,0,0,0,,,,,,,,,,,,,,,,,,,,,,,,,72,,,,,,,,,,,,,,,,,,,,,,,,,,
2025-10-07,7:00 PM,Methyl Multi,capsules,2,50,0,0,0,0,,250,10,10,32,100,10,,50,,18,0.5,,,,,,,850,,,,,,50,0.3,,,,,,,,,49.5,50,30,,,,,,,,,125,2.5,67,30,,6.5
2025-10-07,7:00 PM,Raspberry Spread,tbsp,1,18,30,0,8,0,,,,,,,,,,,,,,,,,,,,,,,,,,,,,,,,,,,,,10,,7,,,,,,,14,,,,,
2025-10-07,7:00 PM,Sourdough Bread,g,59,1,160,1,31,6,,,0.4,0.3,2.8,0.3,0.1,,30.7,,5,0.1,0.1,0.2,0.5,0.3,,1.3,72.6,0.1,2.3,0.2,0.4,0.2,18.9,0.3,0.1,0,,,0,0.5,0.3,62,69,16.9,355.2,,2.7,,0.2,0.1,0.1,0.3,,,,0.1,0.4,19,0.6
2025-10-07,7:09 PM,Designer Whey Protein Gourmet Chocolate,scoop,1,31,110,2,6,20,,,1.5,1.7,,10,2,,200,55,,,,,,1,,3,,,,,,,100,,,,,,,,,200,180,,90,,2,,,,,,,,,,,,5.2
2025-10-07,7:09 PM,"Milk, Whole",g,80,1,48,3,4,3,,0.4,0,0.1,0.1,0.3,0,,98.4,10,14,0,0,0.6,0.1,1.5,,,,0.1,,0.1,0.3,0.2,9.6,,0.1,0,,0,0,0.1,0.1,80.8,120,1.5,30.4,,3.7,,0.1,0,0.1,0.2,25.3,,0.8,0,0.2,70,0.3
2025-10-07,8:06 PM,Turkey Ground 93% Lean 7% Fat Raw,g,150,1,225,13,0,28,,1.8,0.1,0.3,8.1,1.5,0.5,,31.5,111,80,0.2,0.3,4.3,3.8,3.3,,,10.5,0.8,1.8,1.3,2.3,2.5,31.5,0,0.8,0.2,0,0,0.2,3.3,1.1,289.5,319.5,28.5,103.5,,,,1.3,0.3,1,1.3,33,,0.6,0.2,,109,3.8
2025-10-08,7:07 AM,Chicken Breast Grilled Boneless Skinless,g,131,1,194,4,0,39,,0.3,0.1,0.3,14.5,1.9,1.3,,7.9,139,141,0,0.4,1.7,0.9,1.3,,,,1.4,0.6,1.9,3.2,3.7,40.6,0,1,0,0,0,0,0.7,1.6,326.2,550.2,55.5,281.6,,,,1.7,0.5,1.4,2,13.1,,,0.4,,87,1.1
2025-10-08,7:07 AM,Sourdough Bread,g,100,1,272,2,52,11,,,0.7,0.4,4.8,0.5,0.1,,52,,8,0.2,0.2,0.4,0.9,0.5,,2.2,123,0.2,3.9,0.4,0.7,0.3,32,0.6,0.2,0.1,,,0.1,0.8,0.5,105,117,28.6,602,,4.6,,0.3,0.1,0.2,0.4,,,,0.2,0.7,33,1
2025-10-08,7:08 AM,"Milk, Whole",g,80,1,48,3,4,3,,0.4,0,0.1,0.1,0.3,0,,98.4,10,14,0,0,0.6,0.1,1.5,,,,0.1,,0.1,0.3,0.2,9.6,,0.1,0,,0,0,0.1,0.1,80.8,120,1.5,30.4,,3.7,,0.1,0,0.1,0.2,25.3,,0.8,0,0.2,70,0.3
2025-10-08,7:08 AM,Raspberry Spread,tbsp,1,18,30,0,8,0,,,,,,,,,,,,,,,,,,,,,,,,,,,,,,,,,,,,,10,,7,,,,,,,14,,,,,
2025-10-08,12:00 PM,U-Haul Peanut Butter Cup,serving,1,100,293,4,36,32,,0.1,0,0.1,0.8,0.4,0.4,,164.2,56,14,0.1,0,0.1,0.1,1.3,0,5.1,24.4,0.1,1.4,0.1,0.1,0.1,33.5,0.3,0,0,,,0,,0.1,40,793.8,1.6,228.3,6.3,18.2,,0.1,0,0,0.1,31.3,10.3,0.2,0.1,0.6,102,0.3
2025-10-08,12:06 PM,"Black Beans, Cooked From Dried",tbsp,2,10.75,28,0,5,2,,,0.1,0,0.1,0.1,0,,5.8,,7,0,0,0,0,0,,1.9,32,0.1,0.5,0.1,0.2,0.1,15.1,0.1,0,0,,,0,0,0.1,30.1,76.3,0.3,0.2,,0.1,,0.1,0,0.1,0.1,0.2,,,0.2,0.7,14,0.2
2025-10-08,12:06 PM,Corn Sweet Yellow Raw,"ear, small (5-1/2 to 6-1/2"" long)""",1,73,63,1,14,2,,,0.1,0,1.3,0.5,0.1,,1.5,,17,0,0,0.3,0.4,0.2,,1.5,30.7,0.1,0.4,0.1,0.3,0.1,27,0.1,0,0,,,0,0.3,0.1,65,197.1,0.4,10.9,,4.6,,0.1,0,0.1,0.1,6.6,5,,0.1,0.2,55,0.3
2025-10-08,12:06 PM,Romaine Lettuce,cup shredded,1,47,8,0,2,1,,,0,0,0.1,0.1,0,,15.5,,5,0,,0,0.1,0,,1,63.9,,0.5,,,,6.6,0.1,,,,,,,,14.1,116.1,0.2,3.8,,0.6,,,,,,,1.9,,0.1,48.2,,0.1
2025-10-08,12:06 PM,Sirloin Steak From Restaurant,oz,3,28.35,166,7,0,25,,2.2,0.1,0.3,4.8,0.5,0.6,,8.5,74,,0.1,0.3,3.1,0.6,2.7,,,,0.9,2.2,1.3,2.2,2.2,23,0,0.7,0,0,0,0,0.4,1.1,195.6,322.3,24.7,288.3,,0.5,,1.2,0.3,0.9,1.6,6.8,,,0.5,,51,4.6
2025-10-08,12:06 PM,"Spinach, Raw",cup,1,30,7,0,1,1,,,0,0.1,0.2,0,0.1,,20.1,,6,0,0,0,0.1,0,,0.5,33.9,0,0.3,0,0.1,0.1,27.9,0.1,0,0.1,,,0.1,,0,12.3,138,,32.1,,0.1,,0,0,0,0,91.9,9.1,,0.6,144.9,28,0.1
2025-10-08,12:07 PM,Chia Seeds,tbsp,1,10,49,3,4,2,,,0,0,0.6,0.1,0.1,,63.1,,7,0.1,0,0.2,2.4,0.4,,3.4,4.9,0.1,1.6,0.1,0.1,0.1,39,0.3,0.1,1.8,,,1.8,0.6,0.1,86,40.7,5.5,1.6,,0.1,,0.1,0,0.1,0.1,0.2,0.2,,0.1,70.9,1,0.5
2025-10-08,3:00 PM,"Wild Berry Gummi Candy, Wild Berry",serving,0.3,100,100,0,24,2,,,,,,,,,,,,,,,,,,,,,,,,,,,,,,,,,,,,,,,13,,,,,,,,,,,,
2025-10-08,5:19 PM,Spinach Tortellini With Ricotta Mozzarella and Parmesan Cheese,cup,1,100,260,5,43,11,,,,,,,,,122,25,,,,,,2.5,,4,,,2,,,,,,,,,,,,,,269,,230,,1,,,,,,,,,,,,
2025-10-08,5:19 PM,Turkey Ground 93% Lean 7% Fat Raw,g,220,1,330,18,0,41,,2.6,0.1,0.4,11.9,2.2,0.8,,46.2,163,117,0.2,0.4,6.2,5.6,4.8,,,15.4,1.2,2.6,1.8,3.4,3.7,46.2,0,1.2,0.3,0,0,0.3,4.8,1.6,424.6,468.6,41.8,151.8,,,,1.9,0.5,1.5,1.9,48.4,,0.9,0.2,,160,5.6
2025-10-08,6:31 PM,Sourdough Bread,g,50,1,136,1,26,5,,,0.4,0.2,2.4,0.2,0.1,,26,,4,0.1,0.1,0.2,0.4,0.3,,1.1,61.5,0.1,2,0.2,0.3,0.1,16,0.3,0.1,0,,,0,0.4,0.2,52.5,58.5,14.3,301,,2.3,,0.1,0.1,0.1,0.2,,,,0.1,0.4,17,0.5
2025-10-08,9:00 PM,Cod Liver Oil,softgel,1,100,10,1,0,0,,,,,,,,,,,,,,,,,,,,,,,,,,,,,100,70,,,,,,,,,,,,,,,300,,10,,,,
2025-10-08,9:00 PM,Magnesium l-Threonate,capsules,4,0.05,0,0,0,0,,,,,,,,,,,,,,,,,,,,,,,,,144,,,,,,,,,,,,,,,,,,,,,,,,,,
2025-10-08,9:00 PM,Methyl Multi,capsules,2,50,0,0,0,0,,250,10,10,32,100,10,,50,,18,0.5,,,,,,,850,,,,,,50,0.3,,,,,,,,,49.5,50,30,,,,,,,,,125,2.5,67,30,,6.5
2025-10-09,7:43 AM,Cinnamon Roll Cereal,serving,1,37,140,7,15,12,,,,,,,,,35,10,,,,,,1.5,,1,,,2,,,,,,,,,,,,,,,,150,,,,,,,,,,,,,,
2025-10-09,7:43 AM,Sourdough Bread,g,48,1,131,1,25,5,,,0.3,0.2,2.3,0.2,0.1,,25,,4,0.1,0.1,0.2,0.4,0.3,,1.1,59,0.1,1.9,0.2,0.3,0.1,15.4,0.3,0.1,0,,,0,0.4,0.2,50.4,56.2,13.7,289,,2.2,,0.1,0.1,0.1,0.2,,,,0.1,0.3,16,0.5
2025-10-09,12:00 PM,Chocolate Small Bars,bar,2,13,141,9,13,2,,,,,,,,,,,,,,,,5.6,,,,,,,,,,,,,,,,,,,,,400,,13.4,,,,,,,,,,,,
2025-10-09,12:08 PM,Chicken Breast Grilled Boneless Skinless,oz,4,28.33,168,4,0,33,,0.2,0.1,0.3,12.6,1.7,1.1,,6.8,120,122,0,0.4,1.5,0.8,1.1,,,,1.2,0.5,1.6,2.8,3.2,35.1,0,0.9,0,0,0,0,0.6,1.3,282.2,476,48.1,243.7,,,,1.5,0.4,1.2,1.7,11.3,,,0.4,,75,0.9
2025-10-09,12:08 PM,Penne Pasta Whole Wheat Dry Uncooked,cup,1,95,334,3,70,13,,,0.4,0.2,8.2,0.9,0.3,,30,,,0.5,,0.3,1.1,0.4,,8.7,64,,3.4,,,,124,2.8,,0.1,,,0.1,1,,330,412,74,6,,2.6,,,,,,,,,0.4,2,,2.9
2025-10-09,12:09 PM,"Mushrooms, Raw, High in Vitamin D",large,1,23,6,0,1,1,,0,0,0.1,0.9,0.3,0,,1.1,,4,0.1,0,,0,0,,0.4,8.1,0,0.1,0,0,0,2.3,0,0,,,,,0,0,21.4,85.8,4.6,1.4,,0.5,,0,0,0,0.1,,0.5,6,0,,21,0.1
2025-10-09,12:09 PM,"Onion, White, Yellow or Red, Raw",large,0.1,150,6,0,1,0,,,0,0,0,0,0,,3.5,,1,0,0,0,0,0,,0.2,2.9,0,0,0,0,0,1.5,0,0,0,,,0,,0,4.4,21.9,0.1,0.6,,0.6,,0,0,0,0,0,1.1,,0,0.1,13,0
2025-10-09,12:09 PM,"Red Bell Peppers, Raw","large - 3 diameter x 3 3/4""""",1,164,44,0,11,1,,,0.1,0.2,1.7,0.5,0.5,,9.8,,9,0.1,0,0,0.1,0,,1.9,77.1,0,0.6,0,0.1,0.1,18,0.2,0,0,,,0,,0.1,44.3,349.3,,,,6.9,,0.1,0,0,0,256.8,232.4,,2.6,8,151,0.3
2025-10-09,12:10 PM,U-Haul Peanut Butter Cup,serving,1,100,293,4,36,32,,0.1,0,0.1,0.8,0.4,0.4,,164.2,56,14,0.1,0,0.1,0.1,1.3,0,5.1,24.4,0.1,1.4,0.1,0.1,0.1,33.5,0.3,0,0,,,0,,0.1,40,793.8,1.6,228.3,6.3,18.2,,0.1,0,0,0.1,31.3,10.3,0.2,0.1,0.6,102,0.3
2025-10-09,12:11 PM,Avocado Oil,tbsp,0.75,13.63,90,10,0,0,,,,,,,,,,,0,,,7.2,1.4,1.2,,,,,,,,,,,,0.1,,,0.1,1.3,,,,,,,,,,,,,,,,1.3,9.3,,
2025-10-09,6:05 PM,empanada,small empanada,1,81,271,15,25,9,,0.6,0.2,0.2,3.8,0.4,0.1,,16.2,21,25,0.1,0.1,5.8,3.5,4.2,0.6,1.6,36.5,0.3,2.2,0.4,0.7,0.5,17,0.2,0.2,0.2,0,0,,,0.4,83.4,153.9,20.1,356.4,21.2,1.5,,0.3,0.1,0.2,0.4,,0.6,,0.6,4.9,30,1.5
2025-10-09,6:05 PM,meatballs,medium meatballs,2,28.35,162,13,5,8,,0.6,0.1,0.1,1.8,0.5,0.1,,45.4,37,26,0.1,,5.2,1.9,4.3,0.3,1.3,20.4,,1,,,,17.6,0.2,,0.1,0,0,,,,135.5,167.8,8.7,377.6,1.3,2,,,,,,,,,0.2,4.6,30,0.9
2025-10-09,6:05 PM,shrimp,shrimp,2,5,12,0,0,2,,0.2,0,0,0.3,0.1,0,,9.1,21,14,0,0,0,0.1,0.1,,,2.4,0.1,0,0.1,0.2,0.2,3.7,0,0.1,,0,0,,,0.1,30.6,17,5,94.7,,,,0.1,0,0.1,0.1,,,,0.2,0,7,0.2
2025-10-09,7:22 PM,Raspberry Panna Cotta,cup,0.25,150,69,3,9,1,,,,,,,,,,,,,,,,2.3,,,,,,,,,,,,,,,,,,,,,16.2,,7,,,,,,,,,,,,
2025-10-09,8:00 PM,Cod Liver Oil,softgel,1,100,10,1,0,0,,,,,,,,,,,,,,,,,,,,,,,,,,,,,100,70,,,,,,,,,,,,,,,300,,10,,,,
2025-10-09,8:00 PM,Magnesium l-Threonate,capsules,4,0.05,0,0,0,0,,,,,,,,,,,,,,,,,,,,,,,,,144,,,,,,,,,,,,,,,,,,,,,,,,,,
2025-10-09,8:00 PM,Methyl Multi,capsules,2,50,0,0,0,0,,250,10,10,32,100,10,,50,,18,0.5,,,,,,,850,,,,,,50,0.3,,,,,,,,,49.5,50,30,,,,,,,,,125,2.5,67,30,,6.5
2025-10-10,6:00 AM,Cream Cheese,g,18,1,58,6,1,1,,,,,,,,,1.3,19,,,,,,3.9,,,,,,,,,,,,,,,,,,,,,61.1,,0.6,,,,,,,,,,,,
2025-10-10,6:00 AM,Whole Wheat English Muffins,muffin,1,57,130,1,23,5,,,,,,,,,10,,,,,,,,,4,,,0.9,,,,,,,,,,,,,,120.3,,70.1,,3,3.5,,,,,,,,,,,
2025-10-10,6:00 AM,Wild Blueberry Organic,g,15,1,25,0,7,0,,,,,,,,,,,,,,,,,,,,,,,,,,,,,,,,,,,,,,,5.8,5.8,,,,,,11.7,,,,,
2025-10-10,7:00 AM,"Eggs, Cooked",large,2,50,155,11,1,13,,1.1,0.1,0.5,0.1,1.4,0.1,,50,373,294,0,0.3,4.1,1.4,3.3,,,44,0.3,1.2,0.7,1.1,0.9,10,0,0.4,0,0,0,0.1,1.3,0.7,172,126,30.8,124,,1.1,,0.6,0.2,0.5,0.8,149.3,,2.2,1,0.3,75,1.1
2025-10-10,8:00 AM,Chocolate Cake Pop,serving,1,38,140,7,21,2,,,,,,,,,,10,,,,,,4,,1,,,1.1,,,,,,,,,,,,,,,,75,,4,,,,,,,,,,,,
2025-10-10,1:00 PM,"Spinach, Raw",cup,0.25,30,2,0,0,0,,,0,0,0,0,0,,5,,1,0,0,0,0,0,,0.1,8.5,0,0.1,0,0,0,7,0,0,0,,,0,,0,3.1,34.5,,8,,0,,0,0,0,0,23,2.3,,0.1,36.2,7,0
2025-10-10,1:21 PM,Ground Turkey and Rice Bowl,bowl,1,100,552,19,45,53,,2.3,0.4,0.5,17.5,3.3,1.5,,127.6,158,184,0.4,0.6,6,5.3,4.7,,6.6,159.5,1.5,4.8,2.4,4.3,4.5,94,0.8,1.5,0.4,0,0,0.4,4.3,2.1,571.8,1062.8,62.7,232.6,,4.9,,2.5,0.6,1.8,2.5,969.9,68.5,0.3,3.3,154.7,353,6.4
2025-10-10,2:00 PM,"Milk, Whole",g,80,1,48,3,4,3,,0.4,0,0.1,0.1,0.3,0,,98.4,10,14,0,0,0.6,0.1,1.5,,,,0.1,,0.1,0.3,0.2,9.6,,0.1,0,,0,0,0.1,0.1,80.8,120,1.5,30.4,,3.7,,0.1,0,0.1,0.2,25.3,,0.8,0,0.2,70,0.3
2025-10-10,4:11 PM,Focaccia Italian Flatbread Plain,g,54,1,134,4,19,5,,,0.3,0.2,2,0.3,0.1,,18.9,,2,0,,3.1,0.5,0.5,,1,74.5,,1.7,,,,10.8,0.2,,,,,,,,69.1,61.6,8.6,302.9,,0.9,,,,,,0,,,0.8,3.1,25,0.7
2025-10-10,7:57 PM,Ground Turkey and Rice Bowl,bowl,0.5,100,276,9,23,26,,1.1,0.2,0.3,8.7,1.6,0.8,,63.8,79,92,0.2,0.3,3,2.6,2.4,,3.3,79.8,0.8,2.4,1.2,2.1,2.3,47,0.4,0.7,0.2,0,0,0.2,2.2,1.1,285.9,531.4,31.3,116.3,,2.4,,1.2,0.3,0.9,1.3,484.9,34.3,0.2,1.6,77.3,177,3.2
2025-10-10,8:00 PM,Cod Liver Oil,softgel,1,100,10,1,0,0,,,,,,,,,,,,,,,,,,,,,,,,,,,,,100,70,,,,,,,,,,,,,,,300,,10,,,,
2025-10-10,8:00 PM,Creatine Ethyl Ester (Hcl),serving,1,3,10,0,0,2,,,,,,,,,,,,,,,,,,,,,,,,,,,,,,,,,,,,,,,,,,,,,,,,,,,
2025-10-10,8:00 PM,Magnesium l-Threonate,capsules,4,0.05,0,0,0,0,,,,,,,,,,,,,,,,,,,,,,,,,144,,,,,,,,,,,,,,,,,,,,,,,,,,
2025-10-10,8:00 PM,Methyl Multi,capsules,2,50,0,0,0,0,,250,10,10,32,100,10,,50,,18,0.5,,,,,,,850,,,,,,50,0.3,,,,,,,,,49.5,50,30,,,,,,,,,125,2.5,67,30,,6.5
2025-10-10,9:40 PM,Designer Whey Protein Gourmet Chocolate,scoop,1,31,110,2,6,20,,,1.5,1.7,,10,2,,200,55,,,,,,1,,3,,,,,,,100,,,,,,,,,200,180,,90,,2,,,,,,,,,,,,5.2
2025-10-10,9:40 PM,"Milk, Whole",g,170,1,102,5,8,6,,0.9,0.1,0.2,0.2,0.6,0.1,,209.1,20,30,0,0,1.2,0.2,3.2,,,,0.2,,0.3,0.6,0.5,20.4,,0.2,0,,0,0,0.2,0.3,171.7,255,3.2,64.6,,7.9,,0.3,0.1,0.3,0.4,53.7,,1.6,0.1,0.5,150,0.7
2025-10-11,7:54 AM,Cinnamon Roll Cereal,serving,1,37,140,7,15,12,,,,,,,,,35,10,,,,,,1.5,,1,,,2,,,,,,,,,,,,,,,,150,,,,,,,,,,,,,,
2025-10-11,7:54 AM,Cream Cheese,g,12,1,39,4,1,0,,,,,,,,,0.9,13,,,,,,2.6,,,,,,,,,,,,,,,,,,,,,40.7,,0.4,,,,,,,,,,,,
2025-10-11,7:54 AM,"Milk, Whole",g,80,1,48,3,4,3,,0.4,0,0.1,0.1,0.3,0,,98.4,10,14,0,0,0.6,0.1,1.5,,,,0.1,,0.1,0.3,0.2,9.6,,0.1,0,,0,0,0.1,0.1,80.8,120,1.5,30.4,,3.7,,0.1,0,0.1,0.2,25.3,,0.8,0,0.2,70,0.3
2025-10-11,7:54 AM,Raspberry Spread,g,12,1,20,0,5,0,,,,,,,,,,,,,,,,,,,,,,,,,,,,,,,,,,,,,6.7,,4.7,,,,,,,9.3,,,,,
2025-10-11,7:54 AM,Whole Wheat English Muffins,muffin,1,57,130,1,23,5,,,,,,,,,10,,,,,,,,,4,,,0.9,,,,,,,,,,,,,,120.3,,70.1,,3,3.5,,,,,,,,,,,
2025-10-11,10:29 AM,Chicken Breast Grilled Boneless Skinless,g,174,1,258,6,0,51,,0.3,0.1,0.4,19.3,2.6,1.7,,10.4,184,188,0.1,0.5,2.3,1.2,1.8,,,,1.9,0.7,2.5,4.2,4.9,53.9,0,1.3,0,0,0,0.1,1,2.1,433.3,730.8,73.8,374.1,,,,2.3,0.6,1.8,2.7,17.4,,,0.6,,116,1.4
2025-10-11,10:33 AM,Power Cakes Flapjack & Waffle Mix,g,63,1,226,2,36,17,,,,,,,,,249.6,12,,,,,,,,5.9,,,2,,,,,,,,,,,,,,214,,451.7,,3.6,,,,,,,,,,,,
2025-10-11,4:26 PM,"Gelato, Vanilla or Other Flavors",oz,4.5,28.35,308,14,41,6,,0.7,0.1,0.3,0.2,0.8,0.1,,194.3,90,70,0,0.1,3,0.6,8.1,,0.5,10.5,0.2,0.4,0.3,0.6,0.5,18.7,0,0.2,0,0,0,0,0.5,0.3,164.2,281.1,8.1,199.1,,32.8,26.4,0.3,0.1,0.3,0.4,92.5,0.5,0.8,0.3,0.9,65,0.7
2025-10-11,5:00 PM,"Red Wine, Other Types",oz,3,28.35,72,0,2,0,9,,0,0,0.2,0,0,,6.8,,5,0,,,,,,,0.9,,0.4,,,,10.2,0.1,,,,,,,,19.6,108,0.2,3.4,,0,,,,,,0.1,,,,0.3,74,0.1
2025-10-11,6:00 PM,Pepperonipalooza Speciality Pizza Thin Crust Small,slice,2,100,540,28,48,20,,,,,,,,,,60,,,,3,5,12,,,,,,,,,,,,,,,,,,,180,,1160,,6,,,,,,,,,,,,
2025-10-11,8:00 PM,Cod Liver Oil,softgel,1,100,10,1,0,0,,,,,,,,,,,,,,,,,,,,,,,,,,,,,100,70,,,,,,,,,,,,,,,300,,10,,,,
2025-10-11,8:00 PM,Creatine Ethyl Ester (Hcl),serving,1,3,10,0,0,2,,,,,,,,,,,,,,,,,,,,,,,,,,,,,,,,,,,,,,,,,,,,,,,,,,,
2025-10-11,8:00 PM,Magnesium l-Threonate,capsules,4,0.05,0,0,0,0,,,,,,,,,,,,,,,,,,,,,,,,,144,,,,,,,,,,,,,,,,,,,,,,,,,,
2025-10-11,8:00 PM,Methyl Multi,capsules,2,50,0,0,0,0,,250,10,10,32,100,10,,50,,18,0.5,,,,,,,850,,,,,,50,0.3,,,,,,,,,49.5,50,30,,,,,,,,,125,2.5,67,30,,6.5
2025-10-12,8:51 AM,Chicken Breast Grilled Boneless Skinless,g,87,1,129,3,0,26,,0.2,0.1,0.2,9.7,1.3,0.9,,5.2,92,94,0,0.3,1.1,0.6,0.9,,,,1,0.4,1.3,2.1,2.5,27,0,0.7,0,0,0,0,0.5,1,216.6,365.4,36.9,187,,,,1.1,0.3,0.9,1.3,8.7,,,0.3,,58,0.7
2025-10-12,8:52 AM,Cream Cheese,g,12,1,39,4,1,0,,,,,,,,,0.9,13,,,,,,2.6,,,,,,,,,,,,,,,,,,,,,40.7,,0.4,,,,,,,,,,,,
2025-10-12,8:52 AM,Raspberry Spread,g,12,1,20,0,5,0,,,,,,,,,,,,,,,,,,,,,,,,,,,,,,,,,,,,,6.7,,4.7,,,,,,,9.3,,,,,
2025-10-12,8:52 AM,Whole Wheat English Muffins,muffin,1,57,130,1,23,5,,,,,,,,,10,,,,,,,,,4,,,0.9,,,,,,,,,,,,,,120.3,,70.1,,3,3.5,,,,,,,,,,,
2025-10-12,8:58 AM,Chocolate Small Bars,bar,1,13,71,4,7,1,,,,,,,,,,,,,,,,2.8,,,,,,,,,,,,,,,,,,,,,200,,6.7,,,,,,,,,,,,
2025-10-12,8:58 AM,Focaccia Italian Flatbread Plain,g,54,1,134,4,19,5,,,0.3,0.2,2,0.3,0.1,,18.9,,2,0,,3.1,0.5,0.5,,1,74.5,,1.7,,,,10.8,0.2,,,,,,,,69.1,61.6,8.6,302.9,,0.9,,,,,,0,,,0.8,3.1,25,0.7
2025-10-12,12:00 PM,broccoli,cup,1,156,55,1,11,4,,,0.1,0.2,0.9,1,0.3,,62.4,,63,0.1,0,0.1,0.3,0.1,,5.1,168.5,0.1,1,0.1,0.2,0.2,32.8,0.3,0.1,,,,,,0.2,104.5,457.1,2.5,64,,2.2,,0.1,0.1,0.1,0.2,,101.2,,2.3,220.1,139,0.7
2025-10-12,12:00 PM,carrots,cup,1,156,55,0,13,1,,,0.1,0.1,1,0.4,0.2,,46.8,,14,0,0.1,0,0.1,0,,4.7,21.8,0.1,0.5,0.1,0.1,0.1,15.6,0.2,0,,,,,,0.1,46.8,366.6,1.1,90.5,0.3,5.4,,0.2,0,0.1,0.1,,5.6,,1.6,21.4,141,0.3
2025-10-12,12:00 PM,egg,large,1,50,72,5,0,6,,0.4,0,0.2,0,0.8,0.1,,28,186,147,0,0.1,1.8,1,1.6,0,,23.5,0.2,0.9,0.3,0.5,0.5,6,0,0.2,0,0,,,,0.3,99,69,15.3,71,,0.2,,0.3,0.1,0.2,0.4,,,,0.5,0.1,38,0.6
2025-10-12,12:00 PM,ground turkey lean,g,150,1,320,17,0,41,,2.9,0.1,0.4,12.1,2.1,0.7,,46.5,156,118,0.2,0.4,5.8,5.3,4.4,0.2,,10.5,1.2,2.3,1.8,3.4,3.6,43.5,0,1.2,0.3,0,0,,,1.6,388.5,456,42.6,135,,,,1.9,0.5,1.4,1.9,,,,0.3,,92,5.7
2025-10-12,12:00 PM,rice,g,100,1,130,0,28,3,,,0,0,0.4,0.4,0.1,,10,,2,0.1,0.1,0.1,0.1,0.1,,0.4,3,0.1,0.2,0.1,0.2,0.1,12,0.5,0.1,,,,,,0.1,43,35,7.5,1,,0.1,,0.1,0,0.1,0.2,,,,0,,68,0.5
2025-10-12,1:00 PM,Chocolate Small Bars,bar,1,13,71,4,7,1,,,,,,,,,,,,,,,,2.8,,,,,,,,,,,,,,,,,,,,,200,,6.7,,,,,,,,,,,,
2025-10-12,1:00 PM,Sourdough Bread,g,48,1,131,1,25,5,,,0.3,0.2,2.3,0.2,0.1,,25,,4,0.1,0.1,0.2,0.4,0.3,,1.1,59,0.1,1.9,0.2,0.3,0.1,15.4,0.3,0.1,0,,,0,0.4,0.2,50.4,56.2,13.7,289,,2.2,,0.1,0.1,0.1,0.2,,,,0.1,0.3,16,0.5
2025-10-12,6:00 PM,Juantonio's,chips,13,2.15,150,10,16,1,,,,,,,,,,,,,,,,1,,2,,,0.5,,,,,,,,,,,,,,,,160,,,,,,,,,,,,,,
2025-10-12,6:07 PM,tortillas,"tortilla (approx 7-8 dia)""",1,49,159,3,27,4,,,0.3,0.1,1.8,0.3,0,,19.1,,,0.1,0.1,1.8,0.5,0.9,,1.6,60.3,0.1,1.6,0.2,0.3,0.1,12.7,0.2,0.1,,,,,,0.2,60.8,64.2,11.5,234.2,,,,0.1,0.1,0.1,0.2,,,,,,13,0.3
2025-10-12,6:15 PM,cooked shrimp,g,100,1,119,2,2,23,,1.7,0,0,2.7,0.5,0.2,,91,211,135,0.3,0.3,0.4,0.6,0.5,,,24,0.5,0.3,1.1,1.9,2.2,37,0,0.7,,0.1,0.1,,,1,306,170,49.5,947,,,,0.9,0.3,0.9,1.1,,,,2.2,0.4,72,1.6
2025-10-12,6:17 PM,ground turkey,g,50,1,129,9,0,13,,0.8,0,0.1,3.9,0.7,0.2,,24.5,53,38,0.1,0.1,3,2.3,2.3,0.1,,3.5,0.4,1,0.6,1,1.1,14,0,0.4,0.1,0,0,,,0.5,131.5,138,18.1,42.5,,,,0.6,0.1,0.4,0.6,,,,0,,28,1.8
2025-10-12,8:31 PM,"Soft Pretzel, Salted",g,30,1,104,1,21,2,,,0.1,0.1,1.3,0.2,0,,6.9,,5,0,0,0.3,0.3,0.2,,0.5,7.2,0.1,1.2,0.1,0.2,0.1,6.3,0.1,0,0,,,0,0.3,0.1,23.7,26.4,5.2,163.5,,0.1,,0.1,0,0.1,0.1,,,,0.2,0.8,5,0.3
2025-10-13,6:00 AM,grilled chicken breast,g,180,1,266,6,0,53,,0.4,0.1,0.4,19.9,2.7,1.8,,10.8,191,194,0.1,0.6,2.4,1.3,1.8,0,,,2,0.8,2.6,4.4,5.1,55.8,0,1.4,0,0,0,,,2.1,448.2,756,76.3,387,,,,2.4,0.7,1.9,2.7,,,,0.6,,120,1.5
2025-10-13,6:00 AM,milk 2%,oz,4,30.5,61,2,6,4,,0.6,0,0.2,0.1,0.4,0,,146.4,10,20,0,0,0.7,0.1,1.5,0.1,,6.1,0.1,0,0.2,0.4,0.3,13.4,0,0.1,0,,,,,0.2,112.2,170.8,3,57.3,,6.2,,0.2,0.1,0.2,0.3,,0.2,,0,0.2,109,0.6
2025-10-13,6:00 AM,soft pretzel,g,20,1,68,1,14,2,,,0.1,0.1,0.9,,0,,4.6,,4,0,,0.2,0.2,0.1,,0.3,4.8,,0.8,,,,4.2,,,,,,,,,15.8,17.6,3.4,109,,0.1,,,,,,,,,0.1,0.5,3,0.2
2025-10-13,11:00 AM,Gummi Bears,piece,6,2.2,42,0,10,1,,,0,0,0,0,0,,1.4,,0,0,,0,0,0,,0,0.2,0,0,0,0,0,0.3,0,0,,,,,0,0,0.4,0.7,0.4,5.2,,7.6,7.4,0,,0,0,0,0.6,,,0,2,0
2025-10-13,11:00 AM,orange,"fruit (2-7/8 dia)""",1,140,69,0,18,1,,,0.1,0.1,0.6,0.4,0.1,,60.2,,12,0.1,0,0,0,0,,3.1,47.6,0,0.2,0,0,0.1,15.4,0,0,,,,,,0,32.2,232.4,,1.4,,11.9,,0,0,0,0,,82.7,,0.2,,120,0.1
2025-10-13,12:03 PM,U-Haul Peanut Butter Cup,serving,1,100,293,4,36,32,,0.1,0,0.1,0.8,0.4,0.4,,164.2,56,14,0.1,0,0.1,0.1,1.3,0,5.1,24.4,0.1,1.4,0.1,0.1,0.1,33.5,0.3,0,0,,,0,,0.1,40,793.8,1.6,228.3,6.3,18.2,,0.1,0,0,0.1,31.3,10.3,0.2,0.1,0.6,102,0.3
2025-10-13,12:04 PM,Gold Standard 100% Whey Protein Powder Double Rich Chocolate,scoop,1,30,120,2,3,24,,,,,,,,,130,55,,,,,,1,,1,,,0.7,,,,,,,,,,,,,,200,,130,,1,,,,,,,,,,,,
2025-10-13,2:00 PM,"Soft Pretzel, Salted",g,48,1,166,1,34,4,,,0.2,0.1,2,0.4,0,,11,,8,0.1,0.1,0.5,0.5,0.3,,0.8,11.5,0.1,1.9,0.1,0.3,0.1,10.1,0.2,0.1,0,,,0,0.4,0.2,37.9,42.2,8.3,261.6,,0.1,,0.1,0,0.1,0.2,,,,0.3,1.3,7,0.5
2025-10-13,6:00 PM,"Restaurant, Mexican, Spanish Rice",g,50,1,93,3,16,2,,0,0.1,0,1.2,0.2,0,,10,,5,0,0,0.8,1.2,0.5,,0.6,25,0,0.6,0.1,0.1,0.1,6.5,0.2,0,0.1,,,0.1,1,0.1,28.5,58,3.7,264,,0.7,,0,0,0.1,0.1,3,0.1,,0.3,6.5,29,0.2
2025-10-13,6:00 PM,Turkey Ground 93% Lean 7% Fat Raw,g,70,1,105,6,0,13,,0.8,0,0.1,3.8,0.7,0.2,,14.7,52,37,0.1,0.1,2,1.8,1.5,,,4.9,0.4,0.8,0.6,1.1,1.2,14.7,0,0.4,0.1,0,0,0.1,1.5,0.5,135.1,149.1,13.3,48.3,,,,0.6,0.1,0.5,0.6,15.4,,0.3,0.1,,51,1.8
2025-10-13,6:51 PM,Juantonio's,chips,13,2.15,150,10,16,1,,,,,,,,,,,,,,,,1,,2,,,0.5,,,,,,,,,,,,,,,,160,,,,,,,,,,,,,,
2025-10-13,6:51 PM,Pinto Beans Boiled With Salt,g,100,1,143,1,26,9,,,0.2,0.1,0.3,0.2,0.2,,46,,,0.2,0.1,0.1,0.2,0.1,,9,172,0.2,2.1,0.4,0.7,0.6,50,0.5,0.1,,,,,,0.5,147,436,6.2,238,,0.3,,0.3,0.1,0.2,0.4,,0.8,,0.9,3.5,63,1
2025-10-13,6:51 PM,"Shrimp, Cooked From Fresh",g,150,1,148,0,0,36,,2.2,0,0,3.6,0.7,0.3,,105,284,183,0.6,0.4,0.1,0.1,0.1,,,33,0.8,0.8,1.7,3.1,3.4,58.5,0,1,0,0,0,0,0,1.6,355.5,388.5,67,166.5,,,,1.4,0.4,1.4,1.7,22.5,,0,0.6,0.1,111,2.5
2025-10-13,10:00 PM,"Milk, Whole",g,80,1,48,3,4,3,,0.4,0,0.1,0.1,0.3,0,,98.4,10,14,0,0,0.6,0.1,1.5,,,,0.1,,0.1,0.3,0.2,9.6,,0.1,0,,0,0,0.1,0.1,80.8,120,1.5,30.4,,3.7,,0.1,0,0.1,0.2,25.3,,0.8,0,0.2,70,0.3
2025-10-13,10:00 PM,Old Country Style Muesli,serving,1,35,140,3,23,4,,,,,,,,,14,,,,,,,,,4,,,1,,,,,,,,,,,,,,194.9,,,,5,,,,,,,,,,,,
2025-10-14,7:30 AM,eggs,large,3,50,215,14,1,19,,1.3,0.1,0.7,0.1,2.3,0.3,,84,558,441,0.1,0.4,5.5,2.9,4.7,0,,70.5,0.5,2.6,1,1.6,1.4,18,0,0.6,0.1,0.1,,,,1,297,207,46,213,,0.6,,0.8,0.3,0.7,1.3,,,,1.6,0.4,114,1.9
2025-10-14,7:30 AM,foccacia,g,52,1,129,4,19,5,,,0.2,0.2,1.9,0.3,0.1,,18.2,,2,0,,2.9,0.5,0.5,,0.9,71.8,,1.6,,,,10.4,0.2,,,,,,,,66.6,59.3,8.3,291.7,,0.9,,,,,,,,,0.7,3,24,0.7
2025-10-14,7:30 AM,milk 1,oz,4,30.5,51,1,6,4,,0.6,0,0.2,0.1,0.4,0,,152.5,6,22,0,0,0.3,0,0.8,,,6.1,0.1,0,0.2,0.4,0.3,13.4,0,0.1,0,,,,,0.2,115.9,183,4,53.7,,6.3,,0.2,0.1,0.2,0.3,,,,0,0.1,110,0.5
2025-10-14,7:30 AM,spinach,cup,1,180,41,0,7,5,,,0.2,0.4,0.9,0.3,0.4,,244.8,,35,0.3,0.1,0,0.2,0.1,,4.3,262.8,0.1,6.4,0.3,0.4,0.3,156.6,1.7,0.1,,,,,,0.2,100.8,838.8,2.7,126,,0.8,,0.2,0.1,0.2,0.3,,17.6,,3.7,888.5,164,1.4
2025-10-14,7:31 AM,Triple Chocolate Creme Cake,g,42,1,152,8,19,2,,,,,,,,,16.3,24,,,,,,3.7,,0.5,,,0.5,,,,,,,,,,,,,,58.3,,152.3,,13.7,,,,,,,,,,,,
2025-10-14,7:57 AM,Chocolate Small Bars,bar,2,13,141,9,13,2,,,,,,,,,,,,,,,,5.6,,,,,,,,,,,,,,,,,,,,,400,,13.4,,,,,,,,,,,,
2025-10-14,11:07 AM,U-Haul Peanut Butter Cup,serving,1,100,293,4,36,32,,0.1,0,0.1,0.8,0.4,0.4,,164.2,56,14,0.1,0,0.1,0.1,1.3,0,5.1,24.4,0.1,1.4,0.1,0.1,0.1,33.5,0.3,0,0,,,0,,0.1,40,793.8,1.6,228.3,6.3,18.2,,0.1,0,0,0.1,31.3,10.3,0.2,0.1,0.6,102,0.3
2025-10-14,1:50 PM,"American Cheese, Processed",slice - each 3/4 OZ,0.5,21.26,39,3,1,2,,0.2,0,0,0,0,0,,111.1,11,2,0,0,0.9,0.1,1.9,,,0.9,0.1,0.1,0.1,0.2,0.2,2.8,0,0.1,0,0,0,0,0.1,0.1,68.1,14,2.1,177.6,,0.2,,0.1,0,0.1,0.1,33.7,,0.8,0.1,0.4,4,0.3
2025-10-14,1:50 PM,Bread Mixed-Grain Toasted Includes Whole-Grain 7-Grain,slice,1,24,69,1,11,3,,,0.1,0,1.1,0.1,0.1,,26.6,,7,0.1,0,0.2,0.5,0.2,,1.9,16.8,0.1,0.7,0.1,0.1,0.1,20.4,0.5,0,,,,,,0.1,59.3,60,8.6,99.4,,1.7,,0.1,0,0.1,0.1,,0,,0.1,0.4,8,0.4
2025-10-14,1:50 PM,Bread Mixed-Grain Toasted Includes Whole-Grain 7-Grain,slice,1,24,69,1,11,3,,,0.1,0,1.1,0.1,0.1,,26.6,,7,0.1,0,0.2,0.5,0.2,,1.9,16.8,0.1,0.7,0.1,0.1,0.1,20.4,0.5,0,,,,,,0.1,59.3,60,8.6,99.4,,1.7,,0.1,0,0.1,0.1,,0,,0.1,0.4,8,0.4
2025-10-14,1:50 PM,Turkey Breast Low Salt Prepackaged or Deli Meat,slice,3,28,92,1,3,18,,0.1,0.1,0.3,0.1,0.1,0.1,,6.7,37,56,0,0.1,0.2,0.2,0.2,,0.4,3.4,0.4,0.5,0.7,1.1,1.4,17.6,0,0.4,,0,,,,0.6,136.1,177.2,19.2,648.5,,2.9,,0.6,0.2,0.6,0.8,8.4,4.8,0.1,0.1,,60,1.1
2025-10-14,7:50 PM,Pappardelle Pasta,serving,1,56.7,210,1,43,8,,,,,,,,,,,,,,,,,,2,,,,,,,,,,,,,,,,,,,5,,,,,,,,,,,,,,
2025-10-14,7:50 PM,Turkey Ground 93% Lean 7% Fat Raw,g,150,1,225,13,0,28,,1.8,0.1,0.3,8.1,1.5,0.5,,31.5,111,80,0.2,0.3,4.3,3.8,3.3,,,10.5,0.8,1.8,1.3,2.3,2.5,31.5,0,0.8,0.2,0,0,0.2,3.3,1.1,289.5,319.5,28.5,103.5,,,,1.3,0.3,1,1.3,33,,0.6,0.2,,109,3.8
2025-10-14,8:00 PM,Cod Liver Oil,softgel,1,100,10,1,0,0,,,,,,,,,,,,,,,,,,,,,,,,,,,,,100,70,,,,,,,,,,,,,,,300,,10,,,,
2025-10-14,8:00 PM,Creatine Ethyl Ester (Hcl),serving,1,3,10,0,0,2,,,,,,,,,,,,,,,,,,,,,,,,,,,,,,,,,,,,,,,,,,,,,,,,,,,
2025-10-14,8:00 PM,Magnesium l-Threonate,capsules,4,0.05,0,0,0,0,,,,,,,,,,,,,,,,,,,,,,,,,144,,,,,,,,,,,,,,,,,,,,,,,,,,
2025-10-14,8:00 PM,Methyl Multi,capsules,2,50,0,0,0,0,,250,10,10,32,100,10,,50,,18,0.5,,,,,,,850,,,,,,50,0.3,,,,,,,,,49.5,50,30,,,,,,,,,125,2.5,67,30,,6.5
2025-10-15,8:00 AM,grilled chicken breast,g,80,1,118,3,0,24,,0.2,0.1,0.2,8.9,1.2,0.8,,4.8,85,86,0,0.2,1.1,0.6,0.8,0,,,0.9,0.3,1.2,2,2.3,24.8,0,0.6,0,0,0,,,1,199.2,336,33.9,172,,,,1.1,0.3,0.8,1.2,,,,0.3,,53,0.7
2025-10-15,11:00 AM,brown rice,cup,0.67,195,146,1,31,3,,,0.1,0,1.7,0.5,0.2,,13.1,,,0.1,0,0.4,0.4,0.2,,2.4,5.2,0.1,0.7,0.1,0.2,0.1,57.5,1.4,0.1,,,,,,0.2,100.6,103.2,,1.3,,,,0.1,0,0.1,0.2,,,,,,95,0.8
2025-10-15,11:00 AM,grilled chicken breast,g,80,1,118,3,0,24,,0.2,0.1,0.2,8.9,1.2,0.8,,4.8,85,86,0,0.2,1.1,0.6,0.8,0,,,0.9,0.3,1.2,2,2.3,24.8,0,0.6,0,0,0,,,1,199.2,336,33.9,172,,,,1.1,0.3,0.8,1.2,,,,0.3,,53,0.7
2025-10-15,11:00 AM,squash,cup,1,180,41,1,7,2,,,0.1,0,0.9,0.6,0.1,,39.6,,14,0.1,0,0,0.2,0.1,,2,41.4,0,0.7,0.1,0.1,0.1,28.8,0.3,0,,,,,,0.1,52.2,318.6,0.4,1.8,,4.5,,0,0,0,0.1,,20.9,,0.2,7.9,170,0.4
2025-10-15,12:43 PM,U-Haul Peanut Butter Cup,serving,1,100,293,4,36,32,,0.1,0,0.1,0.8,0.4,0.4,,164.2,56,14,0.1,0,0.1,0.1,1.3,0,5.1,24.4,0.1,1.4,0.1,0.1,0.1,33.5,0.3,0,0,,,0,,0.1,40,793.8,1.6,228.3,6.3,18.2,,0.1,0,0,0.1,31.3,10.3,0.2,0.1,0.6,102,0.3
2025-10-15,5:35 PM,Upside Dawn Non-Alcoholic Golden,fl oz,12,8.33,45,0,10,1,,,,,,,,,,,,,,,,,,,,,,,,,,,,,,,,,,,,,,,,,,,,,,,,,,,
2025-10-15,6:23 PM,Cod Liver Oil,softgel,1,100,10,1,0,0,,,,,,,,,,,,,,,,,,,,,,,,,,,,,100,70,,,,,,,,,,,,,,,300,,10,,,,
2025-10-15,6:23 PM,Creatine Ethyl Ester (Hcl),serving,1,3,10,0,0,2,,,,,,,,,,,,,,,,,,,,,,,,,,,,,,,,,,,,,,,,,,,,,,,,,,,
2025-10-15,6:23 PM,Magnesium l-Threonate,capsules,4,0.05,0,0,0,0,,,,,,,,,,,,,,,,,,,,,,,,,144,,,,,,,,,,,,,,,,,,,,,,,,,,
2025-10-15,6:23 PM,Methyl Multi,capsules,2,50,0,0,0,0,,250,10,10,32,100,10,,50,,18,0.5,,,,,,,850,,,,,,50,0.3,,,,,,,,,49.5,50,30,,,,,,,,,125,2.5,67,30,,6.5
2025-10-15,7:34 PM,brown rice,oz,2,28.35,64,0,13,1,,,0.1,0,0.8,0.2,0.1,,5.7,,,0,0,0.2,0.2,0.1,,1,2.3,0,0.3,0.1,0.1,0,24.9,0.6,0,,,,,,0.1,43.7,44.8,,0.6,,,,0,0,0,0.1,,,,,,41,0.4
2025-10-15,7:34 PM,carne asada,oz,4,28.35,249,14,0,29,,1.7,0.1,0.1,7.8,0.6,0.6,,22.2,84,112,0.1,0.4,7.2,0.9,4.3,,0,9.7,0.9,1.9,1.3,2.3,2.5,24.7,0,0.8,0,,,,,1.2,223.1,363.1,31.2,151.7,,0,,1.2,0.2,0.9,1.5,,0.5,,1.1,4.7,70,5.2
2025-10-15,7:34 PM,lettuce,cups shredded,2,47,16,0,3,1,,,0.1,0.1,0.3,0.1,0.1,,31,,9,0,0,0,0.2,0,,2,127.8,0,0.9,0,0.1,0.1,13.2,0.1,0,,,,,,0.1,28.2,232.2,0.4,7.5,,1.1,,0,0,0,0.1,,3.8,,0.1,96.3,89,0.2
2025-10-15,7:34 PM,pinto beans,oz,4,28.35,162,1,30,10,,,0.2,0.1,0.4,0.2,0.3,,52.2,,40,0.2,0.1,0.2,0.3,0.2,,10.2,195,0.3,2.4,0.5,0.9,0.7,56.7,0.5,0.1,,,,,,0.6,166.7,494.4,7,1.1,17.2,0.4,,0.4,0.1,0.2,0.6,,0.9,,1.1,4,71,1.1
2025-10-15,8:00 PM,"Milk, Whole",g,57,1,34,2,3,2,,0.3,0,0.1,0.1,0.2,0,,70.1,7,10,0,0,0.4,0.1,1.1,,,,0.1,,0.1,0.2,0.2,6.8,,0.1,0,,0,0,0.1,0.1,57.6,85.5,1.1,21.7,,2.6,,0.1,0,0.1,0.1,18,,0.5,0,0.2,50,0.2
2025-10-15,8:00 PM,Oatmeal Chocolate Chip Cookie,serving,0.3,100,126,5,18,2,,,,,,,,,,9,,,,,,2.1,,0.9,,,,,,,,,,,,,,,,,,,69,,10.2,,,,,,,,,,,,
2025-10-16,6:31 AM,Chicken Breast Grilled Boneless Skinless,g,63,1,93,2,0,19,,0.1,0,0.1,7,0.9,0.6,,3.8,67,68,0,0.2,0.8,0.4,0.6,,,,0.7,0.3,0.9,1.5,1.8,19.5,0,0.5,0,0,0,0,0.4,0.7,156.9,264.6,26.7,135.4,,,,0.8,0.2,0.7,1,6.3,,,0.2,,42,0.5
2025-10-16,6:31 AM,Cinnamon Roll Cereal,serving,1,37,140,7,15,12,,,,,,,,,35,10,,,,,,1.5,,1,,,2,,,,,,,,,,,,,,,,150,,,,,,,,,,,,,,
2025-10-16,6:31 AM,"Milk, Whole",g,70,1,42,2,3,2,,0.4,0,0.1,0.1,0.3,0,,86.1,8,12,0,0,0.5,0.1,1.3,,,,0.1,,0.1,0.2,0.2,8.4,,0.1,0,,0,0,0.1,0.1,70.7,105,1.3,26.6,,3.2,,0.1,0,0.1,0.1,22.1,,0.7,0,0.2,62,0.3
2025-10-16,11:00 AM,broccoli,floret,1,10,4,0,1,0,,,0,0,0.1,0.1,0,,4,,4,0,0,0,0,0,,0.3,10.8,0,0.1,0,0,0,2.1,0,0,,,,,,0,6.7,29.3,0.2,4.1,,0.1,,0,0,0,0,,6.5,,0.1,14.1,9,0
2025-10-16,11:00 AM,cabbage,cups,0.5,150,17,0,4,1,,,0,0,0.2,0.1,0.1,,36,,15,0,0,0,0,,,1.4,22.5,0,0.1,0,0,0,11.3,0.2,0,,,,,,0,24.8,147,0.5,6,,2.1,,0,0,0,0,,28.1,,0.1,81.5,69,0.1
2025-10-16,11:00 AM,carrots,carrot,1,46,16,0,4,0,,,0,0,0.3,0.1,0.1,,13.8,,4,0,0,0,0,0,,1.4,6.4,0,0.2,0,0,0,4.6,0.1,0,,,,,,0,13.8,108.1,0.3,26.7,0.1,1.6,,0.1,0,0,0,,1.7,,0.5,6.3,41,0.1
2025-10-16,11:42 AM,Chicken Breast Grilled Boneless Skinless,oz,7,28.33,294,7,0,59,,0.4,0.2,0.5,22,2.9,2,,11.9,210,214,0.1,0.6,2.6,1.4,2,,,,2.2,0.9,2.9,4.8,5.6,61.5,0,1.5,0,0,0,0.1,1.1,2.4,493.8,833,84.1,426.4,,,,2.6,0.7,2.1,3,19.8,,,0.7,,132,1.6
2025-10-16,11:42 AM,Rice Brown Medium Grain Cooked Without Salt,cup,1,195,218,2,46,5,,,0.2,0,2.6,0.8,0.3,,19.5,,,0.2,0.1,0.6,0.6,0.3,,3.5,7.8,0.1,1,0.2,0.4,0.2,85.8,2.1,0.1,,,,,,0.2,150.2,154.1,,1.9,,,,0.2,0.1,0.2,0.3,,,,,,142,1.2
2025-10-16,11:43 AM,"Orange, Fresh","large - 3 1/16 diameter""",0.5,184,43,0,11,1,,,0.1,0,0.3,0.2,0.1,,36.8,,8,0,0,0,0,0,,2.2,27.6,0,0.1,0,0,0,9.2,0,0,0,,,0,0,0,12.9,166.5,0.5,,,8.6,,0,0,0,0,10.3,48.9,,0.2,,80,0.1
2025-10-16,2:46 PM,Chia Seed Parfait,portion,0.6,234,204,19,17,4,,,,,,,,,48.6,,,,,,,9,,4.8,,,,,,,,,,,,,,,,,0.6,,18,,7.2,,,,,,,,,,,,
2025-10-16,7:00 PM,Coho Salmon Wild Cooked Moist Heat,fillet,0.5,310,285,12,0,42,,6.9,0.2,0.2,12.1,1.3,0.9,,71.3,88,,0.1,0.5,4.2,3.9,2.5,,,13.9,1.2,1.1,2,3.4,3.9,54.3,0,1.3,,1.3,0.8,,,1.7,461.9,705.3,71.6,82.2,,,,1.9,0.5,1.4,2.2,49.6,1.6,,,,101,0.8
2025-10-16,7:00 PM,Kale,cup chopped,1,67,23,1,3,2,,,0.1,0.2,0.8,0.2,0.1,,170.2,,0,0,,0.1,0.5,0.1,,2.7,41.5,,1.1,,,,22.1,0.6,,,,,,,,36.9,233.2,0.6,35.5,,0.7,,,,,,,62.6,,0.4,261,,0.3
2025-10-16,7:00 PM,Kale,cup chopped,1,67,23,1,3,2,,,0.1,0.2,0.8,0.2,0.1,,170.2,,0,0,,0.1,0.5,0.1,,2.7,41.5,,1.1,,,,22.1,0.6,,,,,,,,36.9,233.2,0.6,35.5,,0.7,,,,,,,62.6,,0.4,261,,0.3
2025-10-16,7:00 PM,"Pine Nuts, Pignolias",tbsp,2,8.44,109,10,3,3,,,0.1,0,0.8,0.1,0,,1.5,,9,0.2,0,3.2,5.7,0.8,,0.7,5.7,0.1,0.9,0.1,0.2,0.1,34.8,1.7,0.1,0,,,0,5.6,0.1,91.1,110.5,0.1,,,0.6,,0.1,0,0.1,0.1,0.2,0.1,,1.6,0.5,0,1
2025-10-16,7:56 PM,Homemade Dinner Rolls,roll,0.6,60,114,3,19,3,,0.1,0.1,0.1,1.2,0.2,0,,21.6,13,,0,0.1,1,0.7,0.6,,0.7,32.4,0.1,1.1,0.1,0.2,0.1,6.8,0.1,0.1,,0,,,,0.2,45.4,54.7,8.2,149.4,,,,0.1,0,0.1,0.1,31.3,0.1,,,,10,0.3
2025-10-17,7:22 AM,Chicken Breast Grilled Boneless Skinless,g,76,1,112,3,0,22,,0.2,0.1,0.2,8.4,1.1,0.7,,4.6,81,82,0,0.2,1,0.5,0.8,,,,0.8,0.3,1.1,1.9,2.2,23.6,0,0.6,0,0,0,0,0.4,0.9,189.2,319.2,32.2,163.4,,,,1,0.3,0.8,1.2,7.6,,,0.3,,51,0.6
2025-10-17,7:22 AM,"Milk, Whole",oz,4,28.35,68,4,5,4,,0.6,0.1,0.2,0.1,0.4,0.1,,139.5,14,20,0,0,0.8,0.1,2.1,,,,0.1,,0.2,0.4,0.3,13.6,,0.1,0,,0,0,0.1,0.2,114.5,170.1,2.2,43.1,,5.3,,0.2,0,0.2,0.2,35.8,,1.1,0.1,0.3,100,0.5
2025-10-17,7:51 AM,Oatmeal Chocolate Chip Cookie,serving,0.5,100,210,9,30,3,,,,,,,,,,15,,,,,,3.5,,1.5,,,,,,,,,,,,,,,,,,,115,,17,,,,,,,,,,,,
2025-10-17,10:40 AM,Pappardelle Pasta,serving,1,56.7,210,1,43,8,,,,,,,,,,,,,,,,,,2,,,,,,,,,,,,,,,,,,,5,,,,,,,,,,,,,,
2025-10-17,10:40 AM,Turkey Ground 93% Lean 7% Fat Raw,g,150,1,225,13,0,28,,1.8,0.1,0.3,8.1,1.5,0.5,,31.5,111,80,0.2,0.3,4.3,3.8,3.3,,,10.5,0.8,1.8,1.3,2.3,2.5,31.5,0,0.8,0.2,0,0,0.2,3.3,1.1,289.5,319.5,28.5,103.5,,,,1.3,0.3,1,1.3,33,,0.6,0.2,,109,3.8
2025-10-17,10:41 AM,Carrots Baby Raw,medium,1,10,4,0,1,0,,,0,0,0.1,0,0,,3.2,,1,0,0,0,0,0,,0.3,2.7,0,0.1,0,0,0,1,0,0,,,,,,0,2.8,23.7,0.1,7.8,,0.5,,0,0,0,0,69,0.3,,,0.9,9,0
2025-10-17,12:24 PM,Chinese Restaurant Egg Rolls Without Any Sauce or Dip,piece,1,89,223,11,24,7,,0.4,0.1,0.1,2.4,0.3,0.1,,35.6,14,16,0.1,0.1,2.7,5,1.9,,2.3,,0.2,1.3,0.3,0.5,0.3,16,0.2,0.1,0.6,,,,4.3,0.3,75.7,146.8,,416.5,,,,0.3,0.1,0.2,0.3,,,,,52.4,45,0.6
2025-10-17,3:20 PM,"Cheese Curds, Plain (Non-Breaded or Fried)",each,2,4,24,2,0,2,,0.1,0,0,0,0,0,,55.8,5,1,0,0,0.4,0.1,0.9,,,2.2,0,0,0.1,0.2,0.1,2.2,0,0,0,,0,0,0,0.1,43.8,15,2.2,53.3,,0.2,,0.1,0,0.1,0.1,18.2,,0,0,0.1,4,0.3
2025-10-17,3:20 PM,Gummies,piece,6,2,39,0,10,0,,,,,,,,,,,,,,,,,,,,,,,,,,,,,,,,,,,,,,,7.7,,,,,,,,,,,,
2025-10-17,3:20 PM,Juantonio's,chips,2,2.15,23,2,2,0,,,,,,,,,,,,,,,,0.2,,0.3,,,0.1,,,,,,,,,,,,,,,,24.6,,,,,,,,,,,,,,
2025-10-17,7:56 PM,Chicken Breast Grilled Boneless Skinless,g,150,1,222,5,0,44,,0.3,0.1,0.3,16.6,2.2,1.5,,9,159,162,0.1,0.5,2,1.1,1.5,,,,1.7,0.6,2.2,3.7,4.3,46.5,0,1.2,0,0,0,0,0.8,1.8,373.5,630,63.6,322.5,,,,2,0.6,1.6,2.3,15,,,0.5,,100,1.2
2025-10-17,7:56 PM,Spinach Tortellini With Ricotta Mozzarella and Parmesan Cheese,g,100,1,260,5,43,11,,,,,,,,,122,25,,,,,,2.5,,4,,,2,,,,,,,,,,,,,,269,,230,,1,,,,,,,,,,,,
2025-10-17,8:00 PM,Cod Liver Oil,softgel,1,100,10,1,0,0,,,,,,,,,,,,,,,,,,,,,,,,,,,,,100,70,,,,,,,,,,,,,,,300,,10,,,,
2025-10-17,8:00 PM,Creatine Ethyl Ester (Hcl),serving,1,3,10,0,0,2,,,,,,,,,,,,,,,,,,,,,,,,,,,,,,,,,,,,,,,,,,,,,,,,,,,
2025-10-17,8:00 PM,Magnesium l-Threonate,capsules,4,0.05,0,0,0,0,,,,,,,,,,,,,,,,,,,,,,,,,144,,,,,,,,,,,,,,,,,,,,,,,,,,
2025-10-17,8:00 PM,Methyl Multi,capsules,2,50,0,0,0,0,,250,10,10,32,100,10,,50,,18,0.5,,,,,,,850,,,,,,50,0.3,,,,,,,,,49.5,50,30,,,,,,,,,125,2.5,67,30,,6.5
2025-10-17,9:00 PM,Horchata Inspired Ice Cream,g,20,1,50,3,5,1,,,,,,,,,22.8,12,,,,,,1.8,,,,,0,,,,,,,,,,,,,,22.8,,22,,4.7,,,,,,,,,,,,
2025-10-18,7:54 AM,Cinnamon Roll Cereal,g,55,1,208,10,22,18,,,,,,,,,52,15,,,,,,2.2,,1.5,,,3,,,,,,,,,,,,,,,,223,,,,,,,,,,,,,,
2025-10-18,7:54 AM,"Milk, Whole",g,90,1,54,3,4,3,,0.5,0.1,0.1,0.1,0.3,0.1,,110.7,11,16,0,0,0.6,0.1,1.7,,,,0.1,,0.2,0.3,0.3,10.8,,0.1,0,,0,0,0.1,0.1,90.9,135,1.7,34.2,,4.2,,0.1,0,0.1,0.2,28.4,,0.9,0,0.3,79,0.4
2025-10-18,10:00 AM,Focaccia Italian Flatbread Plain,g,28,1,70,2,10,2,,,0.1,0.1,1,0.2,0,,9.8,,1,0,,1.6,0.3,0.2,,0.5,38.6,,0.9,,,,5.6,0.1,,,,,,,,35.8,31.9,4.5,157.1,,0.5,,,,,,0,,,0.4,1.6,13,0.4
2025-10-18,10:00 AM,"Milk, Whole",g,170,1,102,5,8,6,,0.9,0.1,0.2,0.2,0.6,0.1,,209.1,20,30,0,0,1.2,0.2,3.2,,,,0.2,,0.3,0.6,0.5,20.4,,0.2,0,,0,0,0.2,0.3,171.7,255,3.2,64.6,,7.9,,0.3,0.1,0.3,0.4,53.7,,1.6,0.1,0.5,150,0.7
2025-10-18,10:00 AM,Protein Meal Milk Chocolate,scoop,1,29,95,2,10,12,,0.9,0.2,0.3,3,1.5,0.3,,225,33,,,,,,0.5,,4,60,,2.7,,,,60,0.3,,,,,,,,150,100,,35,,1,,,,,,,9,,3,12,,2.3
2025-10-18,11:00 AM,Wilted Spinach,cup,1,100,23,0,4,3,,,,,,,,,,,,,,,,,,,,,,,,,,,,,,,,,,,,,,,,,,,,,,,,,,,
2025-10-18,12:28 PM,Chicken Breast Grilled Boneless Skinless,g,99,1,147,3,0,29,,0.2,0.1,0.2,11,1.5,1,,5.9,105,107,0,0.3,1.3,0.7,1,,,,1.1,0.4,1.4,2.4,2.8,30.7,0,0.8,0,0,0,0,0.6,1.2,246.5,415.8,42,212.8,,,,1.3,0.4,1,1.5,9.9,,,0.3,,66,0.8
2025-10-18,12:37 PM,Ciabatta Demi Baguette,g,88,1,216,2,42,8,,,,,,,,,15.4,,,,,,,,,1.5,,,2.9,,,,,,,,,,,,,,61.8,,463.2,,,,,,,,,,,,,,
2025-10-18,12:38 PM,Pecorino Romano Cheese,cube,1,28,110,10,0,7,,,,,,,,,260,25,,,,,,6,,,,,,,,,,,,,,,,,,,,,570,,,,,,,,,,,,,,
2025-10-18,12:42 PM,Sopressata Dry Sausage,g,28,1,90,7,0,7,,,,,,,,,,25,,,,,,2.5,,,,,0.4,,,,,,,,,,,,,,,,430,,,,,,,,,,,,,,
2025-10-18,7:00 PM,Cod Liver Oil,softgel,1,100,10,1,0,0,,,,,,,,,,,,,,,,,,,,,,,,,,,,,100,70,,,,,,,,,,,,,,,300,,10,,,,
2025-10-18,7:00 PM,Creatine Ethyl Ester (Hcl),serving,1,3,10,0,0,2,,,,,,,,,,,,,,,,,,,,,,,,,,,,,,,,,,,,,,,,,,,,,,,,,,,
2025-10-18,7:00 PM,Magnesium l-Threonate,capsules,4,0.05,0,0,0,0,,,,,,,,,,,,,,,,,,,,,,,,,144,,,,,,,,,,,,,,,,,,,,,,,,,,
2025-10-18,7:00 PM,Methyl Multi,capsules,2,50,0,0,0,0,,250,10,10,32,100,10,,50,,18,0.5,,,,,,,850,,,,,,50,0.3,,,,,,,,,49.5,50,30,,,,,,,,,125,2.5,67,30,,6.5
2025-10-18,8:22 PM,Spinach Tortellini With Ricotta Mozzarella and Parmesan Cheese,g,100,1,260,5,43,11,,,,,,,,,122,25,,,,,,2.5,,4,,,2,,,,,,,,,,,,,,269,,230,,1,,,,,,,,,,,,
2025-10-18,8:34 PM,"Eggs, Cooked",large,0.125,50,10,1,0,1,,0.1,0,0,0,0.1,0,,3.1,23,18,0,0,0.3,0.1,0.2,,,2.8,0,0.1,0,0.1,0.1,0.6,0,0,0,0,0,0,0.1,0,10.8,7.9,1.9,7.8,,0.1,,0,0,0,0,9.3,,0.1,0.1,0,5,0.1
2025-10-18,8:34 PM,Turkey Ground 93% Lean 7% Fat Raw,g,190,1,285,16,0,36,,2.3,0.1,0.4,10.3,1.9,0.7,,39.9,141,101,0.2,0.4,5.4,4.8,4.1,,,13.3,1.1,2.2,1.6,2.9,3.2,39.9,0,1,0.2,0,0,0.3,4.1,1.4,366.7,404.7,36.1,131.1,,,,1.6,0.4,1.3,1.6,41.8,,0.8,0.2,,138,4.8
2025-10-18,9:01 PM,Triple Chocolate Creme Cake,g,26,1,94,5,12,1,,,,,,,,,10.1,15,,,,,,2.3,,0.3,,,0.3,,,,,,,,,,,,,,36.1,,94.3,,8.5,,,,,,,,,,,,
2025-10-19,8:49 AM,Chicken Breast Grilled Boneless Skinless,g,156,1,231,5,0,46,,0.3,0.1,0.4,17.3,2.3,1.5,,9.4,165,168,0.1,0.5,2.1,1.1,1.6,,,,1.7,0.7,2.3,3.8,4.4,48.4,0,1.2,0,0,0,0,0.9,1.9,388.4,655.2,66.1,335.4,,,,2.1,0.6,1.7,2.4,15.6,,,0.5,,104,1.3
2025-10-19,8:49 AM,"Milk, Whole",oz,1,28.35,17,1,1,1,,0.2,0,0,0,0.1,0,,34.9,3,5,0,0,0.2,0,0.5,,,,0,,0,0.1,0.1,3.4,,0,0,,0,0,0,0,28.6,42.5,0.5,10.8,,1.3,,0,0,0,0.1,9,,0.3,0,0.1,25,0.1
2025-10-19,10:05 AM,Tri-Fecta Belgian Waffle Eggs and Bacon,serving,1,100,820,42,88,18,,,,,,,,,,,,,,,,17,,,,,,,,,,,,,,,,,,,,,1370,,47,,,,,,,,,,,,
2025-10-19,4:56 PM,Dark Chocolate Covered Espresso Beans,g,25,1,106,5,13,2,,,,,,,,,25,,,,,,,3.1,,1.3,,,1.1,,,,,,,,,,,,,,,,6.3,,7.5,,,,,,,,,,,,
2025-10-19,4:56 PM,Juantonio's,g,28,1,150,10,16,1,,,,,,,,,,,,,,,,1,,2,,,0.5,,,,,,,,,,,,,,,,160,,,,,,,,,,,,,,
2025-10-19,7:37 PM,brown gravy,tbsp,1,14.56,8,0,1,1,,0,0,0,0.1,0,0,,0.9,0,1,0,,0.1,0,0.2,,0.1,0.3,,0.1,,,,0.3,0,,,,,,,,4.4,11.8,0.1,81.5,,0,,,,,,,,,0,0,13,0.1
2025-10-19,7:37 PM,egg,large,1,50,72,5,0,6,,0.4,0,0.2,0,0.8,0.1,,28,186,147,0,0.1,1.8,1,1.6,0,,23.5,0.2,0.9,0.3,0.5,0.5,6,0,0.2,0,0,,,,0.3,99,69,15.3,71,,0.2,,0.3,0.1,0.2,0.4,,,,0.5,0.1,38,0.6
2025-10-19,7:37 PM,lean ground turkey,g,150,1,320,17,0,41,,2.9,0.1,0.4,12.1,2.1,0.7,,46.5,156,118,0.2,0.4,5.8,5.3,4.4,0.2,,10.5,1.2,2.3,1.8,3.4,3.6,43.5,0,1.2,0.3,0,0,,,1.6,388.5,456,42.6,135,,,,1.9,0.5,1.4,1.9,,,,0.3,,92,5.7
2025-10-19,7:37 PM,rice,g,50,1,65,0,14,1,,,0,0,0.2,0.2,0,,5,,1,0,0,0,0,0,,0.2,1.5,0,0.1,0.1,0.1,0,6,0.2,0,,,,,,0.1,21.5,17.5,3.8,0.5,,0,,0,0,0,0.1,,,,0,,34,0.2
2025-10-19,8:00 PM,Cod Liver Oil,softgel,1,100,10,1,0,0,,,,,,,,,,,,,,,,,,,,,,,,,,,,,100,70,,,,,,,,,,,,,,,300,,10,,,,
2025-10-19,8:00 PM,Creatine Ethyl Ester (Hcl),serving,1,3,10,0,0,2,,,,,,,,,,,,,,,,,,,,,,,,,,,,,,,,,,,,,,,,,,,,,,,,,,,
2025-10-19,8:00 PM,Magnesium l-Threonate,capsules,4,0.05,0,0,0,0,,,,,,,,,,,,,,,,,,,,,,,,,144,,,,,,,,,,,,,,,,,,,,,,,,,,
2025-10-19,8:00 PM,Methyl Multi,capsules,2,50,0,0,0,0,,250,10,10,32,100,10,,50,,18,0.5,,,,,,,850,,,,,,50,0.3,,,,,,,,,49.5,50,30,,,,,,,,,125,2.5,67,30,,6.5
2025-10-20,6:59 AM,Chicken Breast Grilled Boneless Skinless,g,140,1,207,5,0,41,,0.3,0.1,0.3,15.5,2.1,1.4,,8.4,148,151,0,0.4,1.8,1,1.4,,,,1.5,0.6,2,3.4,4,43.4,0,1.1,0,0,0,0,0.8,1.7,348.6,588,59.4,301,,,,1.8,0.5,1.5,2.1,14,,,0.5,,93,1.1
2025-10-20,6:59 AM,Green Beans Boiled With Salt,cup,0.5,125,22,0,5,1,,,0,0.1,0.4,0,0,,27.5,,11,0,0,0,0.1,0,,2,20.6,0,0.4,0,0.1,0.1,11.3,0.2,0,,,,,,0,18.1,91.3,0.1,149.4,,2.3,,0.1,0,0,0.1,21.9,6.1,,0.3,29.9,56,0.2
2025-10-20,11:03 AM,chicken,oz,4,28.33,249,15,0,27,,0.9,0.1,0.2,8,1.1,0.4,,14.7,107,,0.1,0.4,5.9,3.2,4.1,,,26.1,0.8,1.8,1.3,2,2.2,22.7,0,0.7,,0,0,,,1.1,202.9,231.2,17.8,80.5,,,,1.1,0.3,0.9,1.3,,0.5,,,,71,1.9
2025-10-20,11:03 AM,grilled steak,oz,4,28.33,315,21,0,30,,2,0.1,0.1,8,0.6,0.6,,19.3,110,113,0.1,0.4,8.7,0.8,8.2,,,9.1,0.9,2,1.3,2.4,2.5,23.8,0,0.8,,,,,,1.2,221,358.1,31.8,58.9,,,,1.2,0.2,0.9,1.5,,,,0.5,1.8,62,5.3
2025-10-20,11:04 AM,Rice Brown Medium Grain Cooked Without Salt,cup,0.75,195,164,1,34,3,,,0.1,0,1.9,0.6,0.2,,14.6,,,0.1,0,0.4,0.4,0.2,,2.6,5.8,0.1,0.8,0.1,0.3,0.1,64.3,1.6,0.1,,,,,,0.2,112.6,115.5,,1.5,,,,0.1,0,0.1,0.2,,,,,,107,0.9
2025-10-20,2:00 PM,Chia Seed Parfait,portion,0.6,234,204,19,17,4,,,,,,,,,48.6,,,,,,,9,,4.8,,,,,,,,,,,,,,,,,0.6,,18,,7.2,,,,,,,,,,,,
2025-10-20,4:00 PM,Horchata Inspired Ice Cream,g,30,1,76,4,8,1,,,,,,,,,34.1,18,,,,,,2.7,,,,,0,,,,,,,,,,,,,,34.1,,32.9,,7.1,,,,,,,,,,,,
2025-10-20,7:04 PM,Chicken Breast Grilled Boneless Skinless,g,100,1,148,3,0,30,,0.2,0.1,0.2,11.1,1.5,1,,6,106,108,0,0.3,1.3,0.7,1,,,,1.1,0.4,1.4,2.4,2.8,31,0,0.8,0,0,0,0,0.6,1.2,249,420,42.4,215,,,,1.3,0.4,1.1,1.5,10,,,0.3,,67,0.8
2025-10-20,7:04 PM,Upside Dawn Non-Alcoholic Golden,fl oz,12,8.33,45,0,10,1,,,,,,,,,,,,,,,,,,,,,,,,,,,,,,,,,,,,,,,,,,,,,,,,,,,
2025-10-20,9:04 PM,Turkey Ground 93% Lean 7% Fat Raw,g,150,1,225,13,0,28,,1.8,0.1,0.3,8.1,1.5,0.5,,31.5,111,80,0.2,0.3,4.3,3.8,3.3,,,10.5,0.8,1.8,1.3,2.3,2.5,31.5,0,0.8,0.2,0,0,0.2,3.3,1.1,289.5,319.5,28.5,103.5,,,,1.3,0.3,1,1.3,33,,0.6,0.2,,109,3.8
2025-10-20,9:05 PM,"Sweet Potato, Baked",g,75,1,68,0,16,2,,,0.1,0.1,1.1,0.7,0.2,,28.5,,10,0.1,0,0,0.1,0,,2.5,4.5,0,0.5,0.1,0.1,0.1,20.3,0.4,0,0,,,0,,0.1,40.5,356.3,0.1,27,,4.9,,0.1,0,0,0.1,720.7,14.7,,0.5,1.7,57,0.2
2025-10-20,10:00 PM,Cod Liver Oil,softgel,1,100,10,1,0,0,,,,,,,,,,,,,,,,,,,,,,,,,,,,,100,70,,,,,,,,,,,,,,,300,,10,,,,
2025-10-20,10:00 PM,Creatine Ethyl Ester (Hcl),serving,1,3,10,0,0,2,,,,,,,,,,,,,,,,,,,,,,,,,,,,,,,,,,,,,,,,,,,,,,,,,,,
2025-10-20,10:00 PM,Magnesium l-Threonate,capsules,4,0.05,0,0,0,0,,,,,,,,,,,,,,,,,,,,,,,,,144,,,,,,,,,,,,,,,,,,,,,,,,,,
2025-10-20,10:00 PM,Methyl Multi,capsules,2,50,0,0,0,0,,250,10,10,32,100,10,,50,,18,0.5,,,,,,,850,,,,,,50,0.3,,,,,,,,,49.5,50,30,,,,,,,,,125,2.5,67,30,,6.5
2025-10-21,6:34 AM,espresso,g,35,1,3,0,1,0,,,0,0.1,1.8,0,0,74,0.7,,1,0,,,0,0,,,0.4,,0,,,,28,0,,,,,,,,2.5,40.3,,4.9,,,,,,,,,0.1,,0,0,34,0
2025-10-21,6:34 AM,foccacia,g,47,1,117,4,17,4,,,0.2,0.1,1.7,0.3,0.1,,16.4,,1,0,,2.7,0.5,0.4,,0.8,64.9,,1.5,,,,9.4,0.2,,,,,,,,60.2,53.6,7.5,263.7,,0.8,,,,,,,,,0.7,2.7,22,0.6
2025-10-21,6:34 AM,milk,g,117,1,59,2,6,4,,0.6,0,0.2,0.1,0.4,0,,140.4,9,19,0,0,0.7,0.1,1.5,0.1,,5.8,0.1,0,0.2,0.4,0.3,12.9,0,0.1,0,,,,,0.2,107.6,163.8,2.9,55,,5.9,,0.2,0,0.2,0.3,,0.2,,0,0.2,104,0.6
2025-10-21,6:34 AM,olive oil,g,6,1,53,6,0,0,,,,,,,,,0.1,,0,,,4.4,0.6,0.8,,,,,0,,,,,,,,,,,,,,0.1,,0.1,,,,,,,,,,,0.9,3.6,,
2025-10-21,9:50 AM,Turkey Ground 93% Lean 7% Fat Raw,g,85,1,127,7,0,16,,1,0.1,0.2,4.6,0.8,0.3,,17.8,63,45,0.1,0.2,2.4,2.2,1.8,,,6,0.5,1,0.7,1.3,1.4,17.8,0,0.5,0.1,0,0,0.1,1.9,0.6,164,181,16.1,58.7,,,,0.7,0.2,0.6,0.7,18.7,,0.3,0.1,,62,2.2
2025-10-21,11:00 AM,Chinese Chicken Salad,serving,0.5,392,161,7,9,16,,,,,,,,,150,45,,,,,,1,,3.5,,,10.8,,,,,,,,,,,,,,,,456,,2.5,,,,,,,9,,,,,
2025-10-21,11:00 AM,Classic Grape Sparkling Tonic,cup,3,66.64,90,0,30,0,,,,,,,,,,,,,,,,,,18,,,,,,,,,,,,,,,,,,,70,,8,,,,,,,,,,,,
2025-10-21,11:00 AM,Turkey Ground 93% Lean 7% Fat Raw,g,125,1,187,10,0,23,,1.5,0.1,0.2,6.8,1.3,0.4,,26.3,92,66,0.1,0.2,3.5,3.2,2.7,,,8.8,0.7,1.5,1,1.9,2.1,26.3,0,0.7,0.2,0,0,0.2,2.7,0.9,241.3,266.3,23.7,86.3,,,,1.1,0.3,0.8,1.1,27.5,,0.5,0.1,,91,3.2
2025-10-21,8:00 PM,Street Tacos White Corn Tortillas,tortilla,6,14.67,200,2,40,4,,,,,,,,,40,,,,,,1,,,4,,,0.6,,,,,,,,,,,,,,160,,40,,4,,,,,,,,,,,,
2025-10-21,8:00 PM,al pastor,oz,2,28.35,68,2,7,6,,0.1,0.1,0.1,1.7,0.2,0.2,,15.4,16,18,0.1,0.1,0.8,0.4,0.6,0,1.1,5,0.2,0.4,0.3,0.5,0.5,14.7,0.2,0.2,0,,,,,0.2,73,137.2,7.5,155.7,,2.3,,0.3,0.1,0.2,0.3,,9.6,,0.4,1.5,41,0.6
2025-10-21,8:00 PM,chicken breast,oz,4,28.35,187,4,0,35,,0.4,0.1,0.1,15.5,1.1,0.7,,17,96,97,0.1,0.5,1.4,0.9,1.1,,,4.5,1.1,1.2,1.9,2.6,3,32.9,0,1,,0,0,,,1.4,258.6,290.3,31.3,83.9,,,,1.5,0.4,1.2,1.7,,,,0.3,0.3,74,1.1
2025-10-21,9:00 PM,Cod Liver Oil,softgel,1,100,10,1,0,0,,,,,,,,,,,,,,,,,,,,,,,,,,,,,100,70,,,,,,,,,,,,,,,300,,10,,,,
2025-10-21,9:00 PM,Creatine Ethyl Ester (Hcl),serving,1,3,10,0,0,2,,,,,,,,,,,,,,,,,,,,,,,,,,,,,,,,,,,,,,,,,,,,,,,,,,,
2025-10-21,9:00 PM,Magnesium l-Threonate,capsules,4,0.05,0,0,0,0,,,,,,,,,,,,,,,,,,,,,,,,,144,,,,,,,,,,,,,,,,,,,,,,,,,,
2025-10-21,9:00 PM,Methyl Multi,capsules,2,50,0,0,0,0,,250,10,10,32,100,10,,50,,18,0.5,,,,,,,850,,,,,,50,0.3,,,,,,,,,49.5,50,30,,,,,,,,,125,2.5,67,30,,6.5
2025-10-22,6:00 AM,Dark Chocolate Covered Espresso Beans,g,6,1,26,1,3,0,,,,,,,,,6,,,,,,,0.8,,0.3,,,0.3,,,,,,,,,,,,,,,,1.5,,1.8,,,,,,,,,,,,
2025-10-22,6:37 AM,Recipes Snacks Homemade Soft Pretzels,pretzel,1,36,140,6,19,3,,,,,,,,,,10,,,,,,1,,1,,,,,,,,,,,,,,,,,,,500,,,,,,,,,,,,,,
2025-10-22,6:38 AM,Chicken Breast Grilled Boneless Skinless,g,130,1,192,4,0,38,,0.3,0.1,0.3,14.4,1.9,1.3,,7.8,138,140,0,0.4,1.7,0.9,1.3,,,,1.4,0.6,1.9,3.2,3.7,40.3,0,1,0,0,0,0,0.7,1.5,323.7,546,55.1,279.5,,,,1.7,0.5,1.4,2,13,,,0.4,,86,1.1
2025-10-22,9:46 AM,"Quiche, With Spinach",g,160,1,356,24,21,15,,1.3,0.3,0.4,1.6,0.7,0.1,,359.7,111,89,0.1,0.2,7.7,3,11.5,,1.9,78.7,0.5,2.1,0.8,1.4,1.1,49,0.4,0.4,0.3,0,0,0.3,2.5,0.8,277.5,270.5,21,388.3,,3.3,,0.6,0.2,0.8,1,324,1.8,1.1,3.3,186.3,116,1.9
2025-10-22,10:00 AM,Probiotic Refresher Sparkling Drink Mojita Lime Mint Coconut,serving,1,355,35,0,9,1,,,,,,,,,,,,,,,,,,,,,,,,,,,,,,,,,,,,,60,,7,,,,,,,,,,,,
2025-10-22,3:53 PM,Wholesome Delicious Cinnamon Grahams,package,0.5,28,55,2,9,1,,,,,,,,,3.5,,,,,,,,,0.5,,,,,,,,,,,,,,,,,16.5,,7.5,,3,,,,,,,,,,,,
2025-10-22,8:06 PM,Kung Pao Chicken,serving,1,176,290,19,14,16,,,,,,,,,,55,,,,,,3.5,,2,,,,,,,,,,,,,,,,,,,970,,6,,,,,,,,,,,,
2025-10-22,8:06 PM,Mushroom Chicken Regular Side,serving,1,162,220,14,10,13,,,,,,,,,,50,,,,,,2.5,,1,,,,,,,,,,,,,,,,,,,840,,5,,,,,,,,,,,,
2025-10-22,8:06 PM,Panda Express Fried Rice,child size - order (Kids' Meal),0.5,175.77,173,5,28,4,,0.1,0.2,0.1,1.5,0.5,0.1,,18.9,30,28,0.1,0.1,1.2,2.3,0.9,,0.8,32.8,0.1,1.4,0.2,0.3,0.2,15.1,0.5,0.1,0.3,0,,0.3,2,0.2,62.4,76.7,11.3,283.4,,0.7,,0.2,0,0.1,0.2,58.1,1.3,0.2,0.6,16,50,0.6
2025-10-22,8:06 PM,Super Greens (Side),serving,1,198,90,3,10,6,,,,,,,,,,,,,,,,,,5,,,,,,,,,,,,,,,,,,,260,,4,,,,,,,,,,,,
2025-10-22,9:00 PM,Cod Liver Oil,softgel,1,100,10,1,0,0,,,,,,,,,,,,,,,,,,,,,,,,,,,,,100,70,,,,,,,,,,,,,,,300,,10,,,,
2025-10-22,9:00 PM,Creatine Ethyl Ester (Hcl),serving,1,3,10,0,0,2,,,,,,,,,,,,,,,,,,,,,,,,,,,,,,,,,,,,,,,,,,,,,,,,,,,
2025-10-22,9:00 PM,Magnesium l-Threonate,capsules,4,0.05,0,0,0,0,,,,,,,,,,,,,,,,,,,,,,,,,144,,,,,,,,,,,,,,,,,,,,,,,,,,
2025-10-22,9:00 PM,Methyl Multi,capsules,2,50,0,0,0,0,,250,10,10,32,100,10,,50,,18,0.5,,,,,,,850,,,,,,50,0.3,,,,,,,,,49.5,50,30,,,,,,,,,125,2.5,67,30,,6.5
2025-10-23,9:23 AM,Scrambled Eggs,cup,0.5,160,177,15,1,9,,0.7,0,0.3,0,0.9,0.1,,37.1,272,198,0,0.2,4.4,1.2,6.7,,0.1,29.9,0.2,0.8,0.5,0.7,0.6,7.4,0.1,0.3,0,0,0,0.1,1.1,0.4,117.4,90.7,20.6,264.1,,0.8,,0.4,0.1,0.3,0.5,175.5,,1.5,0.7,1.4,51,0.7
2025-10-23,9:23 AM,Zero Sugar Blueberry Yogurt,serving,2,150,120,0,10,22,,,,,,,,,260,20,,,,,,,,2,,,,,,,,,,,,,,,,,,,120,,,,,,,,,,,,,,
2025-10-23,9:26 AM,Plain Biscuits,oz,2.5,28.4,240,8,38,4,,0.1,0.3,0.2,2.4,0.2,0,,34.8,1,14,0.1,0.1,3.3,3,1.2,,0.9,49.7,0.1,2.3,0.2,0.3,0.1,12.1,0.3,0.1,,,,,,0.2,305.3,159,13.3,668.8,,2.5,,0.1,0.1,0.1,0.2,,,,0.9,2.9,19,0.3
2025-10-23,9:26 AM,Sausage Gravy,tbsp,3,15,67,5,3,3,,0.5,0.1,0.1,0.7,0.2,0.1,,48.3,11,13,0,0,1.4,1.1,1.6,,0.1,2.8,0.1,0.2,0.1,0.3,0.2,6.5,0,0.1,0.1,0,0,0.1,1,0.1,53.7,91.7,2.8,103.5,,1.9,0,0.1,0,0.1,0.2,42.7,0,0.5,0.2,2.3,35,0.4
2025-10-23,3:17 PM,Marshmallow Rocky Road Soft Protein Bar,bar,1.06,55,222,10,22,18,,,,,,,,,,,,,,,,5,,4.1,,,,,,,,,,,,,,,,,,,,,2.1,,,,,,,,,,,,
2025-10-23,3:37 PM,Focaccia Italian Flatbread Plain,g,150,1,374,12,54,13,,,0.7,0.5,5.5,1,0.2,,52.5,,4,0.1,,8.5,1.5,1.3,,2.7,207,,4.7,,,,30,0.5,,,,,,,,192,171,23.9,841.5,,2.6,,,,,,0.1,,,2.1,8.6,69,2
2025-10-23,3:38 PM,"Bacon, Pork","slice - 6 long""",3,8,112,8,0,8,,0.3,0.1,0.1,2.5,0.3,0.1,,2.6,24,21,0,0.1,3.7,1.5,2.9,,,,0.3,0.2,0.4,0.7,0.7,7.4,0,0.2,0.1,0,0,0.1,1.3,0.3,93.1,119.8,12.2,404.2,,0.2,0.2,0.4,0.1,0.3,0.4,2.6,,0.1,0.1,,6,0.7
2025-10-23,3:38 PM,"Goat Cheese, Soft",tbsp,1,8.75,23,2,0,2,,0,0,0,0,0.1,0,,12.3,4,1,0.1,0,0.4,0,1.3,,,1.1,0,0.2,0.1,0.1,0.1,1.4,0,0,,,,,0,0.1,22.4,2.3,0.2,40.2,,,,0.1,0,0.1,0.1,25.2,,0,0,0.2,5,0.1
2025-10-23,3:38 PM,"Mushrooms, Raw, High in Vitamin D",large,1,23,6,0,1,1,,0,0,0.1,0.9,0.3,0,,1.1,,4,0.1,0,,0,0,,0.4,8.1,0,0.1,0,0,0,2.3,0,0,,,,,0,0,21.4,85.8,4.6,1.4,,0.5,,0,0,0,0.1,,0.5,6,0,,21,0.1
2025-10-23,3:38 PM,"Onion, White, Yellow or Red, Raw",large,0.25,150,15,0,4,0,,,0,0,0,0,0,,8.6,,2,0,0,0,0,0,,0.5,7.1,0,0.1,0,0,0,3.8,0,0,0,,,0,,0,10.9,54.8,0.2,1.5,,1.6,,0,0,0,0,0,2.8,,0,0.1,33,0.1
2025-10-23,8:47 PM,Caramel Cashew Protein Bar,serving,1,55,200,8,18,20,,,,,,,,,160,5,,,,,,3,,3,,,0.6,,,,,,,,,,,,,,150,,80,,1,,,,,,,,,,,,
2025-10-23,8:57 PM,Roasted & Salted Cashews,package,1,100,160,13,9,5,,,,,,,,,10,,,,,,,2.5,,1,,,1.8,,,,,,,,,,,,,,180,,85,,2,,,,,,,,,,,,
2025-10-23,9:00 PM,Cod Liver Oil,softgel,1,100,10,1,0,0,,,,,,,,,,,,,,,,,,,,,,,,,,,,,100,70,,,,,,,,,,,,,,,300,,10,,,,
2025-10-23,9:00 PM,Magnesium l-Threonate,capsules,4,0.05,0,0,0,0,,,,,,,,,,,,,,,,,,,,,,,,,144,,,,,,,,,,,,,,,,,,,,,,,,,,
2025-10-23,9:00 PM,Methyl Multi,capsules,2,50,0,0,0,0,,250,10,10,32,100,10,,50,,18,0.5,,,,,,,850,,,,,,50,0.3,,,,,,,,,49.5,50,30,,,,,,,,,125,2.5,67,30,,6.5
2025-10-24,8:40 AM,dark chocolate espresso beans,serving,0.5,40,108,6,12,2,,,0,0.1,0.1,0,0,168,20,3,,0.1,,,,3,,1.5,0.6,,0.5,,,,21.4,0.1,,,,,,,,27,68.4,0.6,5,,8.5,,,,,,,,,0,1.2,0,0.3
2025-10-24,8:40 AM,egg scrambled,large,1,61,91,7,1,6,,0.5,0,0.2,0,0.7,0.1,,40.3,169,135,0,0.1,2.7,1.5,2,,,22,0.1,0.8,0.3,0.5,0.4,6.7,0,0.2,,0,,,,0.3,100.7,80.5,14.3,88.5,,0.8,,0.3,0.1,0.2,0.4,,,,0.7,2.4,47,0.6
2025-10-24,8:40 AM,foccacia,g,50,1,125,4,18,4,,,0.2,0.2,1.8,0.3,0.1,,17.5,,1,0,,2.8,0.5,0.4,,0.9,69,,1.6,,,,10,0.2,,,,,,,,64,57,8,280.5,,0.9,,,,,,,,,0.7,2.9,23,0.7
2025-10-24,8:40 AM,lean ground turkey,g,60,1,128,7,0,16,,1.1,0.1,0.2,4.9,0.8,0.3,,18.6,62,47,0.1,0.2,2.3,2.1,1.8,0.1,,4.2,0.5,0.9,0.7,1.3,1.5,17.4,0,0.5,0.1,0,0,,,0.6,155.4,182.4,17,54,,,,0.7,0.2,0.6,0.8,,,,0.1,,37,2.3
2025-10-24,2:11 PM,Carne Asada,serving,1,112,210,11,3,24,,,,,,,,,,60,,,,,,4,,,,,1.8,,,,,,,,,,,,,,,,760,,1,,,,,,,,,,,,
2025-10-24,2:11 PM,Chipotle Brown Rice,order,1,113.4,201,6,33,4,,,0.2,0.1,3.3,0.5,0.2,,5.4,,12,0.1,0,2.4,2.2,1.3,,2.1,12.6,0.1,0.7,0.1,0.3,0.1,50.4,1.2,0.1,0.1,,,0.1,2.1,0.2,132.4,120.5,7.9,189.8,,0.4,,0.1,0,0.1,0.2,3.4,0.9,,1.8,4.6,70,0.9
2025-10-24,2:11 PM,Chipotle Pinto Beans,order,1,113.4,129,2,22,7,,,0.2,0.1,0.3,0.2,0.2,,40,,29,0.2,0.1,0.5,0.6,0.3,,7.5,141.3,0.2,1.7,0.3,0.6,0.5,42.3,0.4,0.1,0.1,,,0.1,0.4,0.4,121.9,377.5,5.1,209.7,,0.9,,0.3,0.1,0.2,0.4,2.2,3.9,,1.1,3.6,81,0.8
2025-10-24,2:11 PM,Orange,serving,1,355,25,0,6,0,,,,,,,,,,,,,,,,,,2,,,,,,,,,,,,,,,,,,,,,4,3,,,,,,,,,,,
2025-10-24,3:47 PM,Homemade Blueberry Pie,"piece (1/8 of 9 dia)""",1,147,360,17,49,4,,,0.2,0.2,1.7,0.2,0,,10.3,,,0.1,0.1,7.5,4.5,4.3,,,33.8,0.1,1.8,0.1,0.3,0.1,11.8,0.4,0.1,,,,,,0.2,44.1,73.5,10.9,271.9,,,,0.1,0,0.1,0.2,2.9,1,,,,75,0.3
2025-10-24,7:35 PM,Whole Grain Pasta,g,50,1,161,1,35,7,,,0.4,0.3,6.3,,,,15.2,,,,,,,,,6.3,63.4,,1.8,,,,48.2,1.3,,,,,,,,200,244.6,,,,0.9,,,,,,,,,,,,1.8
2025-10-24,7:35 PM,grilled chicken breast,g,179,1,265,6,0,53,,0.4,0.1,0.4,19.8,2.7,1.8,,10.7,190,193,0.1,0.6,2.4,1.3,1.8,0,,,2,0.8,2.6,4.4,5.1,55.5,0,1.4,0,0,0,,,2.1,445.7,751.8,75.9,384.8,,,,2.4,0.7,1.9,2.7,,,,0.6,,119,1.5
2025-10-24,7:35 PM,pesto,g,20,1,84,8,2,2,,,0,0.1,0.1,0.3,0,,61.2,,,0,,4.4,1.3,1.4,0,0.4,3.2,,0.1,,,,9.4,0.1,,0.3,,0,,,,54.6,112,,120.6,0.4,1.3,,,,,,,,,1.5,30.2,8,0.3
2025-10-24,8:27 PM,Dark Chocolate Covered Mini Pretzels 240g Pack,pretzel,5,5.6,140,7,19,2,,,,,,,,,10,,,,,,,4,,2,,,1.4,,,,,,,,,,,,,,100,,160,,9,,,,,,,,,,,,
2025-10-24,9:00 PM,Cod Liver Oil,softgel,1,100,10,1,0,0,,,,,,,,,,,,,,,,,,,,,,,,,,,,,100,70,,,,,,,,,,,,,,,300,,10,,,,
2025-10-24,9:00 PM,Creatine Ethyl Ester (Hcl),serving,1,3,10,0,0,2,,,,,,,,,,,,,,,,,,,,,,,,,,,,,,,,,,,,,,,,,,,,,,,,,,,
2025-10-24,9:00 PM,Magnesium l-Threonate,capsules,4,0.05,0,0,0,0,,,,,,,,,,,,,,,,,,,,,,,,,144,,,,,,,,,,,,,,,,,,,,,,,,,,
2025-10-24,9:00 PM,Methyl Multi,capsules,2,50,0,0,0,0,,250,10,10,32,100,10,,50,,18,0.5,,,,,,,850,,,,,,50,0.3,,,,,,,,,49.5,50,30,,,,,,,,,125,2.5,67,30,,6.5
2025-10-25,6:00 AM,Dark Chocolate Covered Espresso Beans,g,30,1,150,9,19,2,,,,,,,,,,,,,,,,5,,,,,,,,,,,,,,,,,,,,,15,,14,,,,,,,,,,,,
2025-10-25,6:00 AM,Focaccia Italian Flatbread Plain,g,45,1,112,4,16,4,,,0.2,0.1,1.7,0.3,0.1,,15.7,,1,0,,2.6,0.4,0.4,,0.8,62.1,,1.4,,,,9,0.2,,,,,,,,57.6,51.3,7.2,252.4,,0.8,,,,,,0,,,0.6,2.6,21,0.6
2025-10-25,6:00 AM,"Milk, Whole",oz,4,28.35,68,4,5,4,,0.6,0.1,0.2,0.1,0.4,0.1,,139.5,14,20,0,0,0.8,0.1,2.1,,,,0.1,,0.2,0.4,0.3,13.6,,0.1,0,,0,0,0.1,0.2,114.5,170.1,2.2,43.1,,5.3,,0.2,0,0.2,0.2,35.8,,1.1,0.1,0.3,100,0.5
2025-10-25,10:00 AM,basil pesto,tbsp,2,15.75,132,12,3,3,,,0.1,0.2,0.2,0.5,0,,96.4,,,0,,7,2.1,2.2,0,0.6,5,,0.2,,,,14.8,0.2,,0.4,,0,,,,86,176.4,,189.9,0.7,2,,,,,,,,,2.3,47.6,12,0.4
2025-10-25,10:00 AM,grilled chicken breast,g,100,1,148,3,0,30,,0.2,0.1,0.2,11.1,1.5,1,,6,106,108,0,0.3,1.3,0.7,1,0,,,1.1,0.4,1.4,2.4,2.8,31,0,0.8,0,0,0,,,1.2,249,420,42.4,215,,,,1.3,0.4,1.1,1.5,,,,0.3,,67,0.8
2025-10-25,10:00 AM,pasta,g,34,1,54,0,10,2,,,0.1,0,0.6,0,0,,2.4,,2,0,0,0,0.1,0.1,,0.6,24.8,0,0.4,0.1,0.1,0,6.1,0.1,0,0,,,,,0.1,19.7,15,9,0.3,8.8,0.2,,0.1,0,0,0.1,,,,0,,21,0.2
2025-10-25,12:00 PM,"Cheese Curds, Plain (Non-Breaded or Fried)",each,2,4,24,2,0,2,,0.1,0,0,0,0,0,,55.8,5,1,0,0,0.4,0.1,0.9,,,2.2,0,0,0.1,0.2,0.1,2.2,0,0,0,,0,0,0,0.1,43.8,15,2.2,53.3,,0.2,,0.1,0,0.1,0.1,18.2,,0,0,0.1,4,0.3
2025-10-25,3:34 PM,Turkey Ground 93% Lean 7% Fat Raw,g,125,1,187,10,0,23,,1.5,0.1,0.2,6.8,1.3,0.4,,26.3,92,66,0.1,0.2,3.5,3.2,2.7,,,8.8,0.7,1.5,1,1.9,2.1,26.3,0,0.7,0.2,0,0,0.2,2.7,0.9,241.3,266.3,23.7,86.3,,,,1.1,0.3,0.8,1.1,27.5,,0.5,0.1,,91,3.2
2025-10-25,3:45 PM,Baked Sweet Potato,g,86,1,77,0,18,2,,,0.1,0.1,1.3,0.8,0.2,,32.7,,11,0.1,,,0.1,0,,2.8,5.2,,0.6,,,,23.2,0.4,,,,,,,,46.4,408.5,0.2,211.6,,5.6,,,,,,,16.9,,0.6,2,,0.3
2025-10-25,6:00 PM,"Barbeque Sauce (Bbq), Store Bought",container,1,28,48,0,11,0,,,0,0,0.2,0,0,,9.2,,2,0,0,0,0,0,,0.3,0.6,0,0.2,0,0,0,3.6,0,0,0,,,0,0,0,5.6,65,0.4,287.6,,9.3,8,0,0,0,0,3.1,0.2,,0.2,0.5,15,0
2025-10-25,6:00 PM,"Beef Brisket Flat Cut Braised Trimmed to 1/8 Fat All Grades""",g,10,1,29,2,0,3,,0.2,0,0,0.4,0.1,0,,1.6,11,11,0,0,0.8,0.1,0.7,,,0.9,0.1,0.2,0.1,0.2,0.2,1.9,0,0.1,,,,,,0.1,17.5,23.2,2.7,4.8,,,,0.1,0,0.1,0.1,,,,0.1,0.2,5,0.7
2025-10-25,6:40 PM,pretzel slider buns,roll,2.5,53,275,5,48,8,,0.2,0.2,0.2,1.1,0.6,0.1,,62.9,39,28,0.1,0.2,1.4,0.5,2.9,0.1,1.8,44.1,0.2,0.8,0.3,0.6,0.3,18.9,0.4,0.2,0,0,,,,0.4,116.8,142.6,21.8,7334.5,,4.1,,0.3,0.1,0.3,0.4,,0.4,,0.2,0.5,45,0.7
2025-10-25,6:40 PM,smoked turkey breast,oz,4,28.35,127,3,9,15,,0.2,0,0.1,5.9,0.7,0.3,,18.1,62,,0,0.2,0.7,0.4,0.1,,0.5,4.5,0.5,2.5,0.8,1.2,1.4,22.7,0,0.4,,0,,,,0.6,179.2,395.8,33.9,1360.8,,4.5,,0.7,0.2,0.6,0.8,,11.3,,,,82,2.4
2025-10-25,9:00 PM,Cod Liver Oil,softgel,1,100,10,1,0,0,,,,,,,,,,,,,,,,,,,,,,,,,,,,,100,70,,,,,,,,,,,,,,,300,,10,,,,
2025-10-25,9:00 PM,Creatine Ethyl Ester (Hcl),serving,1,3,10,0,0,2,,,,,,,,,,,,,,,,,,,,,,,,,,,,,,,,,,,,,,,,,,,,,,,,,,,
2025-10-25,9:00 PM,Magnesium l-Threonate,capsules,4,0.05,0,0,0,0,,,,,,,,,,,,,,,,,,,,,,,,,144,,,,,,,,,,,,,,,,,,,,,,,,,,
2025-10-25,9:00 PM,Methyl Multi,capsules,2,50,0,0,0,0,,250,10,10,32,100,10,,50,,18,0.5,,,,,,,850,,,,,,50,0.3,,,,,,,,,49.5,50,30,,,,,,,,,125,2.5,67,30,,6.5
2025-10-26,7:19 AM,Focaccia Italian Flatbread Plain,g,30,1,75,2,11,3,,,0.1,0.1,1.1,0.2,0,,10.5,,1,0,,1.7,0.3,0.3,,0.5,41.4,,0.9,,,,6,0.1,,,,,,,,38.4,34.2,4.8,168.3,,0.5,,,,,,0,,,0.4,1.7,14,0.4
2025-10-26,8:00 AM,"Carrots, Raw",large baby,1,15,7,0,2,0,,,0,0,0.2,0,0,,4.5,,1,0,0,0,0,0,,0.5,5.5,0,0,0,0,0,1.8,0,0,0,,,0,,0,6,42,,13.1,,0.7,,0,0,0,0,125.3,0.9,,0.1,1.2,13,0
2025-10-26,10:00 AM,Dark Chocolate Covered Espresso Beans,g,15,1,75,5,9,1,,,,,,,,,,,,,,,,2.5,,,,,,,,,,,,,,,,,,,,,7.5,,7,,,,,,,,,,,,
2025-10-26,10:00 AM,"Milk, Whole",oz,3,28.35,51,3,4,3,,0.5,0,0.1,0.1,0.3,0.1,,104.6,10,15,0,0,0.6,0.1,1.6,,,,0.1,,0.1,0.3,0.3,10.2,,0.1,0,,0,0,0.1,0.1,85.9,127.6,1.6,32.3,,3.9,,0.1,0,0.1,0.2,26.9,,0.8,0,0.3,75,0.4
2025-10-26,11:18 AM,Chicken & Vegetable Stir Fry,meal,1,262,200,5,16,23,,,,,,,,,40,75,,,,0.8,0.6,1,,4,,,1.1,,,,,,,,,,,,,,480,,580,,8,6,,,,,,,,,,,
2025-10-26,11:19 AM,Plain Biscuits,g,69.4,1,235,8,37,4,,0.1,0.3,0.2,2.3,0.2,0,,34,1,14,0.1,0.1,3.2,2.9,1.2,,0.9,48.6,0.1,2.3,0.2,0.3,0.1,11.8,0.3,0.1,,,,,,0.2,298.4,155.5,13,653.7,,2.4,,0.1,0.1,0.1,0.2,,,,0.9,2.8,19,0.3
2025-10-26,4:00 PM,"Milk, Whole",g,80,1,48,3,4,3,,0.4,0,0.1,0.1,0.3,0,,98.4,10,14,0,0,0.6,0.1,1.5,,,,0.1,,0.1,0.3,0.2,9.6,,0.1,0,,0,0,0.1,0.1,80.8,120,1.5,30.4,,3.7,,0.1,0,0.1,0.2,25.3,,0.8,0,0.2,70,0.3
2025-10-26,4:00 PM,Protein Meal Milk Chocolate,g,30,1,98,2,10,13,,0.9,0.2,0.3,3.1,1.6,0.3,,232.8,34,,,,,,0.5,,4.1,62.1,,2.8,,,,62.1,0.3,,,,,,,,155.2,103.4,,36.2,,1,,,,,,,9.3,,3.1,12.4,,2.3
2025-10-26,4:00 PM,espresso,shot,1,42,4,0,1,0,,,0,0.1,2.2,0,0,89,0.8,,1,0,,,0,0,,,0.4,,0.1,,,,33.6,0,,,,,,,,2.9,48.3,,5.9,,,,,,,,,0.1,,0,0,41,0
2025-10-26,4:00 PM,medium banana,g,94,1,84,0,21,1,,,0,0.1,0.6,0.3,0.3,,4.7,,9,0.1,0,0,0.1,0.1,,2.4,18.8,0.1,0.2,0,0.1,0,25.4,0.3,0,,,,,,0,20.7,336.5,0.9,0.9,5.1,11.5,,0,0,0,0,,8.2,,0.1,0.5,70,0.1
2025-10-26,4:00 PM,peanut butter,g,30,1,176,15,7,7,,,0,0,3.9,0.3,0.2,,16.2,,20,0.2,0.1,6.2,3.4,2.9,,1.7,10.5,0.2,0.6,0.2,0.5,0.2,53.7,0.4,0.1,,,0,,,0.4,100.5,177.6,12.1,142.8,1.4,2,,0.2,0.1,0.2,0.2,,,,1.8,,0,0.8
2025-10-26,7:00 PM,"Carrots, Raw",g,50,1,23,0,5,0,,,0,0,0.7,0.1,0.1,,15,,4,0,0,0,0.1,0,,1.6,18.5,0,0.1,0,0.1,0.1,6,0.1,0,0,,,0,,0,20,140,,43.5,,2.4,,0.1,0,0,0,417.6,3,,0.4,4.2,44,0.1
2025-10-26,7:00 PM,chicken,g,50,1,110,7,0,12,,0.4,0,0.1,3.5,0.5,0.2,,6.5,47,,0,0.2,2.6,1.4,1.8,,,11.5,0.3,0.8,0.6,0.9,1,10,0,0.3,,0,0,,,0.5,89.5,102,7.8,35.5,,,,0.5,0.1,0.4,0.6,,0.2,,,,31,0.9
2025-10-26,7:00 PM,foccacia,g,53,1,132,4,19,5,,,0.2,0.2,1.9,0.3,0.1,,18.6,,2,0,,3,0.5,0.5,,1,73.1,,1.7,,,,10.6,0.2,,,,,,,,67.8,60.4,8.4,297.3,,0.9,,,,,,,,,0.8,3,24,0.7
2025-10-26,7:00 PM,steak,g,70,1,195,13,0,18,,1.2,0,0.1,5,0.4,0.4,,11.9,68,70,0.1,0.2,5.4,0.5,5.1,,,5.6,0.6,1.2,0.8,1.5,1.5,14.7,0,0.5,,,,,,0.7,136.5,221.2,19.7,36.4,,,,0.7,0.1,0.6,0.9,,,,0.3,1.1,38,3.3
2025-10-26,9:00 PM,Cod Liver Oil,softgel,1,100,10,1,0,0,,,,,,,,,,,,,,,,,,,,,,,,,,,,,100,70,,,,,,,,,,,,,,,300,,10,,,,
2025-10-26,9:00 PM,Magnesium l-Threonate,capsules,4,0.05,0,0,0,0,,,,,,,,,,,,,,,,,,,,,,,,,144,,,,,,,,,,,,,,,,,,,,,,,,,,
2025-10-26,9:00 PM,Methyl Multi,capsules,2,50,0,0,0,0,,250,10,10,32,100,10,,50,,18,0.5,,,,,,,850,,,,,,50,0.3,,,,,,,,,49.5,50,30,,,,,,,,,125,2.5,67,30,,6.5
2025-10-27,7:19 AM,Strained Thick & Creamy Greek Yogurt Plain,g,120,1,120,6,5,11,,,,,,,,,120,25,,,,,,4.2,,0.7,,,0.1,,,,,,,,,,,,,,162.4,,42.4,,4.2,,,,,,,,,,,,
2025-10-27,7:20 AM,Natural Pecan Halves,g,7.7,1,55,6,1,1,,,,,,,,,5.5,,,,,,,0.6,,0.8,,,0.7,,,,,,,,,,,,,,31.6,,,,0.3,,,,,,,,,,,,
2025-10-27,7:25 AM,Chicken Breast Grilled Boneless Skinless,g,75,1,111,3,0,22,,0.1,0.1,0.2,8.3,1.1,0.7,,4.5,79,81,0,0.2,1,0.5,0.8,,,,0.8,0.3,1.1,1.8,2.1,23.3,0,0.6,0,0,0,0,0.4,0.9,186.8,315,31.8,161.3,,,,1,0.3,0.8,1.1,7.5,,,0.2,,50,0.6
2025-10-27,7:25 AM,Orange Blossom Honey Barrel aged,g,8,1,23,0,6,0,,,,,,,,,,,,,,,,,,,,,,,,,,,,,,,,,,,,,,,6.5,,,,,,,,,,,,
2025-10-27,7:32 AM,Vanilla Syrup for Speciality Cofee,ml,10,1,34,0,8,0,,,,,,,,,,,,,,,,,,,,,,,,,,,,,,,,,,,,,1.2,,8.4,,,,,,,,,,,,
2025-10-27,7:34 AM,"Soft Pretzel, Salted",g,48,1,166,1,34,4,,,0.2,0.1,2,0.4,0,,11,,8,0.1,0.1,0.5,0.5,0.3,,0.8,11.5,0.1,1.9,0.1,0.3,0.1,10.1,0.2,0.1,0,,,0,0.4,0.2,37.9,42.2,8.3,261.6,,0.1,,0.1,0,0.1,0.2,,,,0.3,1.3,7,0.5
2025-10-27,11:50 AM,banana,g,120,1,107,0,27,1,,,0,0.1,0.8,0.4,0.4,,6,,12,0.1,0,0,0.1,0.1,,3.1,24,0.1,0.3,0,0.1,0.1,32.4,0.3,0,,,,,,0.1,26.4,429.6,1.2,1.2,6.5,14.7,,0,0,0,0.1,,10.4,,0.1,0.6,90,0.2
2025-10-27,11:50 AM,carrots,g,150,1,53,0,12,1,,,0.1,0.1,1,0.3,0.2,,45,,13,0,0.1,0,0.1,0,,4.5,21,0,0.5,0.1,0.1,0.1,15,0.2,0,,,,,,0.1,45,352.5,1.1,87,0.3,5.2,,0.2,0,0.1,0.1,,5.4,,1.5,20.6,135,0.3
2025-10-27,11:50 AM,chicken breast,g,150,1,248,5,0,47,,0.5,0.1,0.2,20.6,1.4,0.9,,22.5,128,128,0.1,0.6,1.9,1.2,1.5,,,6,1.4,1.6,2.5,3.5,4,43.5,0,1.3,,0,0,,,1.8,342,384,41.4,111,,,,2,0.5,1.6,2.3,,,,0.4,0.5,98,1.5
2025-10-27,6:00 PM,Pesto Prepared Refrigerated,g,58,1,242,22,6,6,,,0.1,0.4,0.3,1,0.1,,177.5,,,0,,12.9,3.8,4.1,,1,9.3,,0.3,,,,27.3,0.3,,0.7,,0,0.7,2.8,,158.3,324.8,,349.7,,3.7,,,,,,44.7,,,4.2,87.6,23,0.8
2025-10-27,6:54 PM,Cacio E Pepe Ravioli,cup,1,83,220,9,25,8,,,,,,,,,130,50,,,,,,6,,1,,,0.4,,,,,,,,,,,,,,100,,490,,5,,,,,,,,,,,,
2025-10-27,6:54 PM,Ground Turkey Cooked,g,150,1,305,16,0,41,,2,0.1,0.3,13.1,1.8,0.9,,42,140,117,0.2,0.4,5.2,4.4,4,,,10.5,1.2,2.3,1.8,3.4,3.7,45,0,1.2,0.2,0,0,0.2,3.8,1.6,381,441,46.7,117,,,,1.9,0.5,1.5,1.9,36,,0.3,0.2,,93,4.7
2025-10-27,8:00 PM,Cod Liver Oil,softgel,1,100,10,1,0,0,,,,,,,,,,,,,,,,,,,,,,,,,,,,,100,70,,,,,,,,,,,,,,,300,,10,,,,
2025-10-27,8:00 PM,Magnesium l-Threonate,capsules,4,0.05,0,0,0,0,,,,,,,,,,,,,,,,,,,,,,,,,144,,,,,,,,,,,,,,,,,,,,,,,,,,
2025-10-27,8:00 PM,Methyl Multi,capsules,2,50,0,0,0,0,,250,10,10,32,100,10,,50,,18,0.5,,,,,,,850,,,,,,50,0.3,,,,,,,,,49.5,50,30,,,,,,,,,125,2.5,67,30,,6.5
2025-10-28,6:00 AM,foccacia,g,30,1,75,2,11,3,,,0.1,0.1,1.1,0.2,0,,10.5,,1,0,,1.7,0.3,0.3,,0.5,41.4,,0.9,,,,6,0.1,,,,,,,,38.4,34.2,4.8,168.3,,0.5,,,,,,,,,0.4,1.7,14,0.4
2025-10-28,6:00 AM,milk,g,20,1,10,0,1,1,,0.1,0,0,0,0.1,0,,24,2,3,0,0,0.1,0,0.3,0,,1,0,0,0,0.1,0.1,2.2,0,0,0,,,,,0,18.4,28,0.5,9.4,,1,,0,0,0,0,,0,,0,0,18,0.1
2025-10-28,6:54 AM,"Eggs, Cooked",large,3,50,233,16,2,19,,1.7,0.1,0.8,0.1,2.1,0.2,,75,560,441,0,0.4,6.1,2.1,4.9,,,66,0.4,1.8,1,1.6,1.4,15,0,0.6,0,0.1,0,0.1,2,1,258,189,46.2,186,,1.7,,0.9,0.2,0.8,1.2,224,,3.3,1.5,0.4,112,1.6
2025-10-28,6:54 AM,Tomato Sauce,serving,2,63,50,0,12,2,,,,,,,,,,,,,,,,,,2,,,3.5,,,,,,,,,,,,,,540,,440,,6,,,,,,,,,,,,
2025-10-28,12:00 PM,"Asparagus, Cooked From Fresh","large - spear - 7 1/4 to 8 1/2"" long""",1,19,4,0,1,0,,,0,0,0.2,0,0,,4.4,,5,0,0,,0,0,,0.4,28.3,0,0.2,0,0,0,2.7,0,0,0,,,0,,0,10.3,42.6,1.2,2.7,,0.2,,0,0,0,0,9.6,1.5,,0.3,9.6,18,0.1
2025-10-28,12:00 PM,"Asparagus, Cooked From Fresh","large - spear - 7 1/4 to 8 1/2"" long""",1,19,4,0,1,0,,,0,0,0.2,0,0,,4.4,,5,0,0,,0,0,,0.4,28.3,0,0.2,0,0,0,2.7,0,0,0,,,0,,0,10.3,42.6,1.2,2.7,,0.2,,0,0,0,0,9.6,1.5,,0.3,9.6,18,0.1
2025-10-28,12:00 PM,"Asparagus, Cooked From Fresh","large - spear - 7 1/4 to 8 1/2"" long""",1,19,4,0,1,0,,,0,0,0.2,0,0,,4.4,,5,0,0,,0,0,,0.4,28.3,0,0.2,0,0,0,2.7,0,0,0,,,0,,0,10.3,42.6,1.2,2.7,,0.2,,0,0,0,0,9.6,1.5,,0.3,9.6,18,0.1
2025-10-28,12:00 PM,"Barbeque Sauce (Bbq), Store Bought",container,1,28,48,0,11,0,,,0,0,0.2,0,0,,9.2,,2,0,0,0,0,0,,0.3,0.6,0,0.2,0,0,0,3.6,0,0,0,,,0,0,0,5.6,65,0.4,287.6,,9.3,8,0,0,0,0,3.1,0.2,,0.2,0.5,15,0
2025-10-28,12:00 PM,"Beef Brisket Flat Cut Braised Trimmed to 1/8 Fat All Grades""",oz,4,28.33,328,21,0,33,,2.4,0.1,0.2,4.6,0.6,0.3,,18.1,120,125,0.1,0.4,9,0.8,8.3,,,10.2,1,2.8,1.4,2.5,2.6,21.5,0,0.8,,,,,,1.2,198.3,262.9,30.7,54.4,,,,1.2,0.2,1,1.6,,,,0.6,2,60,7.6
2025-10-28,12:00 PM,"Caesar Salad, With Dressing",g,100,1,161,12,11,4,,0.1,0.1,0.1,0.7,0.2,0.1,,79.9,11,13,0.1,0,3.2,4.9,2.6,,1.9,101.2,0.1,1,0.2,0.3,0.2,15.7,0.2,0.1,0.6,0,,0.6,4.3,0.2,71.1,191.2,9.2,425.8,,2,1,0.1,0,0.1,0.2,300.3,2.6,0.1,1.1,81.9,72,0.5
2025-10-28,12:00 PM,"Grits (Polenta), With Cheese",g,50,1,72,4,6,3,,0.3,0.1,0.1,0.3,0.2,0.1,,78.6,24,18,0,0,0.9,0.4,1.8,,0.3,15.4,0.1,0.3,0.2,0.3,0.2,7.5,0,0.1,0,0,0,0,0.3,0.2,67,54.4,4.7,160.6,,1.1,,0.1,0.1,0.1,0.2,47.3,0.2,0.3,0.2,3.1,45,0.4
2025-10-28,12:00 PM,Mexican Inspired Elote Street Corn,g,60,1,60,1,9,1,,,,,,,,,14.9,2,,,,,,0.5,,1,,,,,,,,,,,,,,,,,64.5,,109.1,,2.5,,,,,,,,,,,,
2025-10-28,12:00 PM,Pork Belly,slice,1,30,121,10,0,8,,0.3,0.2,0.1,1.5,0.2,0.1,,10.4,32,28,0,0.1,4.2,1.2,3.5,,,1.6,0.3,0.5,0.4,0.6,0.7,6.4,0,0.2,0,0,,0,1.1,0.3,59.6,85.4,11.9,25,,,,0.4,0.1,0.3,0.4,1.9,0.2,0.5,0.1,,12,1.3
2025-10-28,12:00 PM,"Shrimp, Cooked From Fresh",colossal - 16-20 per pound,1,25.2,25,0,0,6,,0.4,0,0,0.6,0.1,0.1,,17.6,48,31,0.1,0.1,0,0,0,,,5.5,0.1,0.1,0.3,0.5,0.6,9.8,0,0.2,0,0,0,0,0,0.3,59.7,65.3,11.3,28,,,,0.2,0.1,0.2,0.3,3.8,,0,0.1,0,19,0.4
2025-10-28,12:00 PM,Street Tacos White Corn Tortillas,tortilla,1,14.67,33,0,7,1,,,,,,,,,6.7,,,,,,0.2,,,0.7,,,0.1,,,,,,,,,,,,,,26.7,,6.7,,0.7,,,,,,,,,,,,
2025-10-28,8:00 PM,Chicken Breast Grilled Boneless Skinless,oz,4,28.33,168,4,0,33,,0.2,0.1,0.3,12.6,1.7,1.1,,6.8,120,122,0,0.4,1.5,0.8,1.1,,,,1.2,0.5,1.6,2.8,3.2,35.1,0,0.9,0,0,0,0,0.6,1.3,282.2,476,48.1,243.7,,,,1.5,0.4,1.2,1.7,11.3,,,0.4,,75,0.9
2025-10-28,8:00 PM,Street Tacos White Corn Tortillas,tortilla,4,14.67,133,1,27,3,,,,,,,,,26.7,,,,,,0.7,,,2.7,,,0.4,,,,,,,,,,,,,,106.7,,26.7,,2.7,,,,,,,,,,,,
2025-10-28,8:00 PM,Tortilla Chips,g,30,1,149,7,20,2,,,0,0,0.4,0.1,0.1,,31.2,,6,0,,2.6,2.8,0.8,,1.4,6.6,,0.4,,,,25.2,0.1,,0.1,,0,0.1,2.6,,70.2,61.8,2.5,93,,0.4,,,,,,2.4,,,0.9,0.2,1,0.4
2025-10-28,9:00 PM,Cod Liver Oil,softgel,1,100,10,1,0,0,,,,,,,,,,,,,,,,,,,,,,,,,,,,,100,70,,,,,,,,,,,,,,,300,,10,,,,
2025-10-28,9:00 PM,Magnesium l-Threonate,capsules,4,0.05,0,0,0,0,,,,,,,,,,,,,,,,,,,,,,,,,144,,,,,,,,,,,,,,,,,,,,,,,,,,
2025-10-28,9:00 PM,Methyl Multi,capsules,2,50,0,0,0,0,,250,10,10,32,100,10,,50,,18,0.5,,,,,,,850,,,,,,50,0.3,,,,,,,,,49.5,50,30,,,,,,,,,125,2.5,67,30,,6.5
2025-10-29,6:35 AM,foccacia,g,50,1,125,4,18,4,,,0.2,0.2,1.8,0.3,0.1,,17.5,,1,0,,2.8,0.5,0.4,,0.9,69,,1.6,,,,10,0.2,,,,,,,,64,57,8,280.5,,0.9,,,,,,,,,0.7,2.9,23,0.7
2025-10-29,6:35 AM,greek yogurt,g,180,1,106,1,6,18,,1.4,0,0.5,0.4,0.6,0.1,,198,9,27,0,,0.1,0,0.2,0,,12.6,,0.1,,,,19.8,0,,0,,,,,,243,253.8,17.5,64.8,,5.8,,,,,,,,,0,,153,0.9
2025-10-29,6:35 AM,whole milk,fl oz,4,30.5,74,4,6,4,,0.5,0.1,0.2,0.1,0.5,0,,137.9,12,17,0,0,1,0.2,2.3,,,6.1,0.1,0,0.2,0.4,0.3,12.2,0,0.1,,,,,,0.2,102.5,161,4.5,52.5,,6.2,,0.2,0,0.2,0.3,,,,0.1,0.4,108,0.5
2025-10-29,6:40 AM,blueberries,g,30,1,17,0,4,0,,,0,0,0.1,0,0,,1.8,,2,0,0,0,0,0,,0.7,1.8,0,0.1,0,0,0,1.8,0.1,0,,,,,,0,3.6,23.1,0,0.3,0,3,,0,0,0,0,,2.9,,0.2,5.8,25,0
2025-10-29,6:40 AM,honey,g,10,1,30,0,8,0,,,,0,0,0,0,,0.6,,0,0,0,,,,,0,0.2,0,0,0,0,0,0.2,0,0,,,,,,0,0.4,5.2,0.1,0.4,,8.2,,0,0,0,0,,0.1,,,,2,0
2025-10-29,6:40 AM,pecan,g,15,1,104,11,2,1,,,0.1,0,0.2,0.1,0,,10.5,,6,0.2,0,6.1,3.2,0.9,,1.4,3.3,0,0.4,0.1,0.1,0,18.1,0.7,0,,,,,,0.1,41.5,61.5,0.6,,0.1,0.6,,0,0,0,0.1,,0.2,,0.2,0.5,1,0.7
2025-10-29,12:00 PM,Caramel Cashew Protein Bar,serving,1,55,200,8,18,20,,,,,,,,,160,5,,,,,,3,,3,,,0.6,,,,,,,,,,,,,,150,,80,,1,,,,,,,,,,,,
2025-10-29,12:00 PM,Dark Chocolate Covered Mini Pretzels 240g Pack,pretzel,5,5.6,140,7,19,2,,,,,,,,,10,,,,,,,4,,2,,,1.4,,,,,,,,,,,,,,100,,160,,9,,,,,,,,,,,,
2025-10-29,12:00 PM,Desserts Oatmeal Raisin Cookie Small,cookie,1,100,120,5,16,1,,,,,,,,,,5,,,,,,2,,1,,,,,,,,,,,,,,,,,,,90,,10,,,,,,,,,,,,
2025-10-29,12:00 PM,Medium Banana,medium,1,126,110,0,29,1,,,,,,,,,,,,,,,,,,4,,,0.4,,,,,,,,,,,,,,400,,,,21,,,,,,,9,,,,,
2025-10-29,12:00 PM,"Peanut Butter, Natural, Unsalted",g,30,1,176,15,6,7,,,0,0.1,4.3,0.3,0.1,,17.4,,19,0.1,0.1,7.9,2.9,2.3,,2.5,29.1,0.2,0.5,0.2,0.5,0.3,53.4,0.5,0.1,0,,,0,2.9,0.4,108.9,190.2,2.8,1.8,,1.5,,0.2,0.1,0.3,0.3,,,,1.5,,1,0.8
2025-10-29,5:00 PM,Traditional Bavarian Soft Pretzels,prezel,2,60,300,4,58,10,,,,,,,,,,,,,,,,,,2,,,0.7,,,,,,,,,,,,,,,,520,,2,,,,,,,,,,,,
2025-10-29,5:08 PM,grilled chicken breast,g,95,1,141,3,0,28,,0.2,0.1,0.2,10.5,1.4,0.9,,5.7,101,102,0,0.3,1.3,0.7,1,0,,,1,0.4,1.4,2.3,2.7,29.4,0,0.7,0,0,0,,,1.1,236.6,399,40.3,204.3,,,,1.3,0.4,1,1.5,,,,0.3,,63,0.8
2025-10-29,5:08 PM,soft pretzel,g,15,1,51,0,10,1,,,0.1,0,0.6,,0,,3.4,,3,0,,0.2,0.1,0.1,,0.3,3.6,,0.6,,,,3.2,,,,,,,,,11.9,13.2,2.6,81.8,,0,,,,,,,,,0.1,0.4,2,0.1
2025-10-29,5:08 PM,spinach,g,100,1,23,0,4,3,,,0.1,0.2,0.5,0.1,0.2,,136,,20,0.2,0,0,0.1,0,,2.4,146,0.1,3.6,0.2,0.2,0.2,87,0.9,0.1,,,,,,0.1,56,466,1.5,70,,0.4,,0.1,0,0.1,0.2,,9.8,,2.1,493.6,91,0.8
2025-10-29,8:18 PM,Horchata Inspired Ice Cream,g,50,1,126,7,13,2,,,,,,,,,56.9,30,,,,,,4.5,,,,,0.1,,,,,,,,,,,,,,56.9,,54.9,,11.8,,,,,,,,,,,,
2025-10-29,8:34 PM,Signature Uncured Pepperoni,pizza,0.125,369.7,125,6,11,6,,,,,,,,,87.1,15,,,,,,3,,0.4,,,0.8,,,,,,,,,,,,,,60.6,,284.1,,1.5,,,,,,,,,,,,
2025-10-29,9:00 PM,Cod Liver Oil,softgel,1,100,10,1,0,0,,,,,,,,,,,,,,,,,,,,,,,,,,,,,100,70,,,,,,,,,,,,,,,300,,10,,,,
2025-10-29,9:00 PM,Magnesium l-Threonate,capsules,4,0.05,0,0,0,0,,,,,,,,,,,,,,,,,,,,,,,,,144,,,,,,,,,,,,,,,,,,,,,,,,,,
2025-10-29,9:00 PM,Methyl Multi,capsules,2,50,0,0,0,0,,250,10,10,32,100,10,,50,,18,0.5,,,,,,,850,,,,,,50,0.3,,,,,,,,,49.5,50,30,,,,,,,,,125,2.5,67,30,,6.5
2025-10-30,7:48 AM,chocolate chip cookie,"medium (3 diameter)""",0.5,30,74,4,10,1,,0,0,0,0.4,,0,2,3.1,,2,0,0,0.9,1.3,1.2,0.1,0.3,10.8,0,0.8,0,0,0,6.2,0.1,0,0.1,,,,,0,16.4,25.6,0.6,46.6,4.2,4.9,,0,0,0,0,,,,0.3,5.1,1,0.1
2025-10-30,7:48 AM,eggs over easy,large,2,46,180,14,1,13,,0.9,0,0.5,0.1,1.5,0.2,,57,369,292,0.1,0.3,5.7,3,4,,,46.9,0.3,1.7,0.7,1.1,0.9,12,0,0.4,,0.1,,,,0.7,197.8,139.8,30.5,190.4,,0.4,,0.6,0.2,0.5,0.9,,,,1.2,5.2,64,1.3
2025-10-30,7:49 AM,Vanilla Syrup for Speciality Cofee,ml,10,1,34,0,8,0,,,,,,,,,,,,,,,,,,,,,,,,,,,,,,,,,,,,,1.2,,8.4,,,,,,,,,,,,
2025-10-30,10:08 AM,Sprouted Grain Vegan Bagel,serving,1,100,330,6,57,12,,,,,,,,,,,,,,,,0.5,,7,,,,,,,,,,,,,,,,,,,490,,4,,,,,,,,,,,,
2025-10-30,1:00 PM,meatballs,medium meatballs,4,28.35,324,25,9,16,,1.1,0.2,0.3,3.5,1,0.2,,90.7,75,51,0.1,,10.4,3.8,8.6,0.6,2.6,40.8,,2,,,,35.2,0.3,,0.2,0,0,,,,271,335.7,17.4,755.2,2.6,3.9,,,,,,,,,0.5,9.3,61,1.9
2025-10-30,1:00 PM,penne,cup spaghetti not packed,0.5,124,98,1,19,4,,,0.2,0.1,1,0.1,0,,4.3,,4,0.1,0.1,0.1,0.2,0.1,,1.1,45.3,0.1,0.8,0.1,0.3,0.1,11.2,0.2,0,0,,,,,0.2,36,27.3,16.4,0.6,16.1,0.3,,0.1,0.1,0.1,0.2,,,,0,,39,0.3
2025-10-30,3:32 PM,chocolate chip cookie,"medium (3 diameter)""",0.25,30,37,2,5,0,,0,0,0,0.2,,0,1,1.6,,1,0,0,0.5,0.6,0.6,0,0.1,5.4,0,0.4,0,0,0,3.1,0,0,0.1,,,,,0,8.2,12.8,0.3,23.3,2.1,2.5,,0,0,0,0,,,,0.2,2.5,0,0.1
2025-10-30,3:32 PM,whole milk,g,40,1,24,1,2,1,,0.2,0,0.1,0,0.1,0,,45.2,4,6,0,0,0.3,0.1,0.7,,,2,0,0,0.1,0.1,0.1,4,0,0,,,,,,0.1,33.6,52.8,1.5,17.2,,2,,0.1,0,0.1,0.1,,,,0,0.1,35,0.1
2025-10-30,5:00 PM,cotija,g,18,1,66,5,1,4,,0.4,0,0.1,0,,0,,144,18,3,0,,1.5,0.2,3.1,,,1.8,,,,,,6.8,,,,,,,,,131.2,22.5,3.2,252,,,,,,,,,,,0,0.3,7,0.7
2025-10-30,5:00 PM,tortilla chips,g,20,1,94,4,14,1,,0.1,0,0,0.2,0.1,0,,21.2,,4,0,,1.1,2.2,0.6,,1.1,2.4,,0.3,,,,16.8,0.1,,0,,,,,,45,36.4,0.9,65.6,12.5,0.2,,,,,,,,,0.7,4.2,1,0.3
2025-10-30,7:09 PM,broccoli,g,100,1,35,0,7,2,,,0.1,0.1,0.6,0.6,0.2,,40,,40,0.1,0,0,0.2,0.1,,3.3,108,0.1,0.7,0.1,0.1,0.2,21,0.2,0,,,,,,0.1,67,293,1.6,41,,1.4,,0.1,0,0.1,0.1,,64.9,,1.4,141.1,89,0.5
2025-10-30,7:09 PM,carrots,g,50,1,18,0,4,0,,,0,0,0.3,0.1,0.1,,15,,4,0,0,0,0,0,,1.5,7,0,0.2,0,0,0,5,0.1,0,,,,,,0,15,117.5,0.3,29,0.1,1.7,,0.1,0,0,0,,1.8,,0.5,6.8,45,0.1
2025-10-30,7:09 PM,cooked ground turkey,g,150,1,387,26,0,38,,2.4,0.1,0.4,11.6,2.1,0.7,,73.5,159,115,0.3,0.4,9.1,6.9,6.9,0.3,,10.5,1.1,3,1.7,3.1,3.4,42,0,1.1,0.3,0,0,,,1.5,394.5,414,54.1,127.5,,,,1.7,0.4,1.3,1.7,,,,0.1,,85,5.3
2025-10-30,7:09 PM,white rice,g,50,1,65,0,14,1,,,0.1,0,0.7,0.2,0,,5,,1,0,0,0,0,0,,0.2,29,0,0.6,0.1,0.1,0,6,0.2,0,,,,,,0.1,21.5,17.5,3.8,0.5,,0,,0,0,0,0.1,,,,0,,34,0.2
2025-10-30,8:00 PM,Cod Liver Oil,softgel,1,100,10,1,0,0,,,,,,,,,,,,,,,,,,,,,,,,,,,,,100,70,,,,,,,,,,,,,,,300,,10,,,,
2025-10-30,8:00 PM,Magnesium l-Threonate,capsules,4,0.05,0,0,0,0,,,,,,,,,,,,,,,,,,,,,,,,,144,,,,,,,,,,,,,,,,,,,,,,,,,,
2025-10-30,8:00 PM,Methyl Multi,capsules,2,50,0,0,0,0,,250,10,10,32,100,10,,50,,18,0.5,,,,,,,850,,,,,,50,0.3,,,,,,,,,49.5,50,30,,,,,,,,,125,2.5,67,30,,6.5
2025-10-31,6:00 AM,blueberries,g,18,1,10,0,3,0,,,0,0,0.1,0,0,,1.1,,1,0,0,0,0,0,,0.4,1.1,0,0.1,0,0,0,1.1,0.1,0,,,,,,0,2.2,13.9,0,0.2,0,1.8,,0,0,0,0,,1.7,,0.1,3.5,15,0
2025-10-31,6:00 AM,honey,g,3,1,9,0,2,0,,,,0,0,0,0,,0.2,,0,0,0,,,,,0,0.1,,0,0,0,0,0.1,0,,,,,,,0,0.1,1.6,0,0.1,,2.5,,0,0,0,0,,0,,,,1,0
2025-10-31,6:00 AM,milk whole,g,100,1,61,3,5,3,,0.5,0,0.2,0.1,0.4,0,,113,10,14,0,0,0.8,0.2,1.9,,,5,0.1,0,0.2,0.3,0.3,10,0,0.1,,,,,,0.2,84,132,3.7,43,,5,,0.1,0,0.2,0.2,,,,0.1,0.3,88,0.4
2025-10-31,6:00 AM,muesli,g,35,1,123,1,27,4,,0,0.1,0.1,0.7,,0.1,,51.4,,11,0.1,,0.5,0.3,0.2,,3.2,10.5,,1.1,,,,32.9,,,,,,,,,129.8,146.3,6.1,9.4,,7,,,,,,,3,,0.2,0.9,3,1.1
2025-10-31,8:44 AM,broccoli,floret,1,10,4,0,1,0,,,0,0,0.1,0.1,0,,4,,4,0,0,0,0,0,,0.3,10.8,0,0.1,0,0,0,2.1,0,0,,,,,,0,6.7,29.3,0.2,4.1,,0.1,,0,0,0,0,,6.5,,0.1,14.1,9,0
2025-10-31,8:44 AM,cooked ground turkey,g,100,1,258,17,0,25,,1.6,0.1,0.3,7.7,1.4,0.5,,49,106,77,0.2,0.3,6,4.6,4.6,0.2,,7,0.7,2,1.1,2.1,2.3,28,0,0.7,0.2,0,0,,,1,263,276,36.1,85,,,,1.2,0.3,0.9,1.2,,,,0.1,,57,3.6
2025-10-31,8:44 AM,sesame seeds,g,5,1,28,2,1,1,,,0,0,0.2,0,0,,49.5,,,0.1,0,0.9,1.1,0.3,,0.7,4.9,0,0.7,0,0.1,0,17.8,0.1,0,,,,,,0,31.9,23.8,1.7,0.6,,,,0,0,0,0,,,,,,0,0.4
2025-10-31,8:44 AM,soft pretzel,g,39,1,132,1,27,3,,,0.2,0.1,1.7,,0,,9,,7,0,,0.4,0.4,0.3,,0.7,9.4,,1.5,,,,8.2,,,,,,,,,30.8,34.3,6.7,212.6,,0.1,,,,,,,,,0.2,1.1,6,0.4
2025-10-31,8:44 AM,steamed carrots,g,90,1,31,0,7,1,,,0.1,0,0.6,0.2,0.1,,27,,8,0,0.1,0,0.1,0,,2.7,12.6,0,0.3,0.1,0.1,0.1,9,0.1,0,,,,,,0,27,211.5,0.6,52.2,0.2,3.1,,0.1,0,0,0.1,,3.2,,0.9,12.3,81,0.2
2025-10-31,9:00 AM,dark chocolate pretzels,serving,1,28,131,5,20,2,,0.1,0.1,0.1,0.7,0.1,0,2,39.5,,11,0.1,0,0.9,0.8,2.4,,1,20.7,0,0.7,0,0.1,0,9.8,0.1,0,,,,,,0.1,35.8,55.7,4.1,138.3,,10.9,,0,0,0,0,,,,0.2,3.1,1,0.4
2025-10-31,12:42 PM,beef,oz,6,28.33,440,28,0,44,,3.1,0.1,0.3,9.3,0.8,0.8,,22.1,148,142,0.1,0.5,12.6,1.2,11.5,0.9,,11.9,1.5,3.7,2.1,3.7,4,34,0,1.2,0,0,0,,,1.8,306,460.7,48.1,85,,,,1.9,0.4,1.5,2.2,,,,0.5,2.4,97,8.7
2025-10-31,12:42 PM,greens,"cup, chopped",1,190,63,1,11,5,,,0.1,0.2,1.1,0.4,0.2,,267.9,,73,0.1,0,0,0.3,0.1,,7.6,30.4,0.1,2.1,0.2,0.2,0.2,39.9,1,0.1,,,,,,0.1,60.8,222.3,1,28.5,,0.8,,0.1,0.1,0.1,0.2,,34.6,,1.7,772.5,171,0.4
2025-10-31,6:26 PM,chili,cups,2,240,566,34,29,36,,4.9,0.1,0.5,6,0.8,0.6,,144,101,203,0.9,,11.9,2.4,10.8,,2.4,38.4,0.8,9.6,1.4,2.7,1.9,96,1.3,0.5,,0,0,,,1.4,369.6,888,31.2,1972.8,16.1,5.3,,1.5,,0.9,1.8,,8.6,,2.8,10.6,373,5.4
2025-10-31,6:26 PM,gummies,gummy bears,4,2.2,35,0,9,0,,,0,0,0,0,0,,0.3,,,0,,,,,,0,,,0,,,,0.1,0,,,,,,,,0.1,0.4,0.1,3.9,,5.2,,,,,,,,,,,0,
2025-10-31,6:26 PM,m and ms,package (1.69 oz),0.2,48,47,2,7,0,,0.1,0,0,0,0,0,1,10.1,1,2,0,,0.5,0.1,1.3,,0.3,0.8,,0.1,,,,4.2,0,,,,,,,,14,25.1,0.3,5.9,,6.1,,,,,,,0,,0,0.4,0,0.2
2025-10-31,6:26 PM,mandarin orange,"cup, sections",1,195,103,1,26,2,,,0.1,0.1,0.7,0.4,0.2,,72.2,,20,0.1,0,0.1,0.1,0.1,,3.5,31.2,0,0.3,0,0.1,0.1,23.4,0.1,0,,,,,,0,39,323.7,0.2,3.9,,20.6,,0,0,0,0,,52.1,,0.4,,166,0.1
2025-10-31,6:26 PM,peanut,peanut,0,1,0,0,0,0,,,0,0,0,0,0,,0,,0,0,0,0,0,0,0,0,0,0,0,0,0,0,0,0,0,0,,,,,0,0,0,0,0,0,0,,0,0,0,0,,,,0,,0,0
2025-10-31,6:26 PM,skittles,serving 2.17 oz pack,0,62,0,0,0,0,,,,0,0,0,0,,,,,0,,,,0,,,,,,,,,0,0,,,,,,,,0,0,0,0,,0,,,,,,,0,,0,0,0,0
2025-10-31,6:26 PM,soup crackers,g,20,1,84,2,15,2,,0,0.1,0.1,1.3,0.1,0,,3.8,,3,0,0,0.4,1,0.3,0,0.6,26.8,0,1.1,0.1,0.1,0,4.6,0.1,0,0.1,,,,,0.1,20.4,30.4,2.1,188.2,13.6,0.3,,0.1,0,0,0.1,,,,0.2,5.1,1,0.1
2025-10-31,8:00 PM,Cod Liver Oil,softgel,1,100,10,1,0,0,,,,,,,,,,,,,,,,,,,,,,,,,,,,,100,70,,,,,,,,,,,,,,,300,,10,,,,
2025-10-31,8:00 PM,Magnesium l-Threonate,capsules,4,0.05,0,0,0,0,,,,,,,,,,,,,,,,,,,,,,,,,144,,,,,,,,,,,,,,,,,,,,,,,,,,
2025-10-31,8:00 PM,Methyl Multi,capsules,2,50,0,0,0,0,,250,10,10,32,100,10,,50,,18,0.5,,,,,,,850,,,,,,50,0.3,,,,,,,,,49.5,50,30,,,,,,,,,125,2.5,67,30,,6.5
2025-11-01,6:00 AM,Traditional Bavarian Soft Pretzels,g,100,1,250,3,48,8,,,,,,,,,,,,,,,,,,1.7,,,0.6,,,,,,,,,,,,,,,,433.3,,1.7,,,,,,,,,,,,
2025-11-01,6:00 AM,airhead,bar,0.5,15,31,1,7,0,,,,0,,,,,0.1,,0,0,0,0.3,0,0.1,0.1,0,,0,0,0,0,0,0.1,0,0,0,,,,,0,0.3,0.2,0.1,0.3,,4.5,,0,0,0,0,,,,0,0.1,0,0
2025-11-01,6:00 AM,tootsie rolls,piece,3,6.6,77,1,17,0,,,0,0,0,0.1,0,1,7.1,0,,0,,0.4,0.1,0.2,,0,1.8,0,0.2,0,0,0,4.4,0,0,0,,,,,0,11.3,23,0.4,8.7,3,11.2,,0,0,0,0,,,,0.1,1.9,1,0.1
2025-11-01,11:45 AM,"Bacon, Pork",oz,1,28.35,133,10,0,10,,0.3,0.2,0.1,3,0.3,0.2,,3.1,28,25,0,0.1,4.4,1.7,3.4,,,,0.4,0.3,0.5,0.8,0.9,8.8,0,0.3,0.1,0,0,0.1,1.5,0.4,110,141.5,14.4,477.4,,0.3,0.3,0.4,0.1,0.4,0.5,3.1,,0.1,0.1,,7,0.9
2025-11-01,11:45 AM,"Bagel, Whole Grain White, Plain or Seasoned",bagel thin,1,46,121,1,25,5,,0,0.3,0.2,2.1,0.2,0.1,,42.8,,6,0.1,0.1,0.1,0.3,0.1,,2,33.3,0.1,1.9,0.2,0.3,0.1,23.1,0.6,0.1,0,,,0,0.3,0.2,69.3,76.1,5.9,171,,4.3,4.2,0.1,0.1,0.1,0.2,0.1,0,,0.1,0.3,15,0.6
2025-11-01,11:45 AM,Mayonnaise,g,10,1,68,7,0,0,,0,0,0,,0,0,,0.8,4,3,0,0,1.7,4.5,1.2,,,0.5,0,0,0,0,0,0.1,0,0,0.5,0,,0.5,3.9,0,2.1,2,0.2,63.5,,0.1,0,0,0,0,0,1.6,,0,0.3,16.3,2,0
2025-11-01,11:45 AM,Turkey Breast Low Salt Prepackaged or Deli Meat,oz,4,28.5,124,1,4,25,,0.1,0.1,0.4,0.1,0.2,0.1,,9.1,50,76,0.1,0.2,0.3,0.2,0.2,,0.6,4.6,0.6,0.7,1,1.6,1.8,23.9,0,0.6,,0,,,,0.8,184.7,240.5,26,880.1,,4,,0.9,0.2,0.8,1,11.4,6.5,0.1,0.1,,81,1.5
2025-11-01,7:32 PM,carrots,g,50,1,18,0,4,0,,,0,0,0.3,0.1,0.1,,15,,4,0,0,0,0,0,,1.5,7,0,0.2,0,0,0,5,0.1,0,,,,,,0,15,117.5,0.3,29,0.1,1.7,,0.1,0,0,0,,1.8,,0.5,6.8,45,0.1
2025-11-01,7:32 PM,cooked ground turkey,g,100,1,258,17,0,25,,1.6,0.1,0.3,7.7,1.4,0.5,,49,106,77,0.2,0.3,6,4.6,4.6,0.2,,7,0.7,2,1.1,2.1,2.3,28,0,0.7,0.2,0,0,,,1,263,276,36.1,85,,,,1.2,0.3,0.9,1.2,,,,0.1,,57,3.6
2025-11-01,7:32 PM,egg,large,1,50,72,5,0,6,,0.4,0,0.2,0,0.8,0.1,,28,186,147,0,0.1,1.8,1,1.6,0,,23.5,0.2,0.9,0.3,0.5,0.5,6,0,0.2,0,0,,,,0.3,99,69,15.3,71,,0.2,,0.3,0.1,0.2,0.4,,,,0.5,0.1,38,0.6
2025-11-01,7:32 PM,white rice,g,100,1,130,0,28,3,,,0.2,0,1.5,0.4,0.1,,10,,2,0.1,0.1,0.1,0.1,0.1,,0.4,58,0.1,1.2,0.1,0.2,0.1,12,0.5,0.1,,,,,,0.1,43,35,7.5,1,,0.1,,0.1,0,0.1,0.2,,,,0,,68,0.5
2025-11-01,9:00 PM,Cod Liver Oil,softgel,1,100,10,1,0,0,,,,,,,,,,,,,,,,,,,,,,,,,,,,,100,70,,,,,,,,,,,,,,,300,,10,,,,
2025-11-01,9:00 PM,Magnesium l-Threonate,capsules,4,0.05,0,0,0,0,,,,,,,,,,,,,,,,,,,,,,,,,144,,,,,,,,,,,,,,,,,,,,,,,,,,
2025-11-01,9:00 PM,Methyl Multi,capsules,2,50,0,0,0,0,,250,10,10,32,100,10,,50,,18,0.5,,,,,,,850,,,,,,50,0.3,,,,,,,,,49.5,50,30,,,,,,,,,125,2.5,67,30,,6.5
2025-11-02,6:00 AM,foccacia,g,50,1,125,4,18,4,,,0.2,0.2,1.8,0.3,0.1,,17.5,,1,0,,2.8,0.5,0.4,,0.9,69,,1.6,,,,10,0.2,,,,,,,,64,57,8,280.5,,0.9,,,,,,,,,0.7,2.9,23,0.7
2025-11-02,11:10 AM,blueberries,g,38,1,22,0,6,0,,,0,0,0.2,0,0,,2.3,,2,0,0,0,0.1,0,,0.9,2.3,0,0.1,0,0,0,2.3,0.1,0,,,,,,0,4.6,29.3,0,0.4,0,3.8,,0,0,0,0,,3.7,,0.2,7.3,32,0.1
2025-11-02,11:10 AM,greek yogurt,g,180,1,106,1,6,18,,1.4,0,0.5,0.4,0.6,0.1,,198,9,27,0,,0.1,0,0.2,0,,12.6,,0.1,,,,19.8,0,,0,,,,,,243,253.8,17.5,64.8,,5.8,,,,,,,,,0,,153,0.9
2025-11-02,11:10 AM,honey,g,11,1,33,0,9,0,,,,0,0,0,0,,0.7,,0,0,0,,,,,0,0.2,0,0,0,0,0,0.2,0,0,,,,,,0,0.4,5.7,0.1,0.4,,9,,0,0,0,0,,0.1,,,,2,0
2025-11-02,11:10 AM,walnuts,g,28,1,183,18,4,4,,,0.1,0,0.3,0.2,0.2,,27.4,,11,0.4,0.1,2.5,13.2,1.7,,1.9,27.4,0.1,0.8,0.2,0.3,0.1,44.2,1,0.1,,,,,,0.2,96.9,123.5,1.4,0.6,0,0.7,,0.2,0,0.1,0.2,,0.4,,0.2,0.8,1,0.9
2025-11-02,1:53 PM,chicken,oz,2,28.34,125,7,0,14,,0.4,0,0.1,4,0.6,0.2,,7.4,53,,0,0.2,3,1.6,2.1,,,13,0.4,0.9,0.7,1,1.1,11.3,0,0.4,,0,0,,,0.5,101.4,115.6,8.9,40.2,,,,0.6,0.2,0.4,0.7,,0.2,,,,35,1
2025-11-02,1:53 PM,grilled onion,cup,0.5,210,105,7,10,1,,,0,0,0.2,0.1,0.1,,21.6,,7,0.1,0,5.2,0.8,1,,1.4,14.7,0,0.3,0,0,0.1,10.8,0.1,0,,,,,,0,34.3,162.7,0.6,3.1,,4.6,,0,0,0,0,,5.1,,1,4.7,86,0.2
2025-11-02,1:53 PM,grilled steak,oz,2,28.34,158,10,0,15,,1,0,0.1,4,0.3,0.3,,9.6,55,56,0,0.2,4.4,0.4,4.1,,,4.5,0.5,1,0.7,1.2,1.3,11.9,0,0.4,,,,,,0.6,110.5,179.1,15.9,29.5,,,,0.6,0.1,0.5,0.7,,,,0.3,0.9,31,2.6
2025-11-02,1:53 PM,refried beans,oz,2,28.35,51,1,8,3,,,0,0,0.2,0.1,0.1,,16.4,,12,0.1,0,0.3,0.3,0.4,0,2.1,6.2,0.1,0.8,0.1,0.2,0.2,19.8,0.2,0,0.1,,,,,0.2,52.2,180.9,3.3,209.8,4.2,0.3,,0.1,0,0.1,0.2,,3.4,,0.1,1.2,44,0.3
2025-11-02,1:57 PM,tortilla chips,g,35,1,165,7,24,2,,0.1,0,0,0.3,0.1,0.1,,37.1,,7,0,,2,3.8,1,,1.9,4.2,,0.5,,,,29.4,0.1,,0.1,,,,,,78.8,63.7,1.5,114.8,21.9,0.3,,,,,,,,,1.2,7.3,1,0.5
2025-11-02,6:02 PM,Wafer Cookie,bar,0.5,55,145,8,17,1,,,,,,,,,30,2,,,,,,6.5,,1,,,0.2,,,,,,,,,,,,,,,,37.5,,9.5,8.5,,,,,,,,,,,
2025-11-02,7:00 PM,Cod Liver Oil,softgel,1,100,10,1,0,0,,,,,,,,,,,,,,,,,,,,,,,,,,,,,100,70,,,,,,,,,,,,,,,300,,10,,,,
2025-11-02,7:00 PM,Magnesium l-Threonate,capsules,4,0.05,0,0,0,0,,,,,,,,,,,,,,,,,,,,,,,,,144,,,,,,,,,,,,,,,,,,,,,,,,,,
2025-11-02,7:00 PM,Methyl Multi,capsules,2,50,0,0,0,0,,250,10,10,32,100,10,,50,,18,0.5,,,,,,,850,,,,,,50,0.3,,,,,,,,,49.5,50,30,,,,,,,,,125,2.5,67,30,,6.5
2025-11-03,9:19 AM,chocolate wafer,oz,1,28.35,123,4,21,2,,0,0.1,0.1,0.8,0.1,0,3,8.8,1,4,0.1,0,1.4,1.2,1.2,,1,13.3,0,1.1,0.1,0.1,0.1,15,0.2,0,,0,0,,,0.1,37.4,59.5,1.6,164.4,,10.6,,0.1,0,0.1,0.1,,,,0.2,0.7,1,0.3
2025-11-03,9:19 AM,muesli,g,35,1,123,1,27,4,,0,0.1,0.1,0.7,,0.1,,51.4,,11,0.1,,0.5,0.3,0.2,,3.2,10.5,,1.1,,,,32.9,,,,,,,,,129.8,146.3,6.1,9.4,,7,,,,,,,3,,0.2,0.9,3,1.1
2025-11-03,9:19 AM,whole milk,g,60,1,37,2,3,2,,0.3,0,0.1,0.1,0.2,0,,67.8,6,9,0,0,0.5,0.1,1.1,,,3,0.1,0,0.1,0.2,0.2,6,0,0,,,,,,0.1,50.4,79.2,2.2,25.8,,3,,0.1,0,0.1,0.1,,,,0,0.2,53,0.2
2025-11-03,10:12 AM,2% milk,g,30,1,15,1,1,1,,0.2,0,0.1,0,0.1,0,,36,2,5,0,0,0.2,0,0.4,0,,1.5,0,0,0.1,0.1,0.1,3.3,0,0,0,,,,,0.1,27.6,42,0.8,14.1,,1.5,,0,0,0.1,0.1,,0.1,,0,0.1,27,0.1
2025-11-03,10:12 AM,chocolate protein powder,scoop,1,32,113,1,2,25,,0.8,0.2,0.6,0.4,1.8,0.2,,150.1,5,72,0,,0.1,0.1,0.2,,1,10.6,,0.4,,,,62.4,,,,,,,,,422.7,160,8.5,49.9,,,,,,,,,,,,,1,2
2025-11-03,10:12 AM,medium banana,"medium (7 to 7-7/8"" long)""",1,118,105,0,27,1,,,0,0.1,0.8,0.4,0.4,,5.9,,12,0.1,0,0,0.1,0.1,,3.1,23.6,0.1,0.3,0,0.1,0.1,31.9,0.3,0,,,,,,0.1,26,422.4,1.2,1.2,6.3,14.4,,0,0,0,0.1,,10.3,,0.1,0.6,88,0.2
2025-11-03,10:12 AM,peanut butter,g,20,1,118,10,5,4,,,0,0,2.6,0.2,0.1,,10.8,,13,0.1,0,4.1,2.3,1.9,,1.1,7,0.1,0.4,0.1,0.3,0.1,35.8,0.3,0.1,,,0,,,0.2,67,118.4,8.1,95.2,0.9,1.3,,0.1,0,0.2,0.2,,,,1.2,,0,0.5
2025-11-03,12:22 PM,Large Hard Boiled Eggs,egg,2,50,140,10,0,12,,1,,0.5,,,0.2,,40,370,,,,,,3,,,48,,1.4,,,,,,,,,,,,,200,140,,140,,,,,,,,,,,,,,1.2
2025-11-03,12:22 PM,Original Style Protein Chips Sour Cream & Onion,serving,1,32,140,5,4,19,,,,,,,,,58,10,,,,,,1,,1,,,0.1,,,,,,,,,,,,,,19,,340,,1,,,,,,,,,,,,
2025-11-03,5:32 PM,Wild Caught Chunk Light Tuna in Water 142g Can,can,1,113,90,0,0,20,,2.9,,,12.8,,0.2,,,45,,,,,,,,,,,1.4,,,,,,,,,,,,,,188,77,360,,,,,,,,,,,,,,
2025-11-03,5:32 PM,foccacia,g,53,1,132,4,19,5,,,0.2,0.2,1.9,0.3,0.1,,18.6,,2,0,,3,0.5,0.5,,1,73.1,,1.7,,,,10.6,0.2,,,,,,,,67.8,60.4,8.4,297.3,,0.9,,,,,,,,,0.8,3,24,0.7
2025-11-03,7:00 PM,ground turkey cooked,g,200,1,516,35,0,50,,3.2,0.2,0.5,15.4,2.8,0.9,,98,212,153,0.4,0.5,12.1,9.2,9.1,0.4,,14,1.5,4,2.3,4.2,4.5,56,0,1.5,0.4,0,0,,,2,526,552,72.2,170,,,,2.3,0.6,1.8,2.3,,,,0.2,,113,7.1
2025-11-03,7:00 PM,spaghetti,g,100,1,150,1,30,5,,,0.4,0.2,2.9,0.2,0.1,,10.3,,6,0.1,0.1,0.1,0.2,0.1,,1.3,96,0.1,1.3,0.2,0.4,0.1,22.1,0.4,0.1,0,,,,,0.3,76.5,90.3,25.6,4.8,25.3,1.1,,0.2,0.1,0.1,0.2,,,,0,0,63,0.6
2025-11-03,7:00 PM,tomato sauce,g,100,1,24,0,5,1,,,0,0.1,1,0.3,0.1,,14,,10,0.1,0,0,0.1,0,,1.5,9,0,1,0,0,0,15,0.1,0,,,,,,0,27,297,0.6,474,,3.6,,0,0,0,0,,7,,1.4,2.8,91,0.2
2025-11-03,8:00 PM,Cod Liver Oil,softgel,1,100,10,1,0,0,,,,,,,,,,,,,,,,,,,,,,,,,,,,,100,70,,,,,,,,,,,,,,,300,,10,,,,
2025-11-03,8:00 PM,Magnesium l-Threonate,capsules,4,0.05,0,0,0,0,,,,,,,,,,,,,,,,,,,,,,,,,144,,,,,,,,,,,,,,,,,,,,,,,,,,
2025-11-03,8:00 PM,Methyl Multi,capsules,2,50,0,0,0,0,,250,10,10,32,100,10,,50,,18,0.5,,,,,,,850,,,,,,50,0.3,,,,,,,,,49.5,50,30,,,,,,,,,125,2.5,67,30,,6.5
2025-11-04,7:00 AM,bacon,strip,1,11.5,54,4,0,4,,0.1,0.1,0,1.2,0.1,0.1,,1.3,11,10,0,0,1.8,0.7,1.4,0,,,0.2,0.1,0.2,0.3,0.3,3.6,0,0.1,0,0,0,,,0.2,44.6,57.4,5.8,193.7,,,,0.2,0,0.2,0.2,,,,0,,3,0.4
2025-11-04,7:00 AM,eggs scrambled,large,2,61,182,13,2,12,,0.9,0,0.5,0.1,1.5,0.2,,80.5,338,270,0.1,0.3,5.4,3,4.1,,,43.9,0.3,1.6,0.6,1.1,0.9,13.4,0,0.4,,0.1,,,,0.7,201.3,161,28.7,176.9,,1.7,,0.5,0.2,0.5,0.8,,,,1.4,4.9,93,1.3
2025-11-04,7:00 AM,flour tortilla,"tortilla (approx 7-8 dia)""",0.8,49,127,3,22,3,,,0.2,0.1,1.4,0.2,0,,15.3,,,0.1,0.1,1.5,0.4,0.7,,1.3,48.2,0.1,1.3,0.1,0.2,0.1,10.2,0.2,0.1,,,,,,0.2,48.6,51.4,9.2,187.4,,,,0.1,0,0.1,0.1,,,,,,11,0.3
2025-11-04,7:00 AM,green salsa,Tbsp,2,15,11,0,2,0,,,0,0,0.5,0,0,,2.7,,2,0,,,,,,0.6,2.4,,0.2,,,,5.7,0,,,,,,,,12.3,77.7,0.2,180,,1.1,,,,,,,3.7,,0.1,4.1,27,0.1
2025-11-04,7:00 AM,spinach,g,50,1,12,0,2,1,,,0,0.1,0.2,0.1,0.1,,68,,10,0.1,0,0,0.1,0,,1.2,73,0,1.8,0.1,0.1,0.1,43.5,0.5,0,,,,,,0.1,28,233,0.8,35,,0.2,,0.1,0,0.1,0.1,,4.9,,1,246.8,46,0.4
2025-11-04,12:58 PM,Baklava,"piece - 2 x 2""""",0.5,74.6,179,14,13,2,,,0.1,0,0.5,0.1,0.1,,10.3,17,5,0.1,0,2.6,5.7,4.1,,0.6,16.4,0,0.5,0.1,0.1,0.1,13.7,0.3,0,1,,0,1,4.7,0.1,38.7,46,2.5,61.2,,7.2,6.9,0.1,0,0.1,0.1,53.8,0.2,0,0.4,4.9,7,0.3
2025-11-04,12:58 PM,Gyro Sandwich,sandwich,1,198,396,17,42,18,,1.1,0.5,0.3,4.3,0.5,0.2,,106.7,37,49,0.2,0.3,7.1,1,7.1,,2.4,90.5,0.5,3.2,0.8,1.4,1.1,35.9,0.5,0.4,0.2,,0,0.2,0.7,0.8,186.8,319.9,25.6,816.1,,4,0.3,0.6,0.2,0.5,0.8,20.7,6,0.2,0.5,4.7,120,2.7
2025-11-04,6:00 PM,Honey Vanilla Bean Ice Cream,oz,6,28.35,415,26,39,7,,,,,,,,,230.9,83,,,,,,16.6,,,,,,,,,,,,,,,,,,,316.7,,172.9,,31.8,,,,,,,,,,,,
2025-11-04,9:00 PM,Cod Liver Oil,softgel,1,100,10,1,0,0,,,,,,,,,,,,,,,,,,,,,,,,,,,,,100,70,,,,,,,,,,,,,,,300,,10,,,,
2025-11-04,9:00 PM,Magnesium l-Threonate,capsules,4,0.05,0,0,0,0,,,,,,,,,,,,,,,,,,,,,,,,,144,,,,,,,,,,,,,,,,,,,,,,,,,,
2025-11-04,9:00 PM,Methyl Multi,capsules,2,50,0,0,0,0,,250,10,10,32,100,10,,50,,18,0.5,,,,,,,850,,,,,,50,0.3,,,,,,,,,49.5,50,30,,,,,,,,,125,2.5,67,30,,6.5
2025-11-04,10:17 PM,Quest Protein Bar - Chocolate Chip Cookie Dough,bar - each 2.1 OZ,1,60,205,9,21,21,,0.1,0.1,0.2,0.5,0.4,0,1,120,1,23,0.1,0.4,4.6,1.3,2.5,,14,7.1,0.4,0.6,1,1.9,1.6,44.6,0.3,0.4,0,,,0,1.3,0.7,147.8,150,3,200.2,,2.6,,1,0.4,0.5,1,7.9,0.1,,2.9,0.8,8,1
2025-11-05,8:48 AM,biscuit,"biscuit (2-1/2 dia)""",1,60,212,10,27,4,,0,0.2,0.2,1.8,0.2,0,,141,2,,0,0.1,4.2,2.5,2.6,,0.9,36.6,0.1,1.7,0.2,0.3,0.1,10.8,0.2,0.1,,,,,,0.2,98.4,72.6,11.7,348,,1.3,,0.1,0.1,0.1,0.2,,0.1,,,,17,0.3
2025-11-05,8:48 AM,eggs,large,2,50,143,10,1,13,,0.9,0,0.5,0.1,1.5,0.2,,56,372,294,0.1,0.3,3.7,1.9,3.1,0,,47,0.3,1.8,0.7,1.1,0.9,12,0,0.4,0,0.1,,,,0.7,198,138,30.7,142,,0.4,,0.6,0.2,0.5,0.9,,,,1.1,0.3,76,1.3
2025-11-05,8:49 AM,grape jelly,g,14,1,37,0,10,0,,,0,0,0,0,0,,1,,1,0,,0,0,0,,0.1,0.3,,0,,,,0.8,0,,,,,,,,0.8,7.6,0.1,4.2,,7.2,,,,,,,0.1,,,0,4,0
2025-11-05,10:00 AM,"Old Fashioned Beef Jerky, Naturally Smoked",serving,2,28,140,0,12,22,,,,,,,,,,20,,,,,,,,,,,,,,,,,,,,,,,,,,,1200,,10,,,,,,,,,,,,
2025-11-05,10:00 AM,Special Dark Chocolate Bar,"king size bar - each 2.6 OZ - 6 1/4 long""",0.25,73.71,101,6,11,1,,0,0,0,0.1,0.1,0,8,1.3,1,3,0.2,0,1.8,0.2,3.4,,1.3,2.2,0,0.8,0,0.1,0,26.9,0.3,0,0,,0,0,0.2,0,38,103,0.6,4.4,,8.8,8.7,0,0,0,0.1,0.5,,0.1,0.1,1.5,0,0.4
2025-11-05,2:35 PM,Cold Foam Cascara Cold Brew,grande,1,100,80,0,17,2,,,,,,,,190,,,,,,,,,,,,,,,,,,,,,,,,,,,,,30,,17,,,,,,,,,,,,
2025-11-05,2:35 PM,croissant,"croissant, large",1,67,272,14,31,5,,0.1,0.3,0.2,1.5,0.6,0,,24.8,45,26,0.1,0.1,3.7,0.7,7.8,,1.7,59,0.1,1.4,0.2,0.4,0.2,10.7,0.2,0.1,,0,0,,,0.3,70.3,79.1,15.2,312.9,,7.5,,0.2,0.1,0.2,0.3,,0.1,,0.6,1.2,16,0.5
2025-11-05,6:00 PM,almonds,g,20,1,120,11,4,4,,,0,0.2,0.7,0.1,0,,53.6,,10,0.2,0,6.6,2.6,0.8,,2.2,11,0.1,0.7,0.1,0.3,0.1,55.8,0.4,0,0,,,,,0.2,94.2,142.6,0.4,99.6,0.1,1,,0.1,0,0.1,0.2,,,,4.8,,0,0.7
2025-11-05,6:00 PM,bell pepper,pepper,1,114,32,0,7,1,,,0.1,0,0.7,0.1,0.2,,11,,5,0.1,0,0,0.1,0,,1.3,22,0,0.5,0,0.1,0,12.2,0.1,0,,,,,,0,22.8,206.7,0.3,2.3,,2.9,,0,0,0,0,,163,,0.8,5.7,105,0.2
2025-11-05,6:00 PM,cherry tomatoes,cherry,2,17,6,0,1,0,,,0,0,0.2,0,0,,3.4,,2,0,0,0,0,0,,0.4,5.1,0,0.1,0,0,0,3.7,0,0,,,,,,0,8.2,80.6,,1.7,,0.9,,0,0,0,0,,4.7,,0.2,2.7,32,0.1
2025-11-05,6:00 PM,chicken breast,oz,6,28.35,281,6,0,53,,0.6,0.1,0.2,23.3,1.6,1,,25.5,145,145,0.1,0.7,2.1,1.3,1.7,,,6.8,1.6,1.8,2.8,4,4.5,49.3,0,1.5,,0,0,,,2.1,387.8,435.5,46.9,125.9,,,,2.2,0.6,1.8,2.6,,,,0.5,0.5,111,1.7
2025-11-05,6:00 PM,hard boiled egg,large,1,50,78,5,1,6,,0.6,0,0.3,0,0.7,0.1,,25,187,147,0,0.1,2,0.7,1.6,,,22,0.1,0.6,0.3,0.5,0.5,5,0,0.2,,0,0,,,0.3,86,63,15.4,62,,0.6,,0.3,0.1,0.3,0.4,,,,0.5,0.1,37,0.5
2025-11-05,6:00 PM,pepper jack cheese,oz,2,28.35,211,17,0,14,,0.5,0,0.2,0.1,0.1,0,,423,50,9,0,0.1,5,0.5,10.8,,,10.2,0.5,0.4,0.9,1.3,1.2,15.3,0,0.4,,,,,,0.7,251.7,45.9,8.2,340.2,,0.3,,0.5,0.2,0.7,0.9,,,,0.1,1.4,23,1.7
2025-11-05,6:00 PM,tortilla,"tortilla (approx 7-8 dia)""",1,49,159,3,27,4,,,0.3,0.1,1.8,0.3,0,,19.1,,,0.1,0.1,1.8,0.5,0.9,,1.6,60.3,0.1,1.6,0.2,0.3,0.1,12.7,0.2,0.1,,,,,,0.2,60.8,64.2,11.5,234.2,,,,0.1,0.1,0.1,0.2,,,,,,13,0.3
2025-11-06,6:28 AM,apple danish,"pastry (4-1/4 dia)""",1,71,263,13,34,4,,0.1,0.2,0.2,1.4,0.5,0,,32.7,81,15,0,0.1,7.1,1.7,3.5,,1.3,33.4,0.1,1.3,0.2,0.3,0.1,10.7,0.2,0.1,,0,0,,,0.2,63.2,58.9,10.5,315.9,,19.5,,0.1,0,0.1,0.2,,2.8,,0.2,3.8,19,0.4
2025-11-06,8:00 AM,"Old Fashioned Beef Jerky, Naturally Smoked",serving,1,28,70,0,6,11,,,,,,,,,,10,,,,,,,,,,,,,,,,,,,,,,,,,,,600,,5,,,,,,,,,,,,
2025-11-06,1:00 PM,Street Tacos White Corn Tortillas,tortilla,8,14.67,267,3,53,5,,,,,,,,,53.3,,,,,,1.3,,,5.3,,,0.8,,,,,,,,,,,,,,213.3,,53.3,,5.3,,,,,,,,,,,,
2025-11-06,1:00 PM,al pastor,oz,4,28.35,136,4,14,12,,0.2,0.3,0.1,3.4,0.4,0.4,,30.7,31,36,0.1,0.1,1.5,0.7,1.2,0,2.2,10,0.5,0.9,0.6,1,1,29.5,0.4,0.3,0,,,,,0.5,146.1,274.5,14.9,311.4,,4.7,,0.5,0.1,0.4,0.6,,19.2,,0.7,3,82,1.1
2025-11-06,1:00 PM,grilled chicken,oz,4,28.33,168,4,0,33,,0.2,0.1,0.3,12.5,1.7,1.1,,6.8,120,122,0,0.4,1.5,0.8,1.1,0,,,1.2,0.5,1.6,2.8,3.2,35.1,0,0.9,0,0,0,,,1.3,282.2,476,48.1,243.7,,,,1.5,0.4,1.2,1.7,,,,0.4,,75,0.9
2025-11-06,7:00 PM,Dark Chocolate Covered Espresso Beans,serving,0.125,100,63,4,8,1,,,,,,,,,,,,,,,,2.1,,,,,,,,,,,,,,,,,,,,,6.3,,5.8,,,,,,,,,,,,
2025-11-06,8:00 PM,Cod Liver Oil,softgel,1,100,10,1,0,0,,,,,,,,,,,,,,,,,,,,,,,,,,,,,100,70,,,,,,,,,,,,,,,300,,10,,,,
2025-11-06,8:00 PM,Magnesium l-Threonate,capsules,4,0.05,0,0,0,0,,,,,,,,,,,,,,,,,,,,,,,,,144,,,,,,,,,,,,,,,,,,,,,,,,,,
2025-11-06,8:00 PM,Methyl Multi,capsules,2,50,0,0,0,0,,250,10,10,32,100,10,,50,,18,0.5,,,,,,,850,,,,,,50,0.3,,,,,,,,,49.5,50,30,,,,,,,,,125,2.5,67,30,,6.5
2025-11-06,8:03 PM,basmati,g,100,1,130,0,28,3,,,0.2,0,1.5,0.4,0.1,,10,,2,0.1,0.1,0.1,0.1,0.1,,0.4,58,0.1,1.2,0.1,0.2,0.1,12,0.5,0.1,,,,,,0.1,43,35,7.5,1,,0.1,,0.1,0,0.1,0.2,,,,0,,68,0.5
2025-11-06,8:03 PM,broccoli,g,100,1,35,0,7,2,,,0.1,0.1,0.6,0.6,0.2,,40,,40,0.1,0,0,0.2,0.1,,3.3,108,0.1,0.7,0.1,0.1,0.2,21,0.2,0,,,,,,0.1,67,293,1.6,41,,1.4,,0.1,0,0.1,0.1,,64.9,,1.4,141.1,89,0.5
2025-11-06,8:03 PM,carrots,g,100,1,35,0,8,1,,,0.1,0,0.6,0.2,0.2,,30,,9,0,0.1,0,0.1,0,,3,14,0,0.3,0.1,0.1,0.1,10,0.2,0,,,,,,0.1,30,235,0.7,58,0.2,3.5,,0.2,0,0,0.1,,3.6,,1,13.7,90,0.2
2025-11-06,8:03 PM,ground turkey,g,190,1,490,33,0,48,,3,0.2,0.5,14.7,2.7,0.9,,93.1,201,146,0.4,0.5,11.5,8.8,8.7,0.4,,13.3,1.4,3.8,2.1,3.9,4.3,53.2,0,1.4,0.4,0,0,,,1.9,499.7,524.4,68.6,161.5,,,,2.2,0.5,1.7,2.2,,,,0.2,,108,6.8
2025-11-07,8:52 AM,honey,g,4,1,12,0,3,0,,,,0,0,0,0,,0.2,,0,0,0,,,,,0,0.1,,0,0,0,0,0.1,0,,,,,,,0,0.2,2.1,0,0.2,,3.3,,0,0,0,0,,0,,,,1,0
2025-11-07,8:52 AM,muesli,g,35,1,123,1,27,4,,0,0.1,0.1,0.7,,0.1,,51.4,,11,0.1,,0.5,0.3,0.2,,3.2,10.5,,1.1,,,,32.9,,,,,,,,,129.8,146.3,6.1,9.4,,7,,,,,,,3,,0.2,0.9,3,1.1
2025-11-07,8:52 AM,whole milk,g,90,1,55,3,4,3,,0.4,0,0.2,0.1,0.3,0,,101.7,9,13,0,0,0.7,0.2,1.7,,,4.5,0.1,0,0.1,0.3,0.2,9,0,0.1,,,,,,0.1,75.6,118.8,3.3,38.7,,4.5,,0.1,0,0.1,0.2,,,,0.1,0.3,79,0.3
2025-11-07,8:52 AM,whole milk,oz,4,30.5,74,4,6,4,,0.5,0.1,0.2,0.1,0.5,0,,137.9,12,17,0,0,1,0.2,2.3,,,6.1,0.1,0,0.2,0.4,0.3,12.2,0,0.1,,,,,,0.2,102.5,161,4.5,52.5,,6.2,,0.2,0,0.2,0.3,,,,0.1,0.4,108,0.5
2025-11-07,9:00 AM,Caramel Cashew Protein Bar,serving,1,55,200,8,18,20,,,,,,,,,160,5,,,,,,3,,3,,,0.6,,,,,,,,,,,,,,150,,80,,1,,,,,,,,,,,,
2025-11-07,9:01 AM,"Eggs, Cooked",large,2,50,155,11,1,13,,1.1,0.1,0.5,0.1,1.4,0.1,,50,373,294,0,0.3,4.1,1.4,3.3,,,44,0.3,1.2,0.7,1.1,0.9,10,0,0.4,0,0,0,0.1,1.3,0.7,172,126,30.8,124,,1.1,,0.6,0.2,0.5,0.8,149.3,,2.2,1,0.3,75,1.1
2025-11-07,9:02 AM,Wilted Spinach,cup,1,100,23,0,4,3,,,,,,,,,,,,,,,,,,,,,,,,,,,,,,,,,,,,,,,,,,,,,,,,,,,
2025-11-07,10:00 AM,soft pretzel,g,60,1,203,2,42,5,,,0.2,0.2,2.6,,0,,13.8,,11,0.1,,0.6,0.6,0.4,,1,14.4,,2.4,,,,12.6,,,,,,,,,47.4,52.8,10.3,327,,0.1,,,,,,,,,0.3,1.6,9,0.6
2025-11-07,12:00 PM,chicken,oz,5,28.33,312,19,0,34,,1.1,0.1,0.3,10,1.4,0.5,,18.4,133,,0.1,0.5,7.4,4,5.2,,,32.6,1,2.3,1.7,2.5,2.7,28.3,0,0.9,,0,0,,,1.3,253.6,289,22.2,100.6,,,,1.4,0.4,1.1,1.7,,0.6,,,,88,2.4
2025-11-07,12:00 PM,garlic sauce,tbsp,2,14,41,2,4,1,1,0,0,0,0.4,0,0,,3.3,0,4,0,0,0.6,1.2,0.2,,0.1,1.7,0,0.3,0,0.1,0.1,4.3,0.1,0,0.1,,,,,0.1,13.7,24.1,0.3,556.8,,2.4,,0,0,0,0.1,,0.1,,0.1,2.8,19,0.1
2025-11-07,12:00 PM,pickle,spear,0.5,35,2,0,0,0,,,0,0,0,0,0,,10,,1,0,0,0,0,0,,0.2,1.4,0,0,0,0,0,1.2,0,0,,,,,,0,2.8,20.5,,141.7,,0.2,,0,0,0,0,,0.4,,0,3,17,0
2025-11-07,12:00 PM,pita,"pita, large (6-1/2 dia)""",1,60,165,1,33,5,,,0.4,0.2,2.8,0.2,0,,51.6,,9,0.1,0.1,0.1,0.3,0.1,,1.3,64.2,0.1,1.6,0.2,0.4,0.1,15.6,0.3,0.1,,,,,,0.3,58.2,72,16.3,321.6,,0.8,,0.2,0.1,0.2,0.2,,,,0.2,0.1,19,0.5
2025-11-07,6:00 PM,Cod Liver Oil,softgel,1,100,10,1,0,0,,,,,,,,,,,,,,,,,,,,,,,,,,,,,100,70,,,,,,,,,,,,,,,300,,10,,,,
2025-11-07,6:00 PM,Magnesium l-Threonate,capsules,4,0.05,0,0,0,0,,,,,,,,,,,,,,,,,,,,,,,,,144,,,,,,,,,,,,,,,,,,,,,,,,,,
2025-11-07,6:00 PM,Methyl Multi,capsules,2,50,0,0,0,0,,250,10,10,32,100,10,,50,,18,0.5,,,,,,,850,,,,,,50,0.3,,,,,,,,,49.5,50,30,,,,,,,,,125,2.5,67,30,,6.5
2025-11-07,8:00 PM,Power Cakes Flapjack & Waffle Mix,g,63,1,226,2,36,17,,,,,,,,,249.6,12,,,,,,,,5.9,,,2,,,,,,,,,,,,,,214,,451.7,,3.6,,,,,,,,,,,,
2025-11-07,8:00 PM,banana,"medium (7 to 7-7/8"" long)""",0.5,118,53,0,13,1,,,0,0,0.4,0.2,0.2,,3,,6,0,0,0,0,0.1,,1.5,11.8,0,0.2,0,0,0,15.9,0.2,0,,,,,,0,13,211.2,0.6,0.6,3.2,7.2,,0,0,0,0,,5.1,,0.1,0.3,44,0.1
2025-11-08,6:00 AM,Organic Plain Whey Protein,scoop,2.6,14,143,2,4,29,,,,,,,,,130,78,,,,,,1.3,,,,,0.5,,,,,,,,,,,,,,195,,71.5,,2.6,,,,,,,,,,,,
2025-11-08,6:00 AM,banana,"medium (7 to 7-7/8"" long)""",1,118,105,0,27,1,,,0,0.1,0.8,0.4,0.4,,5.9,,12,0.1,0,0,0.1,0.1,,3.1,23.6,0.1,0.3,0,0.1,0.1,31.9,0.3,0,,,,,,0.1,26,422.4,1.2,1.2,6.3,14.4,,0,0,0,0.1,,10.3,,0.1,0.6,88,0.2
2025-11-08,6:00 AM,milk,oz,4,30.5,61,2,6,4,,0.6,0,0.2,0.1,0.4,0,,146.4,10,20,0,0,0.7,0.1,1.5,0.1,,6.1,0.1,0,0.2,0.4,0.3,13.4,0,0.1,0,,,,,0.2,112.2,170.8,3,57.3,,6.2,,0.2,0.1,0.2,0.3,,0.2,,0,0.2,109,0.6
2025-11-08,6:00 AM,peanut butter,g,20,1,118,10,5,4,,,0,0,2.6,0.2,0.1,,10.8,,13,0.1,0,4.1,2.3,1.9,,1.1,7,0.1,0.4,0.1,0.3,0.1,35.8,0.3,0.1,,,0,,,0.2,67,118.4,8.1,95.2,0.9,1.3,,0.1,0,0.2,0.2,,,,1.2,,0,0.5
2025-11-08,11:00 AM,Cupcake - Chocolate,cupcake,1,45,171,6,29,1,,,0.1,0.1,0.8,0.1,0,2,110.2,1,2,0.1,0,2.1,1,2.6,,0.7,14.4,0,1.3,0,0.1,0,8.1,0.1,0,0.1,,,0.1,0.9,0.1,19.3,31.2,2.5,239.8,,19.2,19.1,0,0,0,0.1,,,0,0.8,2.2,8,0.2
2025-11-08,11:26 AM,Aged White Cheddar Rice & Corn Puffs,serving,1,14,70,3,10,1,,,,,,,,,,,,,,,,,,,,,0.1,,,,,,,,,,,,,,,,10,,,,,,,,,,,,,,
2025-11-08,11:26 AM,Turkey Breast Low Salt Prepackaged or Deli Meat,oz,4,28.5,124,1,4,25,,0.1,0.1,0.4,0.1,0.2,0.1,,9.1,50,76,0.1,0.2,0.3,0.2,0.2,,0.6,4.6,0.6,0.7,1,1.6,1.8,23.9,0,0.6,,0,,,,0.8,184.7,240.5,26,880.1,,4,,0.9,0.2,0.8,1,11.4,6.5,0.1,0.1,,81,1.5
2025-11-08,11:27 AM,Baguette,g,80,1,218,2,42,9,,,0.6,0.3,3.9,0.4,0.1,,41.6,,6,0.1,0.2,0.3,0.7,0.4,,1.8,98.4,0.2,3.1,0.3,0.5,0.2,25.6,0.5,0.1,0.1,,,0.1,0.6,0.4,84,93.6,22.9,481.6,,3.7,,0.2,0.1,0.2,0.3,,,,0.2,0.6,26,0.8
2025-11-08,7:00 PM,caesar salad,salad (about 3 cups),0.5,305.1,241,20,11,5,,0.1,0.1,0.1,0.8,0.3,0.1,,123.3,18,17,0.1,0,5.1,9.4,4.1,0.1,2.9,158.3,0.1,1.6,0.2,0.4,0.3,22.2,0.2,0.1,0,0,0,,,0.2,98.9,306.4,6.2,576,,2.5,,0.2,0.1,0.2,0.2,,4.4,,1.5,140.5,114,0.7
2025-11-08,7:00 PM,pizza,slice,3,107,854,31,107,37,,1.3,1.3,0.6,12.3,,0.3,,603.5,55,53,0.3,0.5,8.4,5.4,14.3,0.6,7.4,298.5,1.1,8,1.8,3.7,2.5,77,1.2,0.8,0.6,,0,,,2.1,693.4,552.1,63.9,1919.6,86.5,11.5,,1.3,,1.7,2.3,,4.5,,2.7,21.5,139,4.3
2025-11-08,9:00 PM,Cod Liver Oil,softgel,1,100,10,1,0,0,,,,,,,,,,,,,,,,,,,,,,,,,,,,,100,70,,,,,,,,,,,,,,,300,,10,,,,
2025-11-08,9:00 PM,Magnesium l-Threonate,capsules,4,0.05,0,0,0,0,,,,,,,,,,,,,,,,,,,,,,,,,144,,,,,,,,,,,,,,,,,,,,,,,,,,
2025-11-08,9:00 PM,Methyl Multi,capsules,2,50,0,0,0,0,,250,10,10,32,100,10,,50,,18,0.5,,,,,,,850,,,,,,50,0.3,,,,,,,,,49.5,50,30,,,,,,,,,125,2.5,67,30,,6.5
2025-11-09,7:24 AM,Dark Chocolate Covered Mini Pretzels 240g Pack,pretzel,5,5.6,140,7,19,2,,,,,,,,,10,,,,,,,4,,2,,,1.4,,,,,,,,,,,,,,100,,160,,9,,,,,,,,,,,,
2025-11-09,7:24 AM,espresso,g,36,1,3,0,1,0,,,0,0.1,1.9,0,0,76,0.7,,1,0,,,0,0,,,0.4,,0,,,,28.8,0,,,,,,,,2.5,41.4,,5,,,,,,,,,0.1,,0,0,35,0
2025-11-09,7:24 AM,foccacia,g,60,1,149,5,21,5,,,0.3,0.2,2.2,0.4,0.1,,21,,2,0.1,,3.4,0.6,0.5,,1.1,82.8,,1.9,,,,12,0.2,,,,,,,,76.8,68.4,9.5,336.6,,1.1,,,,,,,,,0.9,3.4,28,0.8
2025-11-09,7:24 AM,olive oil,g,6,1,53,6,0,0,,,,,,,,,0.1,,0,,,4.4,0.6,0.8,,,,,0,,,,,,,,,,,,,,0.1,,0.1,,,,,,,,,,,0.9,3.6,,
2025-11-09,7:24 AM,whole milk,oz,4,30.5,74,4,6,4,,0.5,0.1,0.2,0.1,0.5,0,,137.9,12,17,0,0,1,0.2,2.3,,,6.1,0.1,0,0.2,0.4,0.3,12.2,0,0.1,,,,,,0.2,102.5,161,4.5,52.5,,6.2,,0.2,0,0.2,0.3,,,,0.1,0.4,108,0.5
2025-11-09,12:00 PM,cheese,g,30,1,121,10,1,7,,0.3,0,0.1,0,0.1,0,,213,30,5,0,0,2.8,0.4,5.7,0.3,,8.1,0.2,0,0.4,0.6,0.3,8.1,0,0.2,,0,0,,,0.3,136.5,22.8,8.6,195.9,,0.1,,0.3,0.2,0.3,0.4,,,,0.2,0.7,11,1.1
2025-11-09,12:00 PM,ground turkey,g,200,1,516,35,0,50,,3.2,0.2,0.5,15.4,2.8,0.9,,98,212,153,0.4,0.5,12.1,9.2,9.1,0.4,,14,1.5,4,2.3,4.2,4.5,56,0,1.5,0.4,0,0,,,2,526,552,72.2,170,,,,2.3,0.6,1.8,2.3,,,,0.2,,113,7.1
2025-11-09,12:00 PM,water crackers,cracker 1 serving,4,3.5,54,1,10,1,,,0,0,0.2,,0,,,,1,0,,0.6,0.3,,,1,3.4,,,,,,2.8,,,,,,,,,14,13.9,4.4,79.9,,,,,,,,,,,0,0.3,2,0.1
2025-11-09,5:00 PM,Cod Liver Oil,softgel,1,100,10,1,0,0,,,,,,,,,,,,,,,,,,,,,,,,,,,,,100,70,,,,,,,,,,,,,,,300,,10,,,,
2025-11-09,5:00 PM,Creatine Ethyl Ester (Hcl),serving,1,3,10,0,0,2,,,,,,,,,,,,,,,,,,,,,,,,,,,,,,,,,,,,,,,,,,,,,,,,,,,
2025-11-09,5:00 PM,Magnesium l-Threonate,capsules,4,0.05,0,0,0,0,,,,,,,,,,,,,,,,,,,,,,,,,144,,,,,,,,,,,,,,,,,,,,,,,,,,
2025-11-09,5:00 PM,Methyl Multi,capsules,2,50,0,0,0,0,,250,10,10,32,100,10,,50,,18,0.5,,,,,,,850,,,,,,50,0.3,,,,,,,,,49.5,50,30,,,,,,,,,125,2.5,67,30,,6.5
2025-11-09,8:00 PM,chocolate,g,15,1,80,4,9,1,,0.1,0,0,0.1,0.1,0,3,28.4,3,7,0.1,,1.1,0.2,2.8,,0.5,1.8,,0.4,,,,9.4,0.1,,0,,,,,,31.2,55.8,0.7,11.8,,7.7,,,,,,,,,0.1,0.9,0,0.3
2025-11-09,8:00 PM,mashed potatoes,g,150,1,169,6,25,3,,0.1,0.1,0.1,1.8,0.7,0.4,,31.5,2,20,0.2,0,2.2,1.3,1.1,,2.3,13.5,0.1,0.4,0.1,0.2,0.2,28.5,0.2,0.1,,,,,,0.1,72,489,1.2,499.5,,2.1,,0.1,0,0.1,0.2,,15.8,,0.6,9,113,0.5
2025-11-09,8:00 PM,short rib,g,100,1,305,23,0,25,,3.5,0.1,0.2,3.3,0.7,0.3,,14,100,87,0.1,0.3,11.4,1,10,1.4,,6,0.8,2.7,1.1,2,2.2,20,0,0.7,0,,0,,,1,170,239,29.7,70,,,,1.1,0.3,0.9,1.2,,,,0.1,1.6,52,9.7
2025-11-10,6:00 AM,steak,g,160,1,445,30,0,42,,2.8,0.1,0.2,11.4,0.8,0.8,,27.2,155,159,0.1,0.5,12.3,1.1,11.6,,,12.8,1.3,2.8,1.9,3.3,3.5,33.6,0,1.1,,,,,,1.7,312,505.6,45,83.2,,,,1.7,0.3,1.3,2.1,,,,0.8,2.6,88,7.4
2025-11-10,11:40 AM,brown rice,cup,0.7,195,153,1,32,3,,,0.1,0,1.8,0.5,0.2,,13.6,,,0.1,0,0.4,0.4,0.2,,2.5,5.5,0.1,0.7,0.1,0.3,0.1,60.1,1.5,0.1,,,,,,0.2,105.1,107.8,,1.4,,,,0.1,0,0.1,0.2,,,,,,100,0.8
2025-11-10,11:40 AM,grilled chicken breast,oz,4,28.33,168,4,0,33,,0.2,0.1,0.3,12.5,1.7,1.1,,6.8,120,122,0,0.4,1.5,0.8,1.1,0,,,1.2,0.5,1.6,2.8,3.2,35.1,0,0.9,0,0,0,,,1.3,282.2,476,48.1,243.7,,,,1.5,0.4,1.2,1.7,,,,0.4,,75,0.9
2025-11-10,11:40 AM,mixed vegetables,cup,1,140.05,45,0,10,2,,,0.1,0.1,0.8,0.5,0.2,,45.9,,36,0.1,0.1,0,0.2,0.1,,4.2,71.5,0.1,0.7,0.1,0.2,0.2,20.5,0.3,0,,,,,,0.1,56.8,295.1,1.1,43.5,0.1,3.7,,0.1,0,0.1,0.1,,43.5,,1.1,79.6,127,0.4
2025-11-10,6:00 PM,Cod Liver Oil,softgel,1,100,10,1,0,0,,,,,,,,,,,,,,,,,,,,,,,,,,,,,100,70,,,,,,,,,,,,,,,300,,10,,,,
2025-11-10,6:00 PM,Magnesium l-Threonate,capsules,4,0.05,0,0,0,0,,,,,,,,,,,,,,,,,,,,,,,,,144,,,,,,,,,,,,,,,,,,,,,,,,,,
2025-11-10,6:00 PM,Methyl Multi,capsules,2,50,0,0,0,0,,250,10,10,32,100,10,,50,,18,0.5,,,,,,,850,,,,,,50,0.3,,,,,,,,,49.5,50,30,,,,,,,,,125,2.5,67,30,,6.5
2025-11-10,8:04 PM,egg,large,1,50,72,5,0,6,,0.4,0,0.2,0,0.8,0.1,,28,186,147,0,0.1,1.8,1,1.6,0,,23.5,0.2,0.9,0.3,0.5,0.5,6,0,0.2,0,0,,,,0.3,99,69,15.3,71,,0.2,,0.3,0.1,0.2,0.4,,,,0.5,0.1,38,0.6
2025-11-10,8:04 PM,ground turkey,g,125,1,323,22,0,31,,2,0.1,0.3,9.7,1.8,0.6,,61.3,133,96,0.2,0.3,7.6,5.8,5.7,0.2,,8.8,0.9,2.5,1.4,2.6,2.8,35,0,0.9,0.3,0,0,,,1.2,328.8,345,45.1,106.3,,,,1.4,0.4,1.1,1.5,,,,0.1,,71,4.5
2025-11-10,8:04 PM,white rice,g,100,1,130,0,28,3,,,0.2,0,1.5,0.4,0.1,,10,,2,0.1,0.1,0.1,0.1,0.1,,0.4,58,0.1,1.2,0.1,0.2,0.1,12,0.5,0.1,,,,,,0.1,43,35,7.5,1,,0.1,,0.1,0,0.1,0.2,,,,0,,68,0.5
2025-11-10,8:49 PM,Horchata Inspired Ice Cream,g,30,1,76,4,8,1,,,,,,,,,34.1,18,,,,,,2.7,,,,,0,,,,,,,,,,,,,,34.1,,32.9,,7.1,,,,,,,,,,,,
2025-11-11,6:00 AM,Old Country Style Muesli,serving,1,35,140,3,23,4,,,,,,,,,14,,,,,,,,,4,,,1,,,,,,,,,,,,,,194.9,,,,5,,,,,,,,,,,,
2025-11-11,6:00 AM,blueberries,g,18,1,10,0,3,0,,,0,0,0.1,0,0,,1.1,,1,0,0,0,0,0,,0.4,1.1,0,0.1,0,0,0,1.1,0.1,0,,,,,,0,2.2,13.9,0,0.2,0,1.8,,0,0,0,0,,1.7,,0.1,3.5,15,0
2025-11-11,6:00 AM,grilled chicken breast,g,119,1,176,4,0,35,,0.2,0.1,0.3,13.2,1.8,1.2,,7.1,126,128,0,0.4,1.6,0.8,1.2,0,,,1.3,0.5,1.7,2.9,3.4,36.9,0,0.9,0,0,0,,,1.4,296.3,499.8,50.5,255.8,,,,1.6,0.4,1.3,1.8,,,,0.4,,79,1
2025-11-11,6:00 AM,honey,g,5.4,1,16,0,4,0,,,,0,0,0,0,,0.3,,0,0,0,,,,,0,0.1,0,0,0,0,0,0.1,0,0,,,,,,0,0.2,2.8,0,0.2,,4.4,,0,0,0,0,,0,,,,1,0
2025-11-11,6:00 AM,whole milk,g,78,1,48,3,4,2,,0.4,0,0.1,0.1,0.3,0,,88.1,8,11,0,0,0.6,0.2,1.5,,,3.9,0.1,0,0.1,0.2,0.2,7.8,0,0.1,,,,,,0.1,65.5,103,2.9,33.5,,3.9,,0.1,0,0.1,0.2,,,,0.1,0.2,69,0.3
2025-11-11,11:50 AM,chicken breast,g,240,1,396,9,0,74,,0.8,0.2,0.3,32.9,2.3,1.4,,36,204,205,0.1,1,3,1.8,2.4,,,9.6,2.3,2.5,3.9,5.6,6.3,69.6,0,2.1,,0,0,,,3,547.2,614.4,66.2,177.6,,,,3.1,0.9,2.5,3.7,,,,0.6,0.7,157,2.4
2025-11-11,11:51 AM,Chia Seed Parfait,portion,0.5,234,170,16,14,4,,,,,,,,,40.5,,,,,,,7.5,,4,,,,,,,,,,,,,,,,,0.5,,15,,6,,,,,,,,,,,,
2025-11-11,1:52 PM,Fritolay Munchies Sandwich Crackers - Peanut Butter on Cheese Crackers,package,1,40.26,203,10,24,5,,0,0.2,0.1,3.1,0.2,0,,26,0,8,0.1,0.1,5.1,1.7,2.8,,1.3,38.3,0.1,1.1,0.2,0.4,0.1,23.7,0.3,0.1,0.1,,,0.1,1.6,0.3,62.5,94,5.6,309.8,,5,4.8,0.1,0.1,0.2,0.2,1.7,,0,1.3,1.4,3,0.5
2025-11-11,4:00 PM,Cod Liver Oil,softgel,1,100,10,1,0,0,,,,,,,,,,,,,,,,,,,,,,,,,,,,,100,70,,,,,,,,,,,,,,,300,,10,,,,
2025-11-11,4:00 PM,Magnesium l-Threonate,capsules,4,0.05,0,0,0,0,,,,,,,,,,,,,,,,,,,,,,,,,144,,,,,,,,,,,,,,,,,,,,,,,,,,
2025-11-11,4:00 PM,Methyl Multi,capsules,2,50,0,0,0,0,,250,10,10,32,100,10,,50,,18,0.5,,,,,,,850,,,,,,50,0.3,,,,,,,,,49.5,50,30,,,,,,,,,125,2.5,67,30,,6.5
2025-11-11,7:25 PM,Hazelnut Butter Dark Chocolate,bar,0.25,60,90,7,6,2,,,,,,,,,20.5,,,,,,,3,,1,,,2,,,,,,,,,,,,,,117.5,,5,,4,,,,,,,,,,,,
2025-11-11,7:25 PM,bucatini,g,50,1,75,0,15,3,,,0.2,0.1,1.5,0.1,0,,5.1,,3,0.1,0.1,0,0.1,0.1,,0.6,48,0.1,0.7,0.1,0.2,0.1,11,0.2,0,0,,,,,0.1,38.3,45.2,12.8,2.4,12.6,0.5,,0.1,0,0,0.1,,,,0,0,32,0.3
2025-11-11,7:25 PM,carrots,g,100,1,35,0,8,1,,,0.1,0,0.6,0.2,0.2,,30,,9,0,0.1,0,0.1,0,,3,14,0,0.3,0.1,0.1,0.1,10,0.2,0,,,,,,0.1,30,235,0.7,58,0.2,3.5,,0.2,0,0,0.1,,3.6,,1,13.7,90,0.2
2025-11-11,7:25 PM,ground turkey,g,75,1,194,13,0,19,,1.2,0.1,0.2,5.8,1.1,0.3,,36.8,80,58,0.1,0.2,4.5,3.5,3.4,0.1,,5.3,0.6,1.5,0.8,1.6,1.7,21,0,0.6,0.2,0,0,,,0.7,197.3,207,27.1,63.8,,,,0.9,0.2,0.7,0.9,,,,0.1,,42,2.7
2025-11-12,6:25 AM,Bucatini No. 15,serving,1,56,200,1,40,8,,,0.5,0.3,3.5,,,,15,,,,,,,,,2,186,,1.7,,,,,,,,,,,,,,139,,,,2,,,,,,,,,,,,
2025-11-12,6:25 AM,Ground Turkey Cooked,g,120,1,244,12,0,33,,1.6,0.1,0.3,10.5,1.4,0.8,,33.6,112,94,0.2,0.3,4.2,3.5,3.2,,,8.4,1,1.8,1.5,2.7,2.9,36,0,1,0.2,0,0,0.2,3,1.3,304.8,352.8,37.3,93.6,,,,1.5,0.4,1.2,1.5,28.8,,0.2,0.1,,75,3.7
2025-11-12,6:25 AM,Hazelnut Butter Dark Chocolate,bar,0.25,60,90,7,6,2,,,,,,,,,20.5,,,,,,,3,,1,,,2,,,,,,,,,,,,,,117.5,,5,,4,,,,,,,,,,,,
2025-11-12,11:00 AM,apple,"medium (3 dia)""",1,182,95,0,25,0,,,0,0,0.2,0.1,0.1,,10.9,,6,0,0,0,0.1,0.1,,4.4,5.5,0,0.2,0,0,0,9.1,0.1,0,,,,,,0,20,194.7,,1.8,0.1,18.9,,0,0,0,0,,8.4,,0.3,4,156,0.1
2025-11-12,11:00 AM,brown rice,cup,0.38,192.45,82,1,17,2,,,0.1,0,1,0.3,0.1,,7.3,,,0.1,0,0.2,0.2,0.1,,1.3,2.9,0,0.4,0.1,0.1,0.1,32.2,0.8,0,,,,,,0.1,56.3,57.8,,0.7,,,,0.1,0,0.1,0.1,,,,,,53,0.5
2025-11-12,11:00 AM,grilled chicken,oz,4,28.33,168,4,0,33,,0.2,0.1,0.3,12.5,1.7,1.1,,6.8,120,122,0,0.4,1.5,0.8,1.1,0,,,1.2,0.5,1.6,2.8,3.2,35.1,0,0.9,0,0,0,,,1.3,282.2,476,48.1,243.7,,,,1.5,0.4,1.2,1.7,,,,0.4,,75,0.9
2025-11-12,11:00 AM,mixed vegetables,cup,1,140.05,45,0,10,2,,,0.1,0.1,0.8,0.5,0.2,,45.9,,36,0.1,0.1,0,0.2,0.1,,4.2,71.5,0.1,0.7,0.1,0.2,0.2,20.5,0.3,0,,,,,,0.1,56.8,295.1,1.1,43.5,0.1,3.7,,0.1,0,0.1,0.1,,43.5,,1.1,79.6,127,0.4
2025-11-12,7:00 PM,Cod Liver Oil,softgel,1,100,10,1,0,0,,,,,,,,,,,,,,,,,,,,,,,,,,,,,100,70,,,,,,,,,,,,,,,300,,10,,,,
2025-11-12,7:00 PM,Magnesium l-Threonate,capsules,4,0.05,0,0,0,0,,,,,,,,,,,,,,,,,,,,,,,,,144,,,,,,,,,,,,,,,,,,,,,,,,,,
2025-11-12,7:00 PM,Methyl Multi,capsules,2,50,0,0,0,0,,250,10,10,32,100,10,,50,,18,0.5,,,,,,,850,,,,,,50,0.3,,,,,,,,,49.5,50,30,,,,,,,,,125,2.5,67,30,,6.5
2025-11-12,8:24 PM,Cacio E Pepe Ravioli,g,110,1,292,12,33,11,,,,,,,,,172.3,66,,,,,,8,,1.3,,,0.5,,,,,,,,,,,,,,132.5,,649.4,,6.6,,,,,,,,,,,,
2025-11-12,8:24 PM,ground turkey,g,150,1,387,26,0,38,,2.4,0.1,0.4,11.6,2.1,0.7,,73.5,159,115,0.3,0.4,9.1,6.9,6.9,0.3,,10.5,1.1,3,1.7,3.1,3.4,42,0,1.1,0.3,0,0,,,1.5,394.5,414,54.1,127.5,,,,1.7,0.4,1.3,1.7,,,,0.1,,85,5.3
2025-11-13,8:13 AM,Grain-Free Cereal Peanut Butter,cup,1,36,170,9,10,14,,,,,,,,,21,10,,,,,,1.5,,1,,,2,,,,,,,,,,,,,,40,,210,,,,,,,,,,,,,,
2025-11-13,8:13 AM,"Milk, Whole",g,93,1,56,3,4,3,,0.5,0.1,0.1,0.1,0.3,0.1,,114.4,11,17,0,0,0.6,0.1,1.7,,,,0.1,,0.2,0.3,0.3,11.2,,0.1,0,,0,0,0.1,0.1,93.9,139.5,1.8,35.3,,4.3,,0.1,0,0.2,0.2,29.4,,0.9,0,0.3,82,0.4
2025-11-13,8:14 AM,"Theo, Dark Chocolate, Orange",bar,0.125,84.85,64,4,5,1,,,,,,,,,5.7,,,,,,,2.3,,1.1,,,0.4,,,,,,,,,,,,,,58.3,,,,3.4,3.4,,,,,,,,,,,
2025-11-13,9:00 AM,chicken breast grilled,g,117,1,173,4,0,35,,0.2,0.1,0.3,12.9,1.7,1.2,,7,124,126,0,0.4,1.6,0.8,1.2,0,,,1.3,0.5,1.7,2.9,3.3,36.3,0,0.9,0,0,0,,,1.4,291.3,491.4,49.6,251.5,,,,1.5,0.4,1.2,1.8,,,,0.4,,78,1
2025-11-13,1:56 PM,Probiotic Soda Strawberry Lemon,portion,1,354.88,30,0,9,0,,,,,,,,,,,,,,,,,,3,,,,,,,,,,,,,,,,,,,,,5,4,,,,,,,,,,,
2025-11-13,1:56 PM,Tortilla Style Nacho Cheese Protein Chips,bag,1,32,140,6,5,18,,,,,,,,,180,10,,,,,,1,,1,,,0.2,,,,,,,,,,,,,,40,,340,,1,,,,,,,,,,,,
2025-11-13,1:56 PM,artichokes,cup,0.1,168,9,0,2,0,,,0,0,0.2,0,0,,3.5,,6,0,,0,0,0,,1,15,,0.1,,,,7.1,0,,,,,,,,12.3,48,0,10.1,,0.2,,,,,,,1.2,,0,2.5,14,0.1
2025-11-13,1:56 PM,asparagus,cup,0.1,180,4,0,1,0,,,0,0,0.2,0,0,,4.1,,5,0,0,,0,0,,0.4,26.8,0,0.2,0,0,0,2.5,0,0,,,,,,0,9.7,40.3,1.1,2.5,,0.2,,0,0,0,0,,1.4,,0.3,9.1,17,0.1
2025-11-13,1:56 PM,broccoli,cup,0.1,156,5,0,1,0,,,0,0,0.1,0.1,0,,6.2,,6,0,0,0,0,0,,0.5,16.8,0,0.1,0,0,0,3.3,0,0,,,,,,0,10.5,45.7,0.2,6.4,,0.2,,0,0,0,0,,10.1,,0.2,22,14,0.1
2025-11-13,1:56 PM,penne,cup,0.75,122,145,1,28,5,,,0.3,0.1,1.5,0.1,0,,6.4,,6,0.1,0.1,0.1,0.3,0.2,,1.6,66.8,0.1,1.2,0.2,0.4,0.1,16.5,0.3,0.1,0,,,,,0.3,53.1,40.3,24.2,0.9,23.8,0.5,,0.2,0.1,0.1,0.2,,,,0.1,,57,0.5
2025-11-13,1:56 PM,roasted red bell peppers,cup,0.1,141,7,0,1,0,,,0,0,0.1,0,0,,1.2,,1,0,0,0.3,0.1,0.1,,0.2,2.2,0,0.1,0,0,0,1.4,0,0,,,,,,0,2.5,22.7,0,0.3,,0.6,,0,0,0,0,,23.4,,0.3,0.9,13,0
2025-11-13,1:56 PM,salmon,oz,4,28.34,234,14,0,25,,3.2,0.4,0.2,9.1,1.7,0.7,,17,71,103,0.1,0.3,4.7,5.2,2.7,,,38.5,0.7,0.4,1.2,2,2.3,34,0,0.7,,1.7,0.8,,,1,285.7,435.3,46.9,69.2,,,,1.1,0.3,0.8,1.3,,4.2,,1.3,0.1,73,0.5
2025-11-13,5:00 PM,Cod Liver Oil,softgel,1,100,10,1,0,0,,,,,,,,,,,,,,,,,,,,,,,,,,,,,100,70,,,,,,,,,,,,,,,300,,10,,,,
2025-11-13,5:00 PM,Creatine Ethyl Ester (Hcl),serving,1,3,10,0,0,2,,,,,,,,,,,,,,,,,,,,,,,,,,,,,,,,,,,,,,,,,,,,,,,,,,,
2025-11-13,5:00 PM,Magnesium l-Threonate,capsules,4,0.05,0,0,0,0,,,,,,,,,,,,,,,,,,,,,,,,,144,,,,,,,,,,,,,,,,,,,,,,,,,,
2025-11-13,5:00 PM,Methyl Multi,capsules,2,50,0,0,0,0,,250,10,10,32,100,10,,50,,18,0.5,,,,,,,850,,,,,,50,0.3,,,,,,,,,49.5,50,30,,,,,,,,,125,2.5,67,30,,6.5
2025-11-13,8:57 PM,asparagus,g,120,1,26,0,5,3,,,0.2,0.2,1.3,0.3,0.1,,27.6,,31,0.2,0,,0.1,0.1,,2.4,178.8,0.1,1.1,0.1,0.2,0.1,16.8,0.2,0,,,,,,0.1,64.8,268.8,7.3,16.8,,1.6,,0.1,0,0.1,0.1,,9.2,,1.8,60.7,111,0.7
2025-11-13,8:57 PM,chocolate chip cookie,"medium (3 diameter)""",1,30,148,7,20,2,,0,0.1,0.1,0.8,,0,3,6.3,,3,0.1,0,1.9,2.5,2.4,0.2,0.6,21.6,0,1.7,0,0.1,0,12.3,0.2,0,0.3,,,,,0.1,32.7,51.3,1.2,93.3,8.5,9.9,,0,0,0,0.1,,,,0.6,10.1,1,0.2
2025-11-13,8:57 PM,panna cotta,cup,0.25,244,195,17,9,1,0,0.1,0,0.1,0,0.1,0,,38.4,64,8,0,0,5,0.6,10.7,,,2.2,0,0,0.1,0.1,0.1,4.2,0,0,,,,,,0.1,35.1,45.8,0.5,21.5,,9.1,,0.1,0,0.1,0.1,,0.3,,0.5,1.5,33,0.1
2025-11-13,8:57 PM,pork,oz,1,28.33,67,4,0,7,,0.2,0.2,0.1,1.7,0.2,0.2,,5.7,25,23,0,0.1,1.7,0.4,1.4,0,,0.6,0.3,0.3,0.4,0.6,0.7,6.8,0,0.2,0,,,,,0.3,62.6,96.6,11.9,16.1,,,,0.3,0.1,0.3,0.4,,0,,0,,17,0.9
2025-11-13,8:57 PM,sausage,oz,1,28.35,88,8,0,3,,0.2,0.1,0.1,0.8,0.2,0.1,,3.1,17,17,0,0.1,3.2,1,2.6,0,,0.3,0.2,0.2,0.3,0.5,0.5,3.1,0,0.2,0,,,,,0.2,44.5,136.9,5.2,234.5,,0.3,,0.3,0.1,0.2,0.3,,,,0.1,,16,0.4
2025-11-14,6:00 AM,Grain-Free Cereal Peanut Butter,cup,1,36,170,9,10,14,,,,,,,,,21,10,,,,,,1.5,,1,,,2,,,,,,,,,,,,,,40,,210,,,,,,,,,,,,,,
2025-11-14,6:00 AM,"Milk, Whole",g,105,1,63,3,5,3,,0.6,0.1,0.1,0.1,0.4,0.1,,129.2,13,19,0,0,0.7,0.1,2,,,,0.1,,0.2,0.3,0.3,12.6,,0.1,0,,0,0,0.1,0.2,106,157.5,2,39.9,,4.9,,0.2,0,0.2,0.2,33.2,,1,0.1,0.3,93,0.4
2025-11-14,9:59 AM,grilled chicken breast,g,250,1,370,8,0,74,,0.5,0.2,0.6,27.7,3.7,2.5,,15,265,269,0.1,0.8,3.3,1.8,2.5,0,,,2.8,1.1,3.6,6.1,7.1,77.5,0,1.9,0.1,0,0,,,3,622.5,1050,106,537.5,,,,3.3,0.9,2.7,3.8,,,,0.8,,166,2
2025-11-14,9:59 AM,orange,"fruit (2-7/8 dia)""",1,140,69,0,18,1,,,0.1,0.1,0.6,0.4,0.1,,60.2,,12,0.1,0,0,0,0,,3.1,47.6,0,0.2,0,0,0.1,15.4,0,0,,,,,,0,32.2,232.4,,1.4,,11.9,,0,0,0,0,,82.7,,0.2,,120,0.1
2025-11-14,1:26 PM,Banh Mi (Vietamese Sandwich),sandwich,1,271,597,26,60,30,,0.2,0.8,0.5,12.6,1.2,0.6,,81.8,63,73,0.2,0.5,5.9,13.8,4.5,,3.6,141.1,0.8,4.9,1.4,2.1,1.9,58,0.7,0.7,1.6,0,0,1.6,12.1,1.3,262.7,420.1,44.7,1008.7,,9.4,2.2,1.1,0.4,0.8,1.4,126.7,14.4,0.1,1.7,53.8,151,2
2025-11-14,6:00 PM,Cod Liver Oil,softgel,1,100,10,1,0,0,,,,,,,,,,,,,,,,,,,,,,,,,,,,,100,70,,,,,,,,,,,,,,,300,,10,,,,
2025-11-14,6:00 PM,Creatine Ethyl Ester (Hcl),serving,1,3,10,0,0,2,,,,,,,,,,,,,,,,,,,,,,,,,,,,,,,,,,,,,,,,,,,,,,,,,,,
2025-11-14,6:00 PM,Double Strength Taurine 1000mg Dietary Supplement,capsule,1,100,0,0,0,0,,,,,,,,,,,,,,,,,,,,,,,,,,,,,,,,,,,,,,,,,,,,,,,,,,,
2025-11-14,6:00 PM,Magnesium l-Threonate,capsules,4,0.05,0,0,0,0,,,,,,,,,,,,,,,,,,,,,,,,,144,,,,,,,,,,,,,,,,,,,,,,,,,,
2025-11-14,6:00 PM,Methyl Multi,capsules,2,50,0,0,0,0,,250,10,10,32,100,10,,50,,18,0.5,,,,,,,850,,,,,,50,0.3,,,,,,,,,49.5,50,30,,,,,,,,,125,2.5,67,30,,6.5
2025-11-14,7:23 PM,carrots,g,42,1,15,0,3,0,,,0,0,0.3,0.1,0.1,,12.6,,4,0,0,0,0,0,,1.3,5.9,0,0.1,0,0,0,4.2,0.1,0,,,,,,0,12.6,98.7,0.3,24.4,0.1,1.4,,0.1,0,0,0,,1.5,,0.4,5.8,38,0.1
2025-11-14,7:23 PM,jambalaya,g,196,1,306,14,29,14,,0.4,0.1,0.1,3.3,0.8,0.3,,33.9,58,36,0.2,0.2,7.3,2,3.7,0,0.8,13.5,0.5,1,0.8,1.3,1.3,24.8,0.5,0.4,0,0,0,,,0.7,165.4,330.7,16.8,1004.3,,1.4,,0.7,0.2,0.5,0.8,,10.6,,1.3,7.1,135,1.3
2025-11-14,7:23 PM,kielbasa,g,85,1,286,25,4,11,,0.6,0.1,0.2,3.2,0.5,0.1,,35.7,62,36,0,0.1,10.7,4.6,8.4,0.2,,,0.3,0.8,0.4,0.8,0.7,13.6,0,0.2,0.2,0,0,,,0.4,173.4,260.1,16.8,902.7,,2,,0.4,0.1,0.3,0.5,,12.5,,0.3,,42,1.3
2025-11-15,10:36 AM,blueberries,g,42,1,24,0,6,0,,,0,0,0.2,0.1,0,,2.5,,3,0,0,0,0.1,0,,1,2.5,0,0.1,0,0,0,2.5,0.1,0,,,,,,0,5,32.3,0,0.4,0,4.2,,0,0,0,0,,4.1,,0.2,8.1,35,0.1
2025-11-15,10:36 AM,honey,g,11,1,33,0,9,0,,,,0,0,0,0,,0.7,,0,0,0,,,,,0,0.2,0,0,0,0,0,0.2,0,0,,,,,,0,0.4,5.7,0.1,0.4,,9,,0,0,0,0,,0.1,,,,2,0
2025-11-15,10:36 AM,pistachio,g,12,1,68,6,3,3,,,0.1,0,0.2,0.1,0.1,,12.8,,9,0.2,0,2.9,1.6,0.7,,1.2,6.1,0.1,0.5,0.1,0.2,0.1,13.1,0.1,0,0,,,,,0.1,56.3,120.8,1.2,51.4,0.2,0.9,,0.1,0,0.1,0.2,,0.4,,0.3,1.6,0,0.3
2025-11-15,10:36 AM,yogurt,g,170,1,107,3,12,9,,1,0.1,0.4,0.2,1,0.1,,311.1,10,26,0,0.1,0.7,0.1,1.7,,,18.7,0.2,0.1,0.5,0.9,0.8,28.9,0,0.3,,,,,,0.5,244.8,397.8,5.6,119,,12,,0.4,0.1,0.5,0.7,,1.4,,0.1,0.3,145,1.5
2025-11-15,4:51 PM,medium banana,"medium (7 to 7-7/8"" long)""",0.75,118,79,0,20,1,,,0,0.1,0.6,0.3,0.3,,4.4,,9,0.1,0,0,0.1,0.1,,2.3,17.7,0.1,0.2,0,0.1,0,23.9,0.2,0,,,,,,0,19.5,316.8,0.9,0.9,4.8,10.8,,0,0,0,0,,7.7,,0.1,0.4,66,0.1
2025-11-15,4:51 PM,peanut butter,g,17.4,1,102,9,4,4,,,0,0,2.3,0.2,0.1,,9.4,,11,0.1,0,3.6,2,1.7,,1,6.1,0.1,0.4,0.1,0.3,0.1,31.1,0.2,0,,,0,,,0.2,58.3,103,7,82.8,0.8,1.1,,0.1,0,0.1,0.1,,,,1,,0,0.5
2025-11-15,6:00 PM,Cod Liver Oil,softgel,1,100,10,1,0,0,,,,,,,,,,,,,,,,,,,,,,,,,,,,,100,70,,,,,,,,,,,,,,,300,,10,,,,
2025-11-15,6:00 PM,Creatine Ethyl Ester (Hcl),serving,1,3,10,0,0,2,,,,,,,,,,,,,,,,,,,,,,,,,,,,,,,,,,,,,,,,,,,,,,,,,,,
2025-11-15,6:00 PM,Double Strength Taurine 1000mg Dietary Supplement,capsule,1,100,0,0,0,0,,,,,,,,,,,,,,,,,,,,,,,,,,,,,,,,,,,,,,,,,,,,,,,,,,,
2025-11-15,6:00 PM,Magnesium l-Threonate,capsules,4,0.05,0,0,0,0,,,,,,,,,,,,,,,,,,,,,,,,,144,,,,,,,,,,,,,,,,,,,,,,,,,,
2025-11-15,6:00 PM,Methyl Multi,capsules,2,50,0,0,0,0,,250,10,10,32,100,10,,50,,18,0.5,,,,,,,850,,,,,,50,0.3,,,,,,,,,49.5,50,30,,,,,,,,,125,2.5,67,30,,6.5
2025-11-15,7:01 PM,carrot,carrot,0.5,46,8,0,2,0,,,0,0,0.1,0.1,0,,6.9,,2,0,0,0,0,0,,0.7,3.2,0,0.1,0,0,0,2.3,0,0,,,,,,0,6.9,54.1,0.2,13.3,0,0.8,,0,0,0,0,,0.8,,0.2,3.2,21,0
2025-11-15,7:01 PM,foccacia,g,97,1,242,8,35,9,,,0.5,0.3,3.6,0.6,0.1,,34,,3,0.1,,5.5,1,0.9,,1.7,133.9,,3.1,,,,19.4,0.4,,,,,,,,124.2,110.6,15.4,544.2,,1.7,,,,,,,,,1.4,5.5,45,1.3
2025-11-15,7:01 PM,ground turkey,cup,0.5,127,164,11,0,16,,1,0.1,0.2,4.9,0.9,0.3,,31.1,67,49,0.1,0.2,3.8,2.9,2.9,0.1,,4.4,0.5,1.3,0.7,1.3,1.4,17.8,0,0.5,0.1,0,0,,,0.6,167,175.3,22.9,54,,,,0.7,0.2,0.6,0.7,,,,0.1,,36,2.3
2025-11-15,7:01 PM,wild rice,cup,1,164,166,1,35,7,,,0.1,0.1,2.1,0.3,0.2,,4.9,,17,0.2,0.1,0.1,0.3,0.1,,3,42.6,0.2,1,0.3,0.5,0.3,52.5,0.5,0.2,,,,,,0.3,134.5,165.6,1.3,4.9,,1.2,,0.2,0.1,0.3,0.4,,,,0.4,0.8,121,2.2
2025-11-16,6:00 AM,Focaccia Italian Flatbread Plain,g,60,1,149,5,21,5,,,0.3,0.2,2.2,0.4,0.1,,21,,2,0.1,,3.4,0.6,0.5,,1.1,82.8,,1.9,,,,12,0.2,,,,,,,,76.8,68.4,9.5,336.6,,1.1,,,,,,0,,,0.9,3.4,28,0.8
2025-11-16,6:00 AM,Grain-Free Cereal Peanut Butter,cup,1,36,170,9,10,14,,,,,,,,,21,10,,,,,,1.5,,1,,,2,,,,,,,,,,,,,,40,,210,,,,,,,,,,,,,,
2025-11-16,6:00 AM,"Milk, Whole",g,105,1,63,3,5,3,,0.6,0.1,0.1,0.1,0.4,0.1,,129.2,13,19,0,0,0.7,0.1,2,,,,0.1,,0.2,0.3,0.3,12.6,,0.1,0,,0,0,0.1,0.2,106,157.5,2,39.9,,4.9,,0.2,0,0.2,0.2,33.2,,1,0.1,0.3,93,0.4
2025-11-16,6:00 AM,Olive Oil,tbsp,1,13.5,119,14,0,0,,,,,,,,,0.1,,0,,,9.8,1.4,1.9,,,,,0.1,,,,,,,0.1,,,0.1,1.3,,,0.1,,0.3,,,,,,,,,,,1.9,8.1,,
2025-11-16,1:00 PM,Horchata Inspired Ice Cream,g,96,1,242,14,26,4,,,,,,,,,109.3,59,,,,,,8.6,,,,,0.2,,,,,,,,,,,,,,109.3,,105.4,,22.6,,,,,,,,,,,,
2025-11-16,1:00 PM,Soups Turkey & Wild Rice,cup,2,100,204,4,32,10,,,,,,,,,,14,,,,,,,,2,,,,,,,,,,,,,,,,,,,2468,,6,,,,,,,,,,,,
2025-11-16,6:00 PM,Cod Liver Oil,softgel,1,100,10,1,0,0,,,,,,,,,,,,,,,,,,,,,,,,,,,,,100,70,,,,,,,,,,,,,,,300,,10,,,,
2025-11-16,6:00 PM,Creatine Ethyl Ester (Hcl),serving,1,3,10,0,0,2,,,,,,,,,,,,,,,,,,,,,,,,,,,,,,,,,,,,,,,,,,,,,,,,,,,
2025-11-16,6:00 PM,Double Strength Taurine 1000mg Dietary Supplement,capsule,1,100,0,0,0,0,,,,,,,,,,,,,,,,,,,,,,,,,,,,,,,,,,,,,,,,,,,,,,,,,,,
2025-11-16,6:00 PM,Magnesium l-Threonate,capsules,4,0.05,0,0,0,0,,,,,,,,,,,,,,,,,,,,,,,,,144,,,,,,,,,,,,,,,,,,,,,,,,,,
2025-11-16,6:00 PM,Methyl Multi,capsules,2,50,0,0,0,0,,250,10,10,32,100,10,,50,,18,0.5,,,,,,,850,,,,,,50,0.3,,,,,,,,,49.5,50,30,,,,,,,,,125,2.5,67,30,,6.5
2025-11-17,6:39 AM,Dark Chocolate Covered Mini Pretzels,serving,1,28,140,7,19,2,,,,,,,,,10,,,,,,,4,,2,,,2,,,,,,,,,,,,,,100,,160,,9,7,,,,,,,,,,,
2025-11-17,6:40 AM,eggs,large,3,50,215,14,1,19,,1.3,0.1,0.7,0.1,2.3,0.3,,84,558,441,0.1,0.4,5.5,2.9,4.7,0,,70.5,0.5,2.6,1,1.6,1.4,18,0,0.6,0.1,0.1,,,,1,297,207,46,213,,0.6,,0.8,0.3,0.7,1.3,,,,1.6,0.4,114,1.9
2025-11-17,6:40 AM,foccacia,g,56,1,139,4,20,5,,,0.3,0.2,2.1,0.4,0.1,,19.6,,2,0.1,,3.2,0.6,0.5,,1,77.3,,1.8,,,,11.2,0.2,,,,,,,,71.7,63.8,8.9,314.2,,1,,,,,,,,,0.8,3.2,26,0.7
2025-11-17,6:40 AM,olive oil,g,7,1,62,7,0,0,,,,,,,,,0.1,,0,,,5.1,0.7,1,,,,,0,,,,,,,,,,,,,,0.1,,0.1,,,,,,,,,,,1,4.2,,
2025-11-17,6:40 AM,spinach,g,100,1,23,0,4,3,,,0.1,0.2,0.5,0.1,0.2,,136,,20,0.2,0,0,0.1,0,,2.4,146,0.1,3.6,0.2,0.2,0.2,87,0.9,0.1,,,,,,0.1,56,466,1.5,70,,0.4,,0.1,0,0.1,0.2,,9.8,,2.1,493.6,91,0.8
2025-11-17,2:24 PM,Panda Express Honey Sesame Chicken Breast,child size - order (Kids' Meal),1,113.4,326,17,31,13,,0.1,0.1,0.1,4.5,0.5,0.3,,21.6,27,33,0.1,0.2,3.9,9.4,2.8,,1.4,18,0.4,0.8,0.6,0.9,0.9,22.1,0.4,0.3,1.1,0,0,1.1,8.3,0.5,104.2,190.3,18.7,361.7,,15,11.9,0.5,0.1,0.4,0.6,14.3,32.3,0,2.1,38.1,52,0.7
2025-11-17,2:24 PM,Super Greens (Side),serving,1,198,90,3,10,6,,,,,,,,,,,,,,,,,,5,,,,,,,,,,,,,,,,,,,260,,4,,,,,,,,,,,,
2025-11-17,5:00 PM,Kielbasa Fully Cooked Grilled,oz,3,28.33,286,25,4,11,,0.6,0.1,0.2,3.2,0.5,0.1,,35.7,62,36,0,0.1,10.7,4.6,8.4,,,,0.3,0.8,0.4,0.8,0.7,13.6,0,0.2,0.2,0,0,0.2,3.9,0.4,173.4,260.1,16.8,901,,2,,0.4,0.1,0.3,0.5,7.7,12.5,0.8,0.3,,42,1.3
2025-11-17,5:00 PM,Rice White Cooked Without Salt,cup,1,186,242,0,53,4,,,0.3,0,3.4,0.8,0.1,,5.6,,,0.1,0.1,0.1,0.1,0.1,,0.6,107.9,0.1,2.8,0.2,0.4,0.2,24.2,0.7,0.1,,,,,,0.2,68.8,53.9,13.9,,,,,0.2,0.1,0.1,0.3,,,,,,128,0.8
2025-11-17,9:51 PM,Cod Liver Oil,softgel,1,100,10,1,0,0,,,,,,,,,,,,,,,,,,,,,,,,,,,,,100,70,,,,,,,,,,,,,,,300,,10,,,,
2025-11-17,9:51 PM,Magnesium l-Threonate,capsules,4,0.05,0,0,0,0,,,,,,,,,,,,,,,,,,,,,,,,,144,,,,,,,,,,,,,,,,,,,,,,,,,,
2025-11-17,9:51 PM,Methyl Multi,capsules,2,50,0,0,0,0,,250,10,10,32,100,10,,50,,18,0.5,,,,,,,850,,,,,,50,0.3,,,,,,,,,49.5,50,30,,,,,,,,,125,2.5,67,30,,6.5
2025-11-18,7:00 AM,Grain-Free Cereal Peanut Butter,cup,1,36,170,9,10,14,,,,,,,,,21,10,,,,,,1.5,,1,,,2,,,,,,,,,,,,,,40,,210,,,,,,,,,,,,,,
2025-11-18,7:00 AM,foccacia,g,53,1,132,4,19,5,,,0.2,0.2,1.9,0.3,0.1,,18.6,,2,0,,3,0.5,0.5,,1,73.1,,1.7,,,,10.6,0.2,,,,,,,,67.8,60.4,8.4,297.3,,0.9,,,,,,,,,0.8,3,24,0.7
2025-11-18,7:00 AM,milk whole,g,100,1,61,3,5,3,,0.5,0,0.2,0.1,0.4,0,,113,10,14,0,0,0.8,0.2,1.9,,,5,0.1,0,0.2,0.3,0.3,10,0,0.1,,,,,,0.2,84,132,3.7,43,,5,,0.1,0,0.2,0.2,,,,0.1,0.3,88,0.4
2025-11-18,11:00 AM,Street Tacos White Corn Tortillas,tortilla,3,14.67,100,1,20,2,,,,,,,,,20,,,,,,0.5,,,2,,,0.3,,,,,,,,,,,,,,80,,20,,2,,,,,,,,,,,,
2025-11-18,11:00 AM,Tortilla Style Nacho Cheese Protein Chips,bag,1,32,140,6,5,18,,,,,,,,,180,10,,,,,,1,,1,,,0.2,,,,,,,,,,,,,,40,,340,,1,,,,,,,,,,,,
2025-11-18,11:00 AM,bison,oz,2,28.35,135,9,0,13,,1.3,0.1,0.1,3.2,0.6,0.2,,7.4,47,,0.1,0.2,3.4,0.4,3.7,,,8.5,0.5,1.7,0.7,1.2,1.3,12.5,0,0.4,,,,,,0.6,116.2,193.3,17,41.4,,,,0.6,0.1,0.5,0.7,,,,0.1,,34,2.9
2025-11-18,11:00 AM,cotija,oz,1,28.35,104,9,1,6,,0.6,0,0.1,0,,0,,226.8,28,4,0.1,,2.4,0.3,5,,,2.8,,,,,,10.8,,,,,,,,,206.7,35.4,5,396.9,,,,,,,,,,,0.1,0.5,11,1.1
2025-11-18,11:00 AM,pork shoulder,oz,2,28.34,165,12,0,13,,0.5,0.3,0.2,2.3,0.3,0.2,,13.6,51,45,0.1,0.2,5.4,1.2,4.5,,,2.8,0.5,0.7,0.6,1,1.2,10.2,0,0.3,,,,,,0.5,120.1,186.4,18.9,38.5,,,,0.6,0.2,0.4,0.7,,0.3,,0.1,,31,2.1
2025-11-18,6:00 PM,Cod Liver Oil,softgel,1,100,10,1,0,0,,,,,,,,,,,,,,,,,,,,,,,,,,,,,100,70,,,,,,,,,,,,,,,300,,10,,,,
2025-11-18,6:00 PM,Creatine Ethyl Ester (Hcl),serving,1,3,10,0,0,2,,,,,,,,,,,,,,,,,,,,,,,,,,,,,,,,,,,,,,,,,,,,,,,,,,,
2025-11-18,6:00 PM,Double Strength Taurine 1000mg Dietary Supplement,capsule,1,100,0,0,0,0,,,,,,,,,,,,,,,,,,,,,,,,,,,,,,,,,,,,,,,,,,,,,,,,,,,
2025-11-18,6:00 PM,Magnesium l-Threonate,capsules,4,0.05,0,0,0,0,,,,,,,,,,,,,,,,,,,,,,,,,144,,,,,,,,,,,,,,,,,,,,,,,,,,
2025-11-18,6:00 PM,Methyl Multi,capsules,2,50,0,0,0,0,,250,10,10,32,100,10,,50,,18,0.5,,,,,,,850,,,,,,50,0.3,,,,,,,,,49.5,50,30,,,,,,,,,125,2.5,67,30,,6.5
2025-11-18,7:00 PM,chicken breast,g,174,1,287,6,0,54,,0.6,0.1,0.2,23.9,1.7,1,,26.1,148,148,0.1,0.7,2.2,1.3,1.8,,,7,1.7,1.8,2.9,4.1,4.6,50.5,0,1.5,,0,0,,,2.1,396.7,445.4,48,128.8,,,,2.3,0.6,1.8,2.7,,,,0.5,0.5,114,1.7
2025-11-18,7:00 PM,rice and beans,g,300,1,453,12,73,14,,,0.4,0.1,3.1,0.8,0.2,,111,,,0.5,0.2,2.7,4.7,2.2,0.1,10.2,,0.4,4.7,0.6,1.1,0.8,78,1.3,0.2,0.7,,,,,0.8,261,672,14.4,1260,55.7,2.6,,0.6,0.2,0.4,0.8,,,,1.4,30.9,196,2.2
2025-11-19,8:00 AM,focaccia,g,56,1,139,4,20,5,,,0.3,0.2,2.1,0.4,0.1,,19.6,,2,0.1,,3.2,0.6,0.5,,1,77.3,,1.8,,,,11.2,0.2,,,,,,,,71.7,63.8,8.9,314.2,,1,,,,,,,,,0.8,3.2,26,0.7
2025-11-19,8:00 AM,poached eggs,large,3,50,215,14,1,19,,1.1,0,0.6,0.1,2.3,0.2,,84,555,351,0.1,0.4,5.5,2.9,4.7,,,52.5,0.5,2.6,1,1.6,1.4,18,0,0.6,,0.1,,,,1,295.5,207,45.9,445.5,,0.6,,0.8,0.2,0.7,1.3,,,,1.6,0.4,114,1.9
2025-11-19,8:00 AM,tomato sauce,g,50,1,12,0,3,1,,,0,0,0.5,0.2,0,,7,,5,0.1,0,0,0.1,0,,0.8,4.5,0,0.5,0,0,0,7.5,0.1,0,,,,,,0,13.5,148.5,0.3,237,,1.8,,0,0,0,0,,3.5,,0.7,1.4,46,0.1
2025-11-19,12:05 PM,chicken salad,cup,0.5,224.2,254,18,3,19,,0.2,0.1,0.1,5.9,0.8,0.3,,16.7,64,5,0.1,0.3,5.9,6.6,4.1,0,0.4,9.6,0.6,1.1,0.9,1.4,1.5,18.3,0,0.5,0.5,0,0,,,0.7,148.9,208.2,19.1,226.3,0,2.4,,0.8,0.2,0.6,0.9,,0.9,,0.4,23.2,71,1.2
2025-11-19,12:05 PM,chili,cup,0.5,240,142,9,7,9,,1.2,0,0.1,1.5,0.2,0.2,,36,25,51,0.2,,3,0.6,2.7,,0.6,9.6,0.2,2.4,0.4,0.7,0.5,24,0.3,0.1,,0,0,,,0.3,92.4,222,7.8,493.2,4,1.3,,0.4,,0.2,0.5,,2.2,,0.7,2.6,93,1.3
2025-11-19,6:00 PM,chicken,oz,4,28.33,249,15,0,27,,0.9,0.1,0.2,8,1.1,0.4,,14.7,107,,0.1,0.4,5.9,3.2,4.1,,,26.1,0.8,1.8,1.3,2,2.2,22.7,0,0.7,,0,0,,,1.1,202.9,231.2,17.8,80.5,,,,1.1,0.3,0.9,1.3,,0.5,,,,71,1.9
2025-11-19,6:00 PM,cookie,medium,1,30,148,7,20,2,,0,0.1,0.1,0.8,,0,3,6.3,,3,0.1,0,1.9,2.5,2.4,0.2,0.6,21.6,0,1.7,0,0.1,0,12.3,0.2,0,0.3,,,,,0.1,32.7,51.3,1.2,93.3,8.5,9.9,,0,0,0,0.1,,,,0.6,10.1,1,0.2
2025-11-19,6:00 PM,hummus,oz,2,28.35,94,5,8,4,,,0.1,0,0.3,0.1,0.1,,21.5,,,0.3,,2.3,2,0.8,,3.4,47.1,,1.4,,,,40.3,0.4,,,,,,,,99.8,129.3,1.5,214.9,,,,,,,,,,,,,38,1
2025-11-19,8:00 PM,Creatine Ethyl Ester (Hcl),serving,1,3,10,0,0,2,,,,,,,,,,,,,,,,,,,,,,,,,,,,,,,,,,,,,,,,,,,,,,,,,,,
2025-11-19,8:00 PM,Magnesium l-Threonate,capsules,2,0.05,0,0,0,0,,,,,,,,,,,,,,,,,,,,,,,,,72,,,,,,,,,,,,,,,,,,,,,,,,,,
2025-11-19,8:00 PM,Methyl Multi,capsules,1,50,0,0,0,0,,125,5,5,16,50,5,,25,,9,0.3,,,,,,,425,,,,,,25,0.1,,,,,,,,,24.8,25,15,,,,,,,,,62.5,1.3,33.5,15,,3.3
2025-11-20,9:00 AM,bacon,slices,2,11.5,108,8,0,8,,0.3,0.1,0.1,2.4,0.3,0.1,,2.5,23,21,0,0.1,3.6,1.4,2.8,0,,,0.3,0.2,0.4,0.6,0.7,7.1,0,0.2,0.1,0,0,,,0.3,89.2,114.8,11.7,387.3,,,,0.3,0.1,0.3,0.4,,,,0.1,,5,0.7
2025-11-20,9:00 AM,biscuit,"biscuit (2-1/2 dia)""",1,60,212,10,27,4,,0,0.2,0.2,1.8,0.2,0,,141,2,,0,0.1,4.2,2.5,2.6,,0.9,36.6,0.1,1.7,0.2,0.3,0.1,10.8,0.2,0.1,,,,,,0.2,98.4,72.6,11.7,348,,1.3,,0.1,0.1,0.1,0.2,,0.1,,,,17,0.3
2025-11-20,9:00 AM,eggs,large,2,50,143,10,1,13,,0.9,0,0.5,0.1,1.5,0.2,,56,372,294,0.1,0.3,3.7,1.9,3.1,0,,47,0.3,1.8,0.7,1.1,0.9,12,0,0.4,0,0.1,,,,0.7,198,138,30.7,142,,0.4,,0.6,0.2,0.5,0.9,,,,1.1,0.3,76,1.3
2025-11-20,9:00 AM,whole milk,oz,6,30.5,112,6,9,6,,0.8,0.1,0.3,0.2,0.7,0.1,,206.8,18,26,0,0,1.5,0.4,3.4,,,9.2,0.2,0.1,0.3,0.5,0.5,18.3,0,0.2,,,,,,0.3,153.7,241.6,6.8,78.7,,9.2,,0.2,0.1,0.3,0.4,,,,0.1,0.5,161,0.7
2025-11-20,10:54 AM,Homemade Blueberry Pie,g,150,1,367,18,50,4,,,0.2,0.2,1.8,0.2,0.1,,10.5,,,0.1,0.1,7.7,4.6,4.4,,,34.5,0.1,1.8,0.1,0.3,0.1,12,0.5,0.1,,,,,,0.2,45,75,11.1,277.5,,,,0.1,0,0.1,0.2,3,1,,,,77,0.3
2025-11-20,4:05 PM,Caramel Cashew Protein Bar,serving,1,55,200,8,18,20,,,,,,,,,160,5,,,,,,3,,3,,,0.6,,,,,,,,,,,,,,150,,80,,1,,,,,,,,,,,,
2025-11-20,6:00 PM,Cod Liver Oil,softgel,1,100,10,1,0,0,,,,,,,,,,,,,,,,,,,,,,,,,,,,,100,70,,,,,,,,,,,,,,,300,,10,,,,
2025-11-20,6:00 PM,Creatine Ethyl Ester (Hcl),serving,1,3,10,0,0,2,,,,,,,,,,,,,,,,,,,,,,,,,,,,,,,,,,,,,,,,,,,,,,,,,,,
2025-11-20,6:00 PM,Double Strength Taurine 1000mg Dietary Supplement,capsule,1,100,0,0,0,0,,,,,,,,,,,,,,,,,,,,,,,,,,,,,,,,,,,,,,,,,,,,,,,,,,,
2025-11-20,6:00 PM,Magnesium l-Threonate,capsules,4,0.05,0,0,0,0,,,,,,,,,,,,,,,,,,,,,,,,,144,,,,,,,,,,,,,,,,,,,,,,,,,,
2025-11-20,6:00 PM,Methyl Multi,capsules,2,50,0,0,0,0,,250,10,10,32,100,10,,50,,18,0.5,,,,,,,850,,,,,,50,0.3,,,,,,,,,49.5,50,30,,,,,,,,,125,2.5,67,30,,6.5
2025-11-20,7:51 PM,Chicken Breast Grilled Boneless Skinless,oz,3,28.33,126,3,0,25,,0.2,0.1,0.2,9.4,1.3,0.8,,5.1,90,92,0,0.3,1.1,0.6,0.9,,,,0.9,0.4,1.2,2.1,2.4,26.4,0,0.7,0,0,0,0,0.5,1,211.6,357,36,182.8,,,,1.1,0.3,0.9,1.3,8.5,,,0.3,,57,0.7
2025-11-20,7:51 PM,Chipotle Pinto Beans,order,1,113.4,129,2,22,7,,,0.2,0.1,0.3,0.2,0.2,,40,,29,0.2,0.1,0.5,0.6,0.3,,7.5,141.3,0.2,1.7,0.3,0.6,0.5,42.3,0.4,0.1,0.1,,,0.1,0.4,0.4,121.9,377.5,5.1,209.7,,0.9,,0.3,0.1,0.2,0.4,2.2,3.9,,1.1,3.6,81,0.8
2025-11-20,7:51 PM,Corn Sweet Yellow Raw,g,80,1,69,1,15,3,,,0.1,0,1.4,0.6,0.1,,1.6,,18,0,0,0.3,0.4,0.3,,1.6,33.6,0.1,0.4,0.1,0.3,0.1,29.6,0.1,0.1,0,,,0,0.4,0.1,71.2,216,0.5,12,,5,,0.1,0,0.1,0.1,7.2,5.4,,0.1,0.2,61,0.4
2025-11-20,7:52 PM,"Barbeque Sauce (Bbq), Store Bought",container,2,28,96,0,23,0,,,0,0,0.3,0.1,0,,18.5,,4,0,0,0,0.1,0,,0.5,1.1,0,0.4,0,0,0,7.3,0.1,0,0,,,0,0,0,11.2,129.9,0.7,575.1,,18.6,16.1,0,0,0,0,6.3,0.3,,0.4,1,31,0.1
2025-11-20,8:00 PM,Cod Liver Oil,softgel,1,100,10,1,0,0,,,,,,,,,,,,,,,,,,,,,,,,,,,,,100,70,,,,,,,,,,,,,,,300,,10,,,,
2025-11-20,8:00 PM,Creatine Ethyl Ester (Hcl),serving,1,3,10,0,0,2,,,,,,,,,,,,,,,,,,,,,,,,,,,,,,,,,,,,,,,,,,,,,,,,,,,
2025-11-20,8:00 PM,Double Strength Taurine 1000mg Dietary Supplement,capsule,1,100,0,0,0,0,,,,,,,,,,,,,,,,,,,,,,,,,,,,,,,,,,,,,,,,,,,,,,,,,,,
2025-11-20,8:00 PM,Magnesium l-Threonate,capsules,4,0.05,0,0,0,0,,,,,,,,,,,,,,,,,,,,,,,,,144,,,,,,,,,,,,,,,,,,,,,,,,,,
2025-11-20,8:00 PM,Methyl Multi,capsules,2,50,0,0,0,0,,250,10,10,32,100,10,,50,,18,0.5,,,,,,,850,,,,,,50,0.3,,,,,,,,,49.5,50,30,,,,,,,,,125,2.5,67,30,,6.5
2025-11-21,9:34 AM,eggs over easy,medium,3,40,235,18,1,16,,1.2,0.1,0.6,0.1,2,0.2,,74.4,481,381,0.1,0.4,7.4,3.9,5.2,,,61.2,0.4,2.3,0.9,1.4,1.2,15.6,0,0.5,,0.1,,,,0.9,258,182.4,39.7,248.4,,0.5,,0.7,0.2,0.6,1.1,,,,1.6,6.7,83,1.7
2025-11-21,9:34 AM,espresso,g,36,1,3,0,1,0,,,0,0.1,1.9,0,0,76,0.7,,1,0,,,0,0,,,0.4,,0,,,,28.8,0,,,,,,,,2.5,41.4,,5,,,,,,,,,0.1,,0,0,35,0
2025-11-21,9:34 AM,foccacia,g,63,1,157,5,23,6,,,0.3,0.2,2.3,0.4,0.1,,22.1,,2,0.1,,3.6,0.6,0.6,,1.1,86.9,,2,,,,12.6,0.2,,,,,,,,80.6,71.8,10,353.4,,1.1,,,,,,,,,0.9,3.6,29,0.8
2025-11-21,9:34 AM,olive oil,g,7,1,62,7,0,0,,,,,,,,,0.1,,0,,,5.1,0.7,1,,,,,0,,,,,,,,,,,,,,0.1,,0.1,,,,,,,,,,,1,4.2,,
2025-11-21,9:34 AM,whole milk,oz,4,30.5,74,4,6,4,,0.5,0.1,0.2,0.1,0.5,0,,137.9,12,17,0,0,1,0.2,2.3,,,6.1,0.1,0,0.2,0.4,0.3,12.2,0,0.1,,,,,,0.2,102.5,161,4.5,52.5,,6.2,,0.2,0,0.2,0.3,,,,0.1,0.4,108,0.5
2025-11-21,11:00 AM,Dark Chocolate Covered Mini Pretzels,serving,1,28,140,7,19,2,,,,,,,,,10,,,,,,,4,,2,,,2,,,,,,,,,,,,,,100,,160,,9,7,,,,,,,,,,,
2025-11-21,11:44 AM,Simply Steamers Beef Chimichurri,meal,1,255,220,6,24,16,,,,,,,,,70,35,,,,3.5,0.5,1.5,,5,,,2.3,,,,,,,,,,,,,,950,,550,,4,,,,,,,31.5,,,,,
2025-11-21,1:00 PM,Focaccia Italian Flatbread Plain,g,60,1,149,5,21,5,,,0.3,0.2,2.2,0.4,0.1,,21,,2,0.1,,3.4,0.6,0.5,,1.1,82.8,,1.9,,,,12,0.2,,,,,,,,76.8,68.4,9.5,336.6,,1.1,,,,,,0,,,0.9,3.4,28,0.8
2025-11-21,7:00 PM,beef,g,100,1,259,17,0,26,,1.8,0.1,0.2,5.5,0.5,0.5,,13,87,83,0.1,0.3,7.4,0.7,6.8,0.6,,7,0.9,2.2,1.2,2.2,2.3,20,0,0.7,0,0,0,,,1,180,271,28.3,50,,,,1.1,0.2,0.9,1.3,,,,0.3,1.4,57,5.1
2025-11-21,7:00 PM,bok choy,g,100,1,12,0,2,2,,,0,0.1,0.4,0.1,0.2,,93,,12,0,0,0,0.1,0,,1,41,0,1,0.1,0.1,0.1,11,0.1,0,,,,,,0,29,371,0.4,34,,0.8,,0.1,0,0,0.1,,26,,0.1,34,96,0.2
2025-11-21,7:00 PM,rice,g,100,1,130,0,28,3,,,0,0,0.4,0.4,0.1,,10,,2,0.1,0.1,0.1,0.1,0.1,,0.4,3,0.1,0.2,0.1,0.2,0.1,12,0.5,0.1,,,,,,0.1,43,35,7.5,1,,0.1,,0.1,0,0.1,0.2,,,,0,,68,0.5
2025-11-21,8:00 PM,Cod Liver Oil,softgel,1,100,10,1,0,0,,,,,,,,,,,,,,,,,,,,,,,,,,,,,100,70,,,,,,,,,,,,,,,300,,10,,,,
2025-11-21,8:00 PM,Creatine Ethyl Ester (Hcl),serving,1,3,10,0,0,2,,,,,,,,,,,,,,,,,,,,,,,,,,,,,,,,,,,,,,,,,,,,,,,,,,,
2025-11-21,8:00 PM,Double Strength Taurine 1000mg Dietary Supplement,capsule,1,100,0,0,0,0,,,,,,,,,,,,,,,,,,,,,,,,,,,,,,,,,,,,,,,,,,,,,,,,,,,
2025-11-21,8:00 PM,Magnesium l-Threonate,capsules,4,0.05,0,0,0,0,,,,,,,,,,,,,,,,,,,,,,,,,144,,,,,,,,,,,,,,,,,,,,,,,,,,
2025-11-21,8:00 PM,Methyl Multi,capsules,2,50,0,0,0,0,,250,10,10,32,100,10,,50,,18,0.5,,,,,,,850,,,,,,50,0.3,,,,,,,,,49.5,50,30,,,,,,,,,125,2.5,67,30,,6.5
2025-11-22,7:00 AM,Power Cakes Flapjack & Waffle Mix,g,63,1,226,2,36,17,,,,,,,,,249.6,12,,,,,,,,5.9,,,2,,,,,,,,,,,,,,214,,451.7,,3.6,,,,,,,,,,,,
2025-11-22,7:00 AM,Wild Blueberry Jam,ml,15,6.67,30,0,13,0,,,,,,,,,,,,,,,,,,,,,,,,,,,,,,,,,,,,,,,7,,,,,,,,,,,,
2025-11-22,7:00 AM,foccacia,g,63,1,157,5,23,6,,,0.3,0.2,2.3,0.4,0.1,,22.1,,2,0.1,,3.6,0.6,0.6,,1.1,86.9,,2,,,,12.6,0.2,,,,,,,,80.6,71.8,10,353.4,,1.1,,,,,,,,,0.9,3.6,29,0.8
2025-11-22,7:00 AM,whole milk,oz,4,30.5,74,4,6,4,,0.5,0.1,0.2,0.1,0.5,0,,137.9,12,17,0,0,1,0.2,2.3,,,6.1,0.1,0,0.2,0.4,0.3,12.2,0,0.1,,,,,,0.2,102.5,161,4.5,52.5,,6.2,,0.2,0,0.2,0.3,,,,0.1,0.4,108,0.5
2025-11-22,1:00 PM,Tzatziki Sauce (Yogurt and Cucumber),g,100,1,65,4,5,3,,0.4,0.1,0.1,0.1,0.4,0.1,,105.8,14,17,0,0,0.9,0.1,2.3,,0.5,6.2,0.1,0.1,0.1,0.3,0.3,15,0.1,0.1,0,,0,0,0.1,0.1,91.3,184.9,1.6,193.5,,4.3,,0.1,0,0.1,0.2,41.3,1.5,0.1,0.1,3.3,88,0.4
2025-11-22,1:00 PM,chicken,g,80,1,176,10,0,19,,0.6,0,0.2,5.6,0.8,0.3,,10.4,75,,0.1,0.3,4.2,2.3,2.9,,,18.4,0.6,1.3,0.9,1.4,1.5,16,0,0.5,,0,0,,,0.8,143.2,163.2,12.6,56.8,,,,0.8,0.2,0.6,0.9,,0.3,,,,50,1.4
2025-11-22,1:00 PM,hummus,g,80,1,133,8,11,6,,,0.1,0.1,0.5,0.1,0.2,,30.4,,,0.4,,3.2,2.9,1.1,,4.8,66.4,,2,,,,56.8,0.6,,,,,,,,140.8,182.4,2.1,303.2,,,,,,,,,,,,,53,1.5
2025-11-22,1:00 PM,saffron rice,g,140,1,206,4,38,4,,0,0,0,0.5,0.5,0.1,,14.6,9,4,0.1,0.1,1,0.2,2.2,0.1,0.5,4.3,0.1,0.3,0.2,0.3,0.1,16.6,0.7,0.1,0,,,,,0.2,59.6,49.8,10.2,27.6,,0.1,,0.1,0,0.1,0.2,,0.1,,0.1,0.3,94,0.7
2025-11-22,7:55 PM,chicken breast,g,170,1,281,6,0,53,,0.6,0.1,0.2,23.3,1.6,1,,25.5,145,145,0.1,0.7,2.1,1.3,1.7,,,6.8,1.6,1.8,2.8,4,4.5,49.3,0,1.5,,0,0,,,2.1,387.6,435.2,46.9,125.8,,,,2.2,0.6,1.8,2.6,,,,0.5,0.5,111,1.7
2025-11-22,7:55 PM,farfalle,g,100,1,158,1,31,6,,,0.3,0.1,1.7,0.1,0,,7,,6,0.1,0.1,0.1,0.3,0.2,,1.8,73,0.1,1.3,0.2,0.4,0.1,18,0.3,0.1,0,,,,,0.3,58,44,26.4,1,26,0.6,,0.2,0.1,0.1,0.3,,,,0.1,,62,0.5
2025-11-22,7:55 PM,foccacia,g,40,1,100,3,14,4,,,0.2,0.1,1.5,0.3,0,,14,,1,0,,2.3,0.4,0.4,,0.7,55.2,,1.3,,,,8,0.1,,,,,,,,51.2,45.6,6.4,224.4,,0.7,,,,,,,,,0.6,2.3,18,0.5
2025-11-22,7:55 PM,olive oil,g,5,1,44,5,0,0,,,,,,,,,0.1,,0,,,3.6,0.5,0.7,,,,,0,,,,,,,,,,,,,,0.1,,0.1,,,,,,,,,,,0.7,3,,
2025-11-22,8:00 PM,Cod Liver Oil,softgel,1,100,10,1,0,0,,,,,,,,,,,,,,,,,,,,,,,,,,,,,100,70,,,,,,,,,,,,,,,300,,10,,,,
2025-11-22,8:00 PM,Creatine Ethyl Ester (Hcl),serving,1,3,10,0,0,2,,,,,,,,,,,,,,,,,,,,,,,,,,,,,,,,,,,,,,,,,,,,,,,,,,,
2025-11-22,8:00 PM,Double Strength Taurine 1000mg Dietary Supplement,capsule,1,100,0,0,0,0,,,,,,,,,,,,,,,,,,,,,,,,,,,,,,,,,,,,,,,,,,,,,,,,,,,
2025-11-22,8:00 PM,Magnesium l-Threonate,capsules,4,0.05,0,0,0,0,,,,,,,,,,,,,,,,,,,,,,,,,144,,,,,,,,,,,,,,,,,,,,,,,,,,
2025-11-22,8:00 PM,Methyl Multi,capsules,2,50,0,0,0,0,,250,10,10,32,100,10,,50,,18,0.5,,,,,,,850,,,,,,50,0.3,,,,,,,,,49.5,50,30,,,,,,,,,125,2.5,67,30,,6.5
2025-11-23,7:00 AM,Kinder Bueno,wafer,1,20,110,7,11,2,,,,,,,,,47,5,,,,,,3,,,,,,,,,,,,,,,,,,,68,,25,,9,,,,,,,,,,,,
2025-11-23,7:00 AM,"Milk, Whole",g,105,1,63,3,5,3,,0.6,0.1,0.1,0.1,0.4,0.1,,129.2,13,19,0,0,0.7,0.1,2,,,,0.1,,0.2,0.3,0.3,12.6,,0.1,0,,0,0,0.1,0.2,106,157.5,2,39.9,,4.9,,0.2,0,0.2,0.2,33.2,,1,0.1,0.3,93,0.4
2025-11-23,7:00 AM,chicken,g,140,1,308,18,0,34,,1.1,0.1,0.3,9.8,1.4,0.5,,18.2,132,,0.1,0.4,7.3,4,5.1,,,32.2,1,2.3,1.7,2.4,2.7,28,0,0.9,,0,0,,,1.3,250.6,285.6,22,99.4,,,,1.4,0.4,1.1,1.6,,0.6,,,,87,2.4
2025-11-23,7:00 AM,foccacia,g,63,1,157,5,23,6,,,0.3,0.2,2.3,0.4,0.1,,22.1,,2,0.1,,3.6,0.6,0.6,,1.1,86.9,,2,,,,12.6,0.2,,,,,,,,80.6,71.8,10,353.4,,1.1,,,,,,,,,0.9,3.6,29,0.8
2025-11-23,7:00 AM,olive oil,g,5,1,44,5,0,0,,,,,,,,,0.1,,0,,,3.6,0.5,0.7,,,,,0,,,,,,,,,,,,,,0.1,,0.1,,,,,,,,,,,0.7,3,,
2025-11-23,11:03 AM,Tri-Athlete,serving,1,100,500,10,80,30,,,,,,,,,40,,,,,,,1,,1,,,,,,,,,,,,,,,,,,,850,,42,,,,,,,12,,,,,
2025-11-23,2:01 PM,Kinder Bueno,wafer,1,20,110,7,11,2,,,,,,,,,47,5,,,,,,3,,,,,,,,,,,,,,,,,,,68,,25,,9,,,,,,,,,,,,
2025-11-23,7:58 PM,farfalle,g,66,1,104,1,20,4,,,0.2,0.1,1.1,0.1,0,,4.6,,4,0.1,0.1,0.1,0.2,0.1,,1.2,48.2,0.1,0.8,0.1,0.3,0.1,11.9,0.2,0,0,,,,,0.2,38.3,29,17.4,0.7,17.2,0.4,,0.1,0.1,0.1,0.2,,,,0,,41,0.3
2025-11-23,7:58 PM,pesto,g,44,1,184,17,4,4,,,0.1,0.3,0.2,0.7,0.1,,134.6,,,0,,9.7,2.9,3.1,0.1,0.8,7,,0.3,,,,20.7,0.3,,0.6,,0,,,,120.1,246.4,,265.3,1,2.8,,,,,,,,,3.2,66.5,17,0.6
2025-11-23,7:58 PM,turkey meatball,g,156,1,162,8,13,11,,0.4,0.2,0.2,3.6,0.7,0.3,,87.1,45,41,0.2,0.1,3.6,1.4,2.1,0,2.4,26.8,0.3,3.6,0.5,0.9,0.9,34.5,0.3,0.3,0,0,0,,,0.5,144.2,399.1,13.4,516.2,3.1,5.5,,0.5,0.1,0.4,0.5,,15.4,,1.6,28.6,121,1.4
2025-11-23,8:00 PM,Cod Liver Oil,softgel,1,100,10,1,0,0,,,,,,,,,,,,,,,,,,,,,,,,,,,,,100,70,,,,,,,,,,,,,,,300,,10,,,,
2025-11-23,8:00 PM,Creatine Ethyl Ester (Hcl),serving,1,3,10,0,0,2,,,,,,,,,,,,,,,,,,,,,,,,,,,,,,,,,,,,,,,,,,,,,,,,,,,
2025-11-23,8:00 PM,Double Strength Taurine 1000mg Dietary Supplement,capsule,1,100,0,0,0,0,,,,,,,,,,,,,,,,,,,,,,,,,,,,,,,,,,,,,,,,,,,,,,,,,,,
2025-11-23,8:00 PM,Magnesium l-Threonate,capsules,4,0.05,0,0,0,0,,,,,,,,,,,,,,,,,,,,,,,,,144,,,,,,,,,,,,,,,,,,,,,,,,,,
2025-11-23,8:00 PM,Methyl Multi,capsules,2,50,0,0,0,0,,250,10,10,32,100,10,,50,,18,0.5,,,,,,,850,,,,,,50,0.3,,,,,,,,,49.5,50,30,,,,,,,,,125,2.5,67,30,,6.5
2025-11-24,7:00 AM,"Milk, Whole",g,105,1,63,3,5,3,,0.6,0.1,0.1,0.1,0.4,0.1,,129.2,13,19,0,0,0.7,0.1,2,,,,0.1,,0.2,0.3,0.3,12.6,,0.1,0,,0,0,0.1,0.2,106,157.5,2,39.9,,4.9,,0.2,0,0.2,0.2,33.2,,1,0.1,0.3,93,0.4
2025-11-24,7:00 AM,chicken breast,g,146,1,241,5,0,45,,0.5,0.1,0.2,20,1.4,0.9,,21.9,124,125,0.1,0.6,1.8,1.1,1.5,,,5.8,1.4,1.5,2.4,3.4,3.8,42.3,0,1.3,,0,0,,,1.8,332.9,373.8,40.3,108,,,,1.9,0.5,1.5,2.2,,,,0.4,0.4,95,1.5
2025-11-24,7:00 AM,chocolate chip cookies,"medium (3 diameter)""",2,30,295,15,39,3,,0,0.2,0.2,1.6,,0,7,12.6,,6,0.2,0.1,3.8,5.1,4.9,0.4,1.2,43.2,0,3.3,0.1,0.2,0,24.6,0.4,0,0.5,,,,,0.1,65.4,102.6,2.3,186.6,17,19.7,,0.1,0,0,0.1,,,,1.2,20.2,2,0.4
2025-11-24,7:00 AM,pesto,g,20,1,84,8,2,2,,,0,0.1,0.1,0.3,0,,61.2,,,0,,4.4,1.3,1.4,0,0.4,3.2,,0.1,,,,9.4,0.1,,0.3,,0,,,,54.6,112,,120.6,0.4,1.3,,,,,,,,,1.5,30.2,8,0.3
2025-11-24,2:17 PM,Thrilla In Vanilla,serving,1,100,346,4,53,30,,,0,0,0.4,0.2,0.1,,195.4,65,2,0.1,0,,,2.8,,5.9,3.6,0,0.6,0,0,0,13,0.1,0,,,,,,0,14.9,784.7,,147.9,,39.7,,0,0,0,0,1.7,9,,,0.6,5,0.1
2025-11-24,8:00 PM,Cod Liver Oil,softgel,1,100,10,1,0,0,,,,,,,,,,,,,,,,,,,,,,,,,,,,,100,70,,,,,,,,,,,,,,,300,,10,,,,
2025-11-24,8:00 PM,Creatine Ethyl Ester (Hcl),serving,1,3,10,0,0,2,,,,,,,,,,,,,,,,,,,,,,,,,,,,,,,,,,,,,,,,,,,,,,,,,,,
2025-11-24,8:00 PM,Double Strength Taurine 1000mg Dietary Supplement,capsule,1,100,0,0,0,0,,,,,,,,,,,,,,,,,,,,,,,,,,,,,,,,,,,,,,,,,,,,,,,,,,,
2025-11-24,8:00 PM,Magnesium l-Threonate,capsules,4,0.05,0,0,0,0,,,,,,,,,,,,,,,,,,,,,,,,,144,,,,,,,,,,,,,,,,,,,,,,,,,,
2025-11-24,8:00 PM,Methyl Multi,capsules,2,50,0,0,0,0,,250,10,10,32,100,10,,50,,18,0.5,,,,,,,850,,,,,,50,0.3,,,,,,,,,49.5,50,30,,,,,,,,,125,2.5,67,30,,6.5
2025-11-24,9:44 PM,broccoli,g,100,1,35,0,7,2,,,0.1,0.1,0.6,0.6,0.2,,40,,40,0.1,0,0,0.2,0.1,,3.3,108,0.1,0.7,0.1,0.1,0.2,21,0.2,0,,,,,,0.1,67,293,1.6,41,,1.4,,0.1,0,0.1,0.1,,64.9,,1.4,141.1,89,0.5
2025-11-24,9:44 PM,carrots,g,50,1,18,0,4,0,,,0,0,0.3,0.1,0.1,,15,,4,0,0,0,0,0,,1.5,7,0,0.2,0,0,0,5,0.1,0,,,,,,0,15,117.5,0.3,29,0.1,1.7,,0.1,0,0,0,,1.8,,0.5,6.8,45,0.1
2025-11-24,9:44 PM,chocolate chip cookie,"medium (3 diameter)""",0.5,30,74,4,10,1,,0,0,0,0.4,,0,2,3.1,,2,0,0,0.9,1.3,1.2,0.1,0.3,10.8,0,0.8,0,0,0,6.2,0.1,0,0.1,,,,,0,16.4,25.6,0.6,46.6,4.2,4.9,,0,0,0,0,,,,0.3,5.1,1,0.1
2025-11-24,9:44 PM,ground turkey,g,150,1,387,26,0,38,,2.4,0.1,0.4,11.6,2.1,0.7,,73.5,159,115,0.3,0.4,9.1,6.9,6.9,0.3,,10.5,1.1,3,1.7,3.1,3.4,42,0,1.1,0.3,0,0,,,1.5,394.5,414,54.1,127.5,,,,1.7,0.4,1.3,1.7,,,,0.1,,85,5.3
2025-11-24,9:44 PM,white rice,g,100,1,130,0,28,3,,,0.2,0,1.5,0.4,0.1,,10,,2,0.1,0.1,0.1,0.1,0.1,,0.4,58,0.1,1.2,0.1,0.2,0.1,12,0.5,0.1,,,,,,0.1,43,35,7.5,1,,0.1,,0.1,0,0.1,0.2,,,,0,,68,0.5
2025-11-25,7:00 AM,Homemade Chocolate Chip Cookies,oz,1,28.35,138,8,16,2,,0,0.1,0.1,0.4,0.1,0,,10.8,20,,0.1,0,2.3,1.3,4,,,9.4,0,0.7,0.1,0.1,0.1,15.6,0.2,0,,0,,,,0.1,28.4,62.7,3.2,96.7,,,,0.1,0,0.1,0.1,39.4,0.1,,,,2,0.3
2025-11-25,7:49 AM,Vanilla Syrup for Speciality Cofee,ml,10,1,34,0,8,0,,,,,,,,,,,,,,,,,,,,,,,,,,,,,,,,,,,,,1.2,,8.4,,,,,,,,,,,,
2025-11-25,7:49 AM,chicken breast,g,150,1,248,5,0,47,,0.5,0.1,0.2,20.6,1.4,0.9,,22.5,128,128,0.1,0.6,1.9,1.2,1.5,,,6,1.4,1.6,2.5,3.5,4,43.5,0,1.3,,0,0,,,1.8,342,384,41.4,111,,,,2,0.5,1.6,2.3,,,,0.4,0.5,98,1.5
2025-11-25,7:49 AM,farfalle,g,100,1,158,1,31,6,,,0.3,0.1,1.7,0.1,0,,7,,6,0.1,0.1,0.1,0.3,0.2,,1.8,73,0.1,1.3,0.2,0.4,0.1,18,0.3,0.1,0,,,,,0.3,58,44,26.4,1,26,0.6,,0.2,0.1,0.1,0.3,,,,0.1,,62,0.5
2025-11-25,7:49 AM,pesto,g,30,1,125,11,3,3,,,0.1,0.2,0.2,0.5,0,,91.8,,,0,,6.6,2,2.1,0,0.5,4.8,,0.2,,,,14.1,0.2,,0.4,,0,,,,81.9,168,,180.9,0.7,1.9,,,,,,,,,2.2,45.3,12,0.4
2025-11-25,12:44 PM,Medium Banana,medium,1,126,110,0,29,1,,,,,,,,,,,,,,,,,,4,,,0.4,,,,,,,,,,,,,,400,,,,21,,,,,,,9,,,,,
2025-11-25,1:43 PM,grilled chicken breast,oz,4,28.33,168,4,0,33,,0.2,0.1,0.3,12.5,1.7,1.1,,6.8,120,122,0,0.4,1.5,0.8,1.1,0,,,1.2,0.5,1.6,2.8,3.2,35.1,0,0.9,0,0,0,,,1.3,282.2,476,48.1,243.7,,,,1.5,0.4,1.2,1.7,,,,0.4,,75,0.9
2025-11-25,1:43 PM,sriracha aioli,g,15,1,80,9,1,0,,0,0,0,0,0,0,,1.5,5,4,0,0,1.9,5.1,1.3,0,0.1,1.2,0,0.1,0,0,0,0.6,0,0,0.6,0,,,,0,3.5,10.6,0.3,115.4,,0.4,,0,0,0,0,,1,,0.5,18.8,5,0
2025-11-25,1:43 PM,teriyaki sauce,g,20,1,18,0,3,1,,,0,0,0.3,0,0,,5,,4,0,,,,,,0,1.6,,0.3,,,,12.2,,,,,,,,,30.8,45,0.2,766.6,,2.8,,,,,,,,,,,14,0
2025-11-25,1:45 PM,Handmade Steam Mantou,g,60,1,84,1,15,4,,,,,,,,,,,,,,,,,,,,,,,,,,,,,,,,,,,,,,,1.5,,,,,,,,,,,,
2025-11-25,5:51 PM,Focaccia Bread,g,50,1,153,5,23,3,,0,0.3,0.2,2.2,0.2,0,,8.1,,3,0.1,0.1,3.4,0.7,0.7,,1.1,52.3,0.1,1.7,0.1,0.2,0.1,8.8,0.2,0.1,0,,,0,0.6,0.2,35.8,48.2,4.7,403.6,,0.1,,0.1,0,0.1,0.1,0.6,0.1,,0.7,2.9,23,0.3
2025-11-25,8:00 PM,Cod Liver Oil,softgel,1,100,10,1,0,0,,,,,,,,,,,,,,,,,,,,,,,,,,,,,100,70,,,,,,,,,,,,,,,300,,10,,,,
2025-11-25,8:00 PM,Creatine Ethyl Ester (Hcl),serving,1,3,10,0,0,2,,,,,,,,,,,,,,,,,,,,,,,,,,,,,,,,,,,,,,,,,,,,,,,,,,,
2025-11-25,8:00 PM,Double Strength Taurine 1000mg Dietary Supplement,capsule,1,100,0,0,0,0,,,,,,,,,,,,,,,,,,,,,,,,,,,,,,,,,,,,,,,,,,,,,,,,,,,
2025-11-25,8:00 PM,Magnesium l-Threonate,capsules,4,0.05,0,0,0,0,,,,,,,,,,,,,,,,,,,,,,,,,144,,,,,,,,,,,,,,,,,,,,,,,,,,
2025-11-25,8:00 PM,Methyl Multi,capsules,2,50,0,0,0,0,,250,10,10,32,100,10,,50,,18,0.5,,,,,,,850,,,,,,50,0.3,,,,,,,,,49.5,50,30,,,,,,,,,125,2.5,67,30,,6.5
2025-11-25,8:27 PM,Trader Joeâs Uncured Pepperoni Pizza,pizza,1.25,100,310,12,35,16,,,,,,,,,230,30,,,,,,6,,1,,,1.5,,,,,,,,,,,,,,250,,640,,4,,,,,,,,2.1,,,,
2025-11-25,8:49 PM,Homemade Chocolate Chip Cookies,oz,1,28.35,138,8,16,2,,0,0.1,0.1,0.4,0.1,0,,10.8,20,,0.1,0,2.3,1.3,4,,,9.4,0,0.7,0.1,0.1,0.1,15.6,0.2,0,,0,,,,0.1,28.4,62.7,3.2,96.7,,,,0.1,0,0.1,0.1,39.4,0.1,,,,2,0.3
2025-11-25,8:50 PM,"Milk, Whole",g,40,1,24,1,2,1,,0.2,0,0.1,0,0.1,0,,49.2,5,7,0,0,0.3,0,0.7,,,,0,,0.1,0.1,0.1,4.8,,0,0,,0,0,0,0.1,40.4,60,0.8,15.2,,1.9,,0.1,0,0.1,0.1,12.6,,0.4,0,0.1,35,0.2
2025-11-26,6:00 AM,Homemade Chocolate Chip Cookies,oz,1,28.35,138,8,16,2,,0,0.1,0.1,0.4,0.1,0,,10.8,20,,0.1,0,2.3,1.3,4,,,9.4,0,0.7,0.1,0.1,0.1,15.6,0.2,0,,0,,,,0.1,28.4,62.7,3.2,96.7,,,,0.1,0,0.1,0.1,39.4,0.1,,,,2,0.3
2025-11-26,11:00 AM,"Zucchini, Raw",large,0.25,323,14,0,3,1,,,0,0.1,0.4,0.2,0.1,,12.9,,8,0,0,0,0.1,0.1,,0.8,19.4,0,0.3,0,0.1,0.1,14.5,0.1,0,0,,,0,0,0,30.7,210.8,0.2,6.5,,2,,0,0,0,0,8.1,14.5,,0.1,3.5,77,0.3
2025-11-26,11:13 AM,brown rice,cup,0.75,195,164,1,34,3,,,0.1,0,1.9,0.6,0.2,,14.6,,,0.1,0,0.4,0.4,0.2,,2.6,5.8,0.1,0.8,0.1,0.3,0.1,64.3,1.6,0.1,,,,,,0.2,112.6,115.5,,1.5,,,,0.1,0,0.1,0.2,,,,,,107,0.9
2025-11-26,11:13 AM,grilled chicken breast,oz,8,28.33,335,8,0,67,,0.5,0.2,0.5,25.1,3.4,2.2,,13.6,240,244,0.1,0.7,3,1.6,2.3,0,,,2.5,1,3.3,5.5,6.4,70.3,0,1.7,0,0,0,,,2.7,564.4,952,96.1,487.3,,,,3,0.8,2.4,3.5,,,,0.7,,151,1.9
2025-11-26,2:00 PM,Homemade Chocolate Chip Cookies,oz,1,28.35,138,8,16,2,,0,0.1,0.1,0.4,0.1,0,,10.8,20,,0.1,0,2.3,1.3,4,,,9.4,0,0.7,0.1,0.1,0.1,15.6,0.2,0,,0,,,,0.1,28.4,62.7,3.2,96.7,,,,0.1,0,0.1,0.1,39.4,0.1,,,,2,0.3
2025-11-26,8:00 PM,Cod Liver Oil,softgel,1,100,10,1,0,0,,,,,,,,,,,,,,,,,,,,,,,,,,,,,100,70,,,,,,,,,,,,,,,300,,10,,,,
2025-11-26,8:00 PM,Creatine Ethyl Ester (Hcl),serving,1,3,10,0,0,2,,,,,,,,,,,,,,,,,,,,,,,,,,,,,,,,,,,,,,,,,,,,,,,,,,,
2025-11-26,8:00 PM,Double Strength Taurine 1000mg Dietary Supplement,capsule,1,100,0,0,0,0,,,,,,,,,,,,,,,,,,,,,,,,,,,,,,,,,,,,,,,,,,,,,,,,,,,
2025-11-26,8:00 PM,Magnesium l-Threonate,capsules,4,0.05,0,0,0,0,,,,,,,,,,,,,,,,,,,,,,,,,144,,,,,,,,,,,,,,,,,,,,,,,,,,
2025-11-26,8:00 PM,Methyl Multi,capsules,2,50,0,0,0,0,,250,10,10,32,100,10,,50,,18,0.5,,,,,,,850,,,,,,50,0.3,,,,,,,,,49.5,50,30,,,,,,,,,125,2.5,67,30,,6.5
2025-11-26,8:13 PM,Five Cheese Tortellini,cup,1,100,270,8,37,13,,,,,,,,,178,50,,,,,,5,,3,,,1,,,,,,,,,,,,,,200,,510,,3,,,,,,,,,,,,
2025-11-26,8:14 PM,Ground Turkey Cooked,g,120,1,244,12,0,33,,1.6,0.1,0.3,10.5,1.4,0.8,,33.6,112,94,0.2,0.3,4.2,3.5,3.2,,,8.4,1,1.8,1.5,2.7,2.9,36,0,1,0.2,0,0,0.2,3,1.3,304.8,352.8,37.3,93.6,,,,1.5,0.4,1.2,1.5,28.8,,0.2,0.1,,75,3.7
2025-11-26,8:23 PM,Triple Chocolate Creme Cake,g,45,1,163,8,21,2,,,,,,,,,17.4,25,,,,,,3.9,,0.6,,,0.6,,,,,,,,,,,,,,62.4,,163.1,,14.6,,,,,,,,,,,,
2025-11-27,8:38 AM,Organic Plain Whole Milk Yogurt W/Probiotics,serving,1,170,120,7,8,6,,,,,,,,,210,25,,,,,,4.5,,,,,0.1,,,,,,,,,,,,,,280,,85,,6,,,,,,,,1.9,,,,
2025-11-27,8:39 AM,Chicken Breast Grilled Boneless Skinless,g,144,1,213,5,0,42,,0.3,0.1,0.3,16,2.1,1.4,,8.6,153,156,0,0.4,1.9,1,1.5,,,,1.6,0.6,2.1,3.5,4.1,44.6,0,1.1,0,0,0,0,0.8,1.7,358.6,604.8,61.1,309.6,,,,1.9,0.5,1.5,2.2,14.4,,,0.5,,96,1.2
2025-11-27,8:39 AM,blueberries,g,30,1,17,0,4,0,,,0,0,0.1,0,0,,1.8,,2,0,0,0,0,0,,0.7,1.8,0,0.1,0,0,0,1.8,0.1,0,,,,,,0,3.6,23.1,0,0.3,0,3,,0,0,0,0,,2.9,,0.2,5.8,25,0
2025-11-27,8:39 AM,honey,g,10,1,30,0,8,0,,,,0,0,0,0,,0.6,,0,0,0,,,,,0,0.2,0,0,0,0,0,0.2,0,0,,,,,,0,0.4,5.2,0.1,0.4,,8.2,,0,0,0,0,,0.1,,,,2,0
2025-11-27,8:39 AM,pecans,g,10,1,69,7,1,1,,,0.1,0,0.1,0.1,0,,7,,4,0.1,0,4.1,2.2,0.6,,1,2.2,0,0.3,0,0.1,0,12.1,0.4,0,,,,,,0,27.7,41,0.4,,0,0.4,,0,0,0,0,,0.1,,0.1,0.3,0,0.5
2025-11-27,1:00 PM,"Milk, Whole",oz,2,28.35,34,2,3,2,,0.3,0,0.1,0.1,0.2,0,,69.7,7,10,0,0,0.4,0.1,1.1,,,,0.1,,0.1,0.2,0.2,6.8,,0.1,0,,0,0,0.1,0.1,57.3,85,1.1,21.5,,2.6,,0.1,0,0.1,0.1,17.9,,0.5,0,0.2,50,0.2
2025-11-27,2:58 PM,Gravy Brown Dry,tbsp,1,6,22,1,4,1,,0,0,0,0.2,0,0,,7.9,0,,0,,0.3,0,0.2,,0.1,1.9,,0.1,,,,2,0,,,,,,,,12.2,15.7,0.4,290.4,,,,,,,,0.5,0,,,,0,0.1
2025-11-27,2:58 PM,broccoli,g,100,1,35,0,7,2,,,0.1,0.1,0.6,0.6,0.2,,40,,40,0.1,0,0,0.2,0.1,,3.3,108,0.1,0.7,0.1,0.1,0.2,21,0.2,0,,,,,,0.1,67,293,1.6,41,,1.4,,0.1,0,0.1,0.1,,64.9,,1.4,141.1,89,0.5
2025-11-27,2:58 PM,butter,g,20,1,143,16,0,0,,0,0,0,0,0,0,,4.8,43,4,,0,4.2,0.6,10.3,0.6,,0.6,0,0,0,0,0,0.4,,0,0.1,,,,,0,4.8,4.8,0.2,128.6,,0,,0,0,0,0,,,,0.5,1.4,3,0
2025-11-27,2:58 PM,dinner roll,roll (1 oz),1,28,76,2,13,2,,,0.1,0.1,1.1,0.1,0,,49.3,,5,0,0.1,0.9,0.3,0.4,,1.1,16.8,0.1,1,0.1,0.2,0.1,10.1,0.3,0,,,,,,0.1,29.1,32.2,9.2,146.7,,0.5,,0.1,0,0.1,0.1,,,,0.1,0.8,10,0.3
2025-11-27,2:58 PM,ham,g,50,1,70,3,1,11,,0.3,0.2,0.1,3.3,0.5,0.2,,2,32,42,0.1,0.1,1,0.3,0.5,0,,0.5,0.5,0.4,0.5,0.9,0.9,11,0,0.3,0,,,,,0.4,154,172.5,20.6,488.5,,0.5,,0.5,0.1,0.4,0.6,,,,0.1,,34,0.9
2025-11-27,2:58 PM,turkey breast,g,200,1,294,4,0,60,,0.8,0.1,0.4,23.5,1.8,1.6,,18,160,169,0.1,0.5,1.3,1.1,1.2,0,,18,1.5,1.4,1.5,3.7,4.5,64,0,1.4,0,0,0,,,1.7,460,498,60.4,198,,,,2,0.6,1.6,1.7,,,,0.1,,136,3.4
2025-11-27,3:15 PM,apple pie,g,45,1,107,5,15,1,,0,0,0,0.1,0.1,0,,5,,3,0,0,2,1,1.7,,0.7,12.2,0,0.2,0,0.1,0,3.1,0.1,0,,,,,,0,10.8,29.3,0.5,90.5,,7,,0,0,0,0,,1.4,,0.7,1.6,23,0.1
2025-11-27,4:23 PM,peanut butter cookie,g,35,1,159,9,19,3,,0,0.1,0.1,1.4,0.2,0,,29.8,23,14,0.1,0,2.9,1.2,3.7,0.2,0.8,22.7,0.1,0.6,0.1,0.2,0.1,13.7,0.2,0,0,0,,,,0.1,44,72.2,4.3,139.8,0.3,11.5,,0.1,0,0.1,0.1,,,,0.6,0.5,4,0.3
2025-11-27,8:00 PM,Cod Liver Oil,softgel,1,100,10,1,0,0,,,,,,,,,,,,,,,,,,,,,,,,,,,,,100,70,,,,,,,,,,,,,,,300,,10,,,,
2025-11-27,8:00 PM,Creatine Ethyl Ester (Hcl),serving,1,3,10,0,0,2,,,,,,,,,,,,,,,,,,,,,,,,,,,,,,,,,,,,,,,,,,,,,,,,,,,
2025-11-27,8:00 PM,Double Strength Taurine 1000mg Dietary Supplement,capsule,1,100,0,0,0,0,,,,,,,,,,,,,,,,,,,,,,,,,,,,,,,,,,,,,,,,,,,,,,,,,,,
2025-11-27,8:00 PM,Magnesium l-Threonate,capsules,4,0.05,0,0,0,0,,,,,,,,,,,,,,,,,,,,,,,,,144,,,,,,,,,,,,,,,,,,,,,,,,,,
2025-11-27,8:00 PM,Methyl Multi,capsules,2,50,0,0,0,0,,250,10,10,32,100,10,,50,,18,0.5,,,,,,,850,,,,,,50,0.3,,,,,,,,,49.5,50,30,,,,,,,,,125,2.5,67,30,,6.5
2025-11-28,8:00 AM,Homemade Chocolate Chip Cookies,oz,0.5,28.35,69,4,8,1,,0,0,0,0.2,0,0,,5.4,10,,0.1,0,1.2,0.6,2,,,4.7,0,0.4,0,0.1,0,7.8,0.1,0,,0,,,,0,14.2,31.3,1.6,48.3,,,,0,0,0,0,19.7,0,,,,1,0.1
2025-11-28,8:00 AM,Kinder Bueno,wafer,0.75,20,83,5,8,2,,,,,,,,,35.3,4,,,,,,2.3,,,,,,,,,,,,,,,,,,,51,,18.8,,6.8,,,,,,,,,,,,
2025-11-28,8:00 AM,eggs,large,2.5,50,179,12,1,16,,1.1,0.1,0.6,0.1,1.9,0.2,,70,465,367,0.1,0.3,4.6,2.4,3.9,0,,58.8,0.4,2.2,0.8,1.4,1.1,15,0,0.5,0,0.1,,,,0.8,247.5,172.5,38.4,177.5,,0.5,,0.7,0.2,0.6,1.1,,,,1.3,0.4,95,1.6
2025-11-28,8:00 AM,foccacia,g,73,1,182,6,26,6,,,0.3,0.2,2.7,0.5,0.1,,25.6,,2,0.1,,4.1,0.7,0.6,,1.3,100.7,,2.3,,,,14.6,0.3,,,,,,,,93.4,83.2,11.6,409.5,,1.3,,,,,,,,,1,4.2,34,1
2025-11-28,8:00 AM,olive oil,g,5,1,44,5,0,0,,,,,,,,,0.1,,0,,,3.6,0.5,0.7,,,,,0,,,,,,,,,,,,,,0.1,,0.1,,,,,,,,,,,0.7,3,,
2025-11-28,8:00 AM,whole milk,oz,4,30.5,74,4,6,4,,0.5,0.1,0.2,0.1,0.5,0,,137.9,12,17,0,0,1,0.2,2.3,,,6.1,0.1,0,0.2,0.4,0.3,12.2,0,0.1,,,,,,0.2,102.5,161,4.5,52.5,,6.2,,0.2,0,0.2,0.3,,,,0.1,0.4,108,0.5
2025-11-28,2:49 PM,chicken,oz,2,28.34,125,7,0,14,,0.4,0,0.1,4,0.6,0.2,,7.4,53,,0,0.2,3,1.6,2.1,,,13,0.4,0.9,0.7,1,1.1,11.3,0,0.4,,0,0,,,0.5,101.4,115.6,8.9,40.2,,,,0.6,0.2,0.4,0.7,,0.2,,,,35,1
2025-11-28,2:49 PM,corn tortilla,tortilla,0.5,24,26,0,5,1,,,0,0,0.2,0,0,,9.7,,2,0,0,0.1,0.2,0.1,,0.8,0.6,0,0.1,0,0.1,0,8.6,0,0,,,,,,0,37.7,22.3,0.7,5.4,,0.1,,0,0,0,0,,,,0,,6,0.2
2025-11-28,2:49 PM,onion,medium,0.5,94,21,0,5,1,,,0,0,0.1,0.1,0.1,,10.3,,3,0,0,0,0,0,,0.7,7,0,0.1,0,0,0,5.2,0.1,0,,,,,,0,16.4,78,0.3,1.4,,2.2,,0,0,0,0,,2.4,,0,0.2,41,0.1
2025-11-28,2:49 PM,shrimp,oz,2,28.34,67,1,1,13,,0.9,0,0,1.5,0.3,0.1,,51.6,120,77,0.1,0.2,0.2,0.3,0.3,,,13.6,0.3,0.2,0.6,1.1,1.2,21,0,0.4,,0.1,0.1,,,0.6,173.4,96.3,28.1,536.6,,,,0.5,0.1,0.5,0.6,,,,1.2,0.2,41,0.9
2025-11-28,2:49 PM,sour cream,tbsp,1,12,24,2,1,0,,0,0,0,0,0.1,0,,12.1,7,2,0,0,0.6,0.1,1.2,0.1,,0.7,0,0,0,0,0,1.2,0,0,0,0,0,,,0,9.1,15,0.4,3.7,,0.4,,0,0,0,0,,0.1,,0,0.2,9,0
2025-11-28,2:49 PM,steak,oz,2,28.34,158,10,0,15,,1,0,0.1,4,0.3,0.3,,9.6,55,56,0,0.2,4.4,0.4,4.1,,,4.5,0.5,1,0.7,1.2,1.3,11.9,0,0.4,,,,,,0.6,110.5,179.1,15.9,29.5,,,,0.6,0.1,0.5,0.7,,,,0.3,0.9,31,2.6
2025-11-28,2:49 PM,tortilla chips,chip,15,3,212,9,31,3,,0.2,0.1,0,0.4,0.1,0.1,,47.7,,9,0,,2.5,4.8,1.3,,2.4,5.4,,0.7,,,,37.8,0.2,,0.1,,,,,,101.3,81.9,2,147.6,28.1,0.4,,,,,,,,,1.6,9.4,1,0.6
2025-11-28,7:08 PM,Coronita Extra,ml,207,0.48,87,0,8,1,8,,,,,,,,,,,,,,,,,,,,,,,,,,,,,,,,,,,,,,,,,,,,,,,,,,
2025-11-28,7:08 PM,M & M's Peanut Butter,piece,9,2.2,104,6,12,2,,0.1,0,0,0.5,0.1,0,2,16,2,5,0.1,0,1.7,0.7,3,,0.7,11.1,0,0.2,0.1,0.1,0.1,13.4,0.1,0,0,,,0,0.6,0.1,35.3,61.3,1.2,42.8,,9.7,8.7,0.1,0,0.1,0.1,7.4,0.1,,0.4,0.8,0,0.3
2025-11-28,8:00 PM,Cod Liver Oil,softgel,1,100,10,1,0,0,,,,,,,,,,,,,,,,,,,,,,,,,,,,,100,70,,,,,,,,,,,,,,,300,,10,,,,
2025-11-28,8:00 PM,Creatine Ethyl Ester (Hcl),serving,1,3,10,0,0,2,,,,,,,,,,,,,,,,,,,,,,,,,,,,,,,,,,,,,,,,,,,,,,,,,,,
2025-11-28,8:00 PM,Double Strength Taurine 1000mg Dietary Supplement,capsule,1,100,0,0,0,0,,,,,,,,,,,,,,,,,,,,,,,,,,,,,,,,,,,,,,,,,,,,,,,,,,,
2025-11-28,8:00 PM,Magnesium l-Threonate,capsules,4,0.05,0,0,0,0,,,,,,,,,,,,,,,,,,,,,,,,,144,,,,,,,,,,,,,,,,,,,,,,,,,,
2025-11-28,8:00 PM,Methyl Multi,capsules,2,50,0,0,0,0,,250,10,10,32,100,10,,50,,18,0.5,,,,,,,850,,,,,,50,0.3,,,,,,,,,49.5,50,30,,,,,,,,,125,2.5,67,30,,6.5
2025-11-28,9:06 PM,foccacia,g,73,1,182,6,26,6,,,0.3,0.2,2.7,0.5,0.1,,25.6,,2,0.1,,4.1,0.7,0.6,,1.3,100.7,,2.3,,,,14.6,0.3,,,,,,,,93.4,83.2,11.6,409.5,,1.3,,,,,,,,,1,4.2,34,1
2025-11-28,9:06 PM,tortellini,g,50,1,154,4,24,7,,0.1,0.2,0.2,1.3,,0,,76,21,3,0,,1,0.2,1.8,,0.9,37,,0.8,,,,10.5,,,,0,,,,,106,44.5,11.9,203,,0.5,,,,,,,,,0.1,0.7,15,0.5
2025-11-28,9:06 PM,turkey,g,50,1,95,4,0,14,,0.5,0,0.1,4.8,0.5,0.3,,7,55,44,0,0.1,1.3,1.1,1.1,0,,4.5,0.4,0.5,0.4,1,1.1,15,0,0.4,0.1,0,0,,,0.5,111.5,119.5,14.9,51.5,,,,0.5,0.1,0.4,0.5,,,,0,,32,1.2
2025-11-29,6:56 AM,Homemade Chocolate Chip Cookies,oz,0.5,28.35,69,4,8,1,,0,0,0,0.2,0,0,,5.4,10,,0.1,0,1.2,0.6,2,,,4.7,0,0.4,0,0.1,0,7.8,0.1,0,,0,,,,0,14.2,31.3,1.6,48.3,,,,0,0,0,0,19.7,0,,,,1,0.1
2025-11-29,6:56 AM,"Milk, Whole",oz,2,28.35,34,2,3,2,,0.3,0,0.1,0.1,0.2,0,,69.7,7,10,0,0,0.4,0.1,1.1,,,,0.1,,0.1,0.2,0.2,6.8,,0.1,0,,0,0,0.1,0.1,57.3,85,1.1,21.5,,2.6,,0.1,0,0.1,0.1,17.9,,0.5,0,0.2,50,0.2
2025-11-29,6:56 AM,Organic Plain Whole Milk Yogurt W/Probiotics,serving,1,170,120,7,8,6,,,,,,,,,210,25,,,,,,4.5,,,,,0.1,,,,,,,,,,,,,,280,,85,,6,,,,,,,,1.9,,,,
2025-11-29,6:56 AM,blueberries,g,42,1,24,0,6,0,,,0,0,0.2,0.1,0,,2.5,,3,0,0,0,0.1,0,,1,2.5,0,0.1,0,0,0,2.5,0.1,0,,,,,,0,5,32.3,0,0.4,0,4.2,,0,0,0,0,,4.1,,0.2,8.1,35,0.1
2025-11-29,6:56 AM,honey,g,5,1,15,0,4,0,,,,0,0,0,0,,0.3,,0,0,0,,,,,0,0.1,0,0,0,0,0,0.1,0,0,,,,,,0,0.2,2.6,0,0.2,,4.1,,0,0,0,0,,0,,,,1,0
2025-11-29,6:56 AM,pecans,g,40,1,276,29,6,4,,,0.3,0.1,0.5,0.3,0.1,,28,,16,0.5,0.1,16.3,8.6,2.5,,3.8,8.8,0.1,1,0.1,0.2,0.1,48.4,1.8,0.1,,,,,,0.2,110.8,164,1.5,,0.2,1.6,,0.1,0,0.1,0.2,,0.4,,0.6,1.4,1,1.8
2025-11-29,1:00 PM,"Rainbow Tricolor Gelatin Dessert, Rainbow Tricolor",serving,1,100,88,2,16,2,,,,,,,,,,,,,,,,1.8,,,,,,,,,,,,,,,,,,,,,75,,15.8,,,,,,,,,,,,
2025-11-29,1:15 PM,Banh Mi (Vietamese Sandwich),sandwich,1,271,597,26,60,30,,0.2,0.8,0.5,12.6,1.2,0.6,,81.8,63,73,0.2,0.5,5.9,13.8,4.5,,3.6,141.1,0.8,4.9,1.4,2.1,1.9,58,0.7,0.7,1.6,0,0,1.6,12.1,1.3,262.7,420.1,44.7,1008.7,,9.4,2.2,1.1,0.4,0.8,1.4,126.7,14.4,0.1,1.7,53.8,151,2
2025-11-29,8:00 PM,"Broccoli, Cooked From Fresh",flower,1,10,4,0,1,0,,,0,0,0.1,0.1,0,,4,,4,0,0,0,0,0,,0.3,10.8,0,0.1,0,0,0,2.1,0,0,0,,,0,,0,6.7,29.3,0.2,4.1,,0.1,,0,0,0,0,7.7,6.5,,0.2,14.1,9,0
2025-11-29,8:00 PM,"Carrots, Raw",large baby,1,15,7,0,2,0,,,0,0,0.2,0,0,,4.5,,1,0,0,0,0,0,,0.5,5.5,0,0,0,0,0,1.8,0,0,0,,,0,,0,6,42,,13.1,,0.7,,0,0,0,0,125.3,0.9,,0.1,1.2,13,0
2025-11-29,8:00 PM,Cod Liver Oil,softgel,1,100,10,1,0,0,,,,,,,,,,,,,,,,,,,,,,,,,,,,,100,70,,,,,,,,,,,,,,,300,,10,,,,
2025-11-29,8:00 PM,Creatine Ethyl Ester (Hcl),serving,1,3,10,0,0,2,,,,,,,,,,,,,,,,,,,,,,,,,,,,,,,,,,,,,,,,,,,,,,,,,,,
2025-11-29,8:00 PM,Double Strength Taurine 1000mg Dietary Supplement,capsule,1,100,0,0,0,0,,,,,,,,,,,,,,,,,,,,,,,,,,,,,,,,,,,,,,,,,,,,,,,,,,,
2025-11-29,8:00 PM,Ground Turkey Cooked,oz,8,28.35,460,24,0,62,,3,0.2,0.5,19.8,2.7,1.4,,63.5,211,177,0.3,0.7,7.8,6.6,6.1,,,15.9,1.8,3.4,2.8,5.1,5.6,68,0,1.8,0.3,0,0,0.4,5.7,2.4,576.1,666.8,70.5,176.9,,,,2.9,0.7,2.2,2.9,54.4,,0.5,0.2,,141,7.1
2025-11-29,8:00 PM,Magnesium l-Threonate,capsules,4,0.05,0,0,0,0,,,,,,,,,,,,,,,,,,,,,,,,,144,,,,,,,,,,,,,,,,,,,,,,,,,,
2025-11-29,8:00 PM,Methyl Multi,capsules,2,50,0,0,0,0,,250,10,10,32,100,10,,50,,18,0.5,,,,,,,850,,,,,,50,0.3,,,,,,,,,49.5,50,30,,,,,,,,,125,2.5,67,30,,6.5
2025-11-29,8:00 PM,brown gravy,tbsp,1,14.56,8,0,1,1,,0,0,0,0.1,0,0,,0.9,0,1,0,,0.1,0,0.2,,0.1,0.3,,0.1,,,,0.3,0,,,,,,,,4.4,11.8,0.1,81.5,,0,,,,,,,,,0,0,13,0.1
2025-11-29,8:00 PM,egg,large,0.25,50,18,1,0,2,,0.1,0,0.1,0,0.2,0,,7,47,37,0,0,0.5,0.2,0.4,0,,5.9,0,0.2,0.1,0.1,0.1,1.5,0,0,0,0,,,,0.1,24.8,17.3,3.8,17.8,,0,,0.1,0,0.1,0.1,,,,0.1,0,10,0.2
2025-11-29,8:00 PM,egg,large,1,50,72,5,0,6,,0.4,0,0.2,0,0.8,0.1,,28,186,147,0,0.1,1.8,1,1.6,0,,23.5,0.2,0.9,0.3,0.5,0.5,6,0,0.2,0,0,,,,0.3,99,69,15.3,71,,0.2,,0.3,0.1,0.2,0.4,,,,0.5,0.1,38,0.6
2025-11-29,8:00 PM,panko,g,20,1,79,1,14,3,,0.1,0.2,0.1,1.3,0.1,0,,36.6,,3,0.1,0.1,0.2,0.4,0.2,,0.9,21.4,0.1,1,0.1,0.2,0.1,8.6,0.2,0,,,,,,0.1,33,39.2,5,146.4,11.9,1.2,,0.1,0,0.1,0.1,,,,0,1.3,1,0.3
2025-11-29,8:00 PM,rice,g,100,1,130,0,28,3,,,0,0,0.4,0.4,0.1,,10,,2,0.1,0.1,0.1,0.1,0.1,,0.4,3,0.1,0.2,0.1,0.2,0.1,12,0.5,0.1,,,,,,0.1,43,35,7.5,1,,0.1,,0.1,0,0.1,0.2,,,,0,,68,0.5
2025-11-30,6:00 AM,Power Cakes Flapjack & Waffle Mix,g,63,1,226,2,36,17,,,,,,,,,249.6,12,,,,,,,,5.9,,,2,,,,,,,,,,,,,,214,,451.7,,3.6,,,,,,,,,,,,
2025-11-30,6:00 AM,blueberries,g,20,1,11,0,3,0,,,0,0,0.1,0,0,,1.2,,1,0,0,0,0,0,,0.5,1.2,0,0.1,0,0,0,1.2,0.1,0,,,,,,0,2.4,15.4,0,0.2,0,2,,0,0,0,0,,1.9,,0.1,3.9,17,0
2025-11-30,6:00 AM,ground turkey,oz,4,28.33,292,20,0,28,,1.8,0.1,0.3,8.7,1.6,0.5,,55.5,120,87,0.2,0.3,6.9,5.2,5.2,0.2,,7.9,0.8,2.2,1.3,2.4,2.5,31.7,0,0.8,0.2,0,0,,,1.1,298.1,312.8,40.9,96.3,,,,1.3,0.3,1,1.3,,,,0.1,,64,4
2025-11-30,6:00 AM,honey,g,6,1,18,0,5,0,,,,0,0,0,0,,0.4,,0,0,0,,,,,0,0.1,0,0,0,0,0,0.1,0,0,,,,,,0,0.2,3.1,0,0.2,,4.9,,0,0,0,0,,0,,,,1,0
2025-11-30,6:00 AM,muesli,g,37,1,130,1,28,4,,0,0.1,0.1,0.8,,0.1,,54.4,,11,0.1,,0.5,0.3,0.2,,3.4,11.1,,1.1,,,,34.8,,,,,,,,,137.3,154.7,6.4,10,,7.4,,,,,,,3.2,,0.2,0.9,3,1.1
2025-11-30,11:00 AM,Spicy Sriracha Chicken,meal,1,390,450,11,53,34,,,,,,,,,90,75,,,,5,3.5,2,,9,,,1.8,,,,,,,,,,,,,,1220,,570,,19,3.3,,,,,,,,,,,
2025-11-30,11:00 AM,evoo,g,5,1,44,5,0,0,,,,,,,,,0.1,,0,,,3.6,0.5,0.7,,,,,0,,,,,,,,,,,,,,0.1,,0.1,,,,,,,,,,,0.7,3,,
2025-11-30,11:00 AM,foccacia,g,65,1,162,5,23,6,,,0.3,0.2,2.4,0.4,0.1,,22.8,,2,0.1,,3.7,0.6,0.6,,1.2,89.7,,2.1,,,,13,0.2,,,,,,,,83.2,74.1,10.3,364.6,,1.1,,,,,,,,,0.9,3.7,30,0.9
2025-11-30,4:58 PM,"Domino's 14 Pepperoni Pizza Crunchy Thin Crust""",pizza,0.3,563,554,32,43,23,,1.4,0.2,0.2,3.5,,0.1,,398.6,64,,0.2,,10,6.9,12.8,,4.4,,,1.9,,,,42.2,0.5,,0.6,0,0,0.6,5.8,,444.2,378.3,43.9,1322.5,,6.2,,,,,,,2,,,,65,2.8
2025-12-01,7:00 AM,evoo,g,5,1,44,5,0,0,,,,,,,,,0.1,,0,,,3.6,0.5,0.7,,,,,0,,,,,,,,,,,,,,0.1,,0.1,,,,,,,,,,,0.7,3,,
2025-12-01,7:00 AM,foccacia,g,60,1,149,5,21,5,,,0.3,0.2,2.2,0.4,0.1,,21,,2,0.1,,3.4,0.6,0.5,,1.1,82.8,,1.9,,,,12,0.2,,,,,,,,76.8,68.4,9.5,336.6,,1.1,,,,,,,,,0.9,3.4,28,0.8
2025-12-01,7:00 AM,m and ms,package (1.69 oz),0.3,48,71,3,10,1,,0.1,0,0,0,0,0,2,15.1,2,3,0,,0.7,0.1,1.9,,0.4,1.2,,0.2,,,,6.3,0,,,,,,,,21,37.6,0.5,8.8,,9.2,,,,,,,0.1,,0.1,0.6,0,0.2
2025-12-01,7:00 AM,whole milk,oz,4,30.5,74,4,6,4,,0.5,0.1,0.2,0.1,0.5,0,,137.9,12,17,0,0,1,0.2,2.3,,,6.1,0.1,0,0.2,0.4,0.3,12.2,0,0.1,,,,,,0.2,102.5,161,4.5,52.5,,6.2,,0.2,0,0.2,0.3,,,,0.1,0.4,108,0.5
2025-12-01,9:25 AM,egg,large,2.5,50,179,12,1,16,,1.1,0.1,0.6,0.1,1.9,0.2,,70,465,367,0.1,0.3,4.6,2.4,3.9,0,,58.8,0.4,2.2,0.8,1.4,1.1,15,0,0.5,0,0.1,,,,0.8,247.5,172.5,38.4,177.5,,0.5,,0.7,0.2,0.6,1.1,,,,1.3,0.4,95,1.6
2025-12-01,9:25 AM,steak,oz,1,28.34,79,5,0,7,,0.5,0,0,2,0.1,0.1,,4.8,27,28,0,0.1,2.2,0.2,2.1,,,2.3,0.2,0.5,0.3,0.6,0.6,6,0,0.2,,,,,,0.3,55.3,89.5,8,14.7,,,,0.3,0,0.2,0.4,,,,0.1,0.5,16,1.3
2025-12-01,12:09 PM,brown rice,cup,0.75,195,164,1,34,3,,,0.1,0,1.9,0.6,0.2,,14.6,,,0.1,0,0.4,0.4,0.2,,2.6,5.8,0.1,0.8,0.1,0.3,0.1,64.3,1.6,0.1,,,,,,0.2,112.6,115.5,,1.5,,,,0.1,0,0.1,0.2,,,,,,107,0.9
2025-12-01,12:09 PM,chicken,oz,8,28.33,499,30,0,54,,1.8,0.1,0.4,15.9,2.3,0.8,,29.5,213,,0.2,0.7,11.8,6.5,8.3,,,52.1,1.6,3.6,2.7,4,4.4,45.3,0.1,1.4,,0.1,0,,,2.1,405.7,462.4,35.6,160.9,,,,2.3,0.6,1.7,2.6,,0.9,,,,141,3.9
2025-12-01,12:09 PM,zucchini,medium,0.5,200,15,0,3,1,,,0,0,0.5,0.3,0.1,,18,,9,0.1,0,0,0.2,0.1,,1,28,0,0.4,0,0,0,19,0.2,0,,,,,,0,37,264,0.2,3,,1.7,,0,0,0,0,,12.9,,0.1,4.2,95,0.3
2025-12-01,4:09 PM,Cheese Foam,serving,0.5,100,125,10,8,1,,,,,,,,,,37,,,,,,6.5,,,,,,,,,,,,,,,,,,,,,100.5,,5.5,,,,,,,,,,,,
2025-12-01,4:09 PM,Tapioca Boba Pearls,serving,1,100,80,0,19,0,,,,,,,,,,,,,,,,,,1,,,0.4,,,,,,,,,,,,,,,,40,,,,,,,,,,,,,,
2025-12-01,8:33 PM,banana,"medium (7 to 7-7/8"" long)""",0.5,118,53,0,13,1,,,0,0,0.4,0.2,0.2,,3,,6,0,0,0,0,0.1,,1.5,11.8,0,0.2,0,0,0,15.9,0.2,0,,,,,,0,13,211.2,0.6,0.6,3.2,7.2,,0,0,0,0,,5.1,,0.1,0.3,44,0.1
2025-12-01,8:33 PM,peanut butter,g,20,1,118,10,5,4,,,0,0,2.6,0.2,0.1,,10.8,,13,0.1,0,4.1,2.3,1.9,,1.1,7,0.1,0.4,0.1,0.3,0.1,35.8,0.3,0.1,,,0,,,0.2,67,118.4,8.1,95.2,0.9,1.3,,0.1,0,0.2,0.2,,,,1.2,,0,0.5
2025-12-02,6:00 AM,"Milk, Whole",g,75,1,45,2,3,2,,0.4,0,0.1,0.1,0.3,0,,92.3,9,13,0,0,0.5,0.1,1.4,,,,0.1,,0.1,0.2,0.2,9,,0.1,0,,0,0,0.1,0.1,75.8,112.5,1.4,28.5,,3.5,,0.1,0,0.1,0.2,23.7,,0.7,0,0.2,66,0.3
2025-12-02,6:00 AM,Old Country Style Muesli,g,47,1,188,4,31,5,,,,,,,,,18.8,,,,,,,,,5.4,,,1.3,,,,,,,,,,,,,,261.8,,,,6.7,,,,,,,,,,,,
2025-12-02,9:39 AM,Wholesome Delicious Cinnamon Grahams,package,0.5,28,55,2,9,1,,,,,,,,,3.5,,,,,,,,,0.5,,,,,,,,,,,,,,,,,16.5,,7.5,,3,,,,,,,,,,,,
2025-12-02,2:44 PM,Panda Express Honey Sesame Chicken Breast,child size - order (Kids' Meal),1,113.4,326,17,31,13,,0.1,0.1,0.1,4.5,0.5,0.3,,21.6,27,33,0.1,0.2,3.9,9.4,2.8,,1.4,18,0.4,0.8,0.6,0.9,0.9,22.1,0.4,0.3,1.1,0,0,1.1,8.3,0.5,104.2,190.3,18.7,361.7,,15,11.9,0.5,0.1,0.4,0.6,14.3,32.3,0,2.1,38.1,52,0.7
2025-12-02,2:44 PM,Panda Express Kung Pao Chicken,child size - order (Kids' Meal),1,124.74,203,13,11,11,,0.5,0.1,0.2,3.6,0.6,0.3,,25.5,41,39,0.1,0.1,4.3,5.8,2.3,,1.7,41.1,0.3,1,0.3,0.7,0.8,36.2,0.3,0.2,0.5,0,0,0.5,5.2,0.4,123.3,289.7,13.9,688.4,,6.8,4.4,0.4,0.1,0.3,0.4,74,52.8,0.1,2.2,29.2,86,1.5
2025-12-02,2:44 PM,Super Greens (Side),serving,1,198,90,3,10,6,,,,,,,,,,,,,,,,,,5,,,,,,,,,,,,,,,,,,,260,,4,,,,,,,,,,,,
2025-12-02,5:28 PM,Caramel Cashew Protein Bar,serving,1,55,200,8,18,20,,,,,,,,,160,5,,,,,,3,,3,,,0.6,,,,,,,,,,,,,,150,,80,,1,,,,,,,,,,,,
2025-12-02,5:28 PM,catfish,oz,9,28.33,367,18,0,47,,7.1,0.1,0.3,6.5,2.1,0.5,,22.9,168,201,0.1,0.5,7.9,3.5,4,,,30.6,1,0.7,2.1,3.6,4.3,58.6,0,1.4,,0.2,0.1,,,1.9,629.9,933.3,25.2,303.4,,,,2.1,0.6,1.6,2.3,,,,2.5,6.4,190,1.5
2025-12-02,5:28 PM,green beans,oz,8,28.35,79,1,18,4,,,0.2,0.2,1.4,0.2,0.1,,99.8,,38,0.1,0,0,0.3,0.1,,7.3,74.8,0.1,1.5,0.2,0.3,0.2,40.8,0.6,0.1,,,,,,0.2,65.8,331.1,0.5,2.3,,8.2,,0.2,0,0.1,0.2,,22,,1,108.6,202,0.6
2025-12-03,7:24 AM,Vanilla Bean Syrup,ml,50,3.33,133,0,33,0,,,,,,,,,,,,,,,,,,,,,,,,,,,,,,,,,,,,,,,33.3,,,,,,,,,,,,
2025-12-03,7:24 AM,bacon,strips,3,11.5,161,12,1,12,,0.4,0.2,0.1,3.6,0.4,0.2,,3.8,34,31,0,0.1,5.4,2.1,4.1,0,,,0.5,0.3,0.6,1,1,10.7,0,0.3,0.1,0,0,,,0.5,133.9,172.2,17.5,581,,,,0.5,0.1,0.5,0.6,,,,0.1,,8,1.1
2025-12-03,7:24 AM,eggs,large,2,50,143,10,1,13,,0.9,0,0.5,0.1,1.5,0.2,,56,372,294,0.1,0.3,3.7,1.9,3.1,0,,47,0.3,1.8,0.7,1.1,0.9,12,0,0.4,0,0.1,,,,0.7,198,138,30.7,142,,0.4,,0.6,0.2,0.5,0.9,,,,1.1,0.3,76,1.3
2025-12-03,7:24 AM,sourdough,slices,2,64,348,3,66,14,,,0.9,0.5,6.2,0.6,0.1,,66.6,,10,0.2,,0.5,1.1,0.7,0,2.8,157.4,,5,,,,41,0.7,,0.1,,,,,,134.4,149.8,36.6,770.6,56.6,5.9,,,,,,,,,0.3,0.9,42,1.3
2025-12-03,8:00 AM,Caramel Cashew Protein Bar,serving,1,55,200,8,18,20,,,,,,,,,160,5,,,,,,3,,3,,,0.6,,,,,,,,,,,,,,150,,80,,1,,,,,,,,,,,,
2025-12-03,1:29 PM,Cannoli,"each - 3 1/2 long""",1,85,221,9,29,6,0,0.5,0.2,0.2,1.4,0.4,0.1,1,114.3,33,17,0.1,0.1,2.4,1.8,4.1,,0.7,27.9,0.1,1.3,0.3,0.6,0.4,18.4,0.2,0.1,0.1,0,0,0.1,1.6,0.3,107.5,155.4,7.5,59.7,,11.2,9.7,0.3,0.1,0.2,0.3,70.3,0,0.2,0.8,0.5,47,0.5
2025-12-03,1:29 PM,Focaccia Bread,g,150,1,460,15,69,10,,0,1,0.5,6.7,0.6,0.1,,24.2,,10,0.2,0.2,10.3,2,2.2,,3.3,156.9,0.2,5.1,0.4,0.7,0.3,26.3,0.7,0.2,0.1,,,0.1,1.9,0.5,107.5,144.7,14,1210.9,,0.2,,0.3,0.1,0.3,0.4,1.7,0.2,,2.1,8.6,70,0.8
2025-12-03,1:29 PM,Mascarpone,tbsp,2,14.5,125,13,1,1,,0,0,0.1,0,0.1,0,,26.6,37,7,0,0,3.4,0.5,8,,,1.6,0,0,0,0.1,0.1,2.7,0,0,0.1,,0,0.1,0.2,0,24,39.2,0.6,11.7,,1.2,,0,0,0,0.1,96.7,0.2,0.4,0.4,1.2,15,0.1
2025-12-03,1:29 PM,"Milk, Whole",g,75,1,45,2,3,2,,0.4,0,0.1,0.1,0.3,0,,92.3,9,13,0,0,0.5,0.1,1.4,,,,0.1,,0.1,0.2,0.2,9,,0.1,0,,0,0,0.1,0.1,75.8,112.5,1.4,28.5,,3.5,,0.1,0,0.1,0.2,23.7,,0.7,0,0.2,66,0.3
2025-12-03,1:29 PM,Sopresetta Panino,g,60,1,212,18,1,12,,,,,,,,,176.5,21,,,,,,8.5,,,,,0.3,,,,,,,,,,,,,,,,254.1,,,,,,,,,,,,,,
2025-12-04,7:00 AM,Caramel Cashew Protein Bar,serving,1,55,200,8,18,20,,,,,,,,,160,5,,,,,,3,,3,,,0.6,,,,,,,,,,,,,,150,,80,,1,,,,,,,,,,,,
2025-12-04,7:00 AM,"Eggs, Cooked",large,2,50,155,11,1,13,,1.1,0.1,0.5,0.1,1.4,0.1,,50,373,294,0,0.3,4.1,1.4,3.3,,,44,0.3,1.2,0.7,1.1,0.9,10,0,0.4,0,0,0,0.1,1.3,0.7,172,126,30.8,124,,1.1,,0.6,0.2,0.5,0.8,149.3,,2.2,1,0.3,75,1.1
2025-12-04,7:00 AM,Kielbasa Fully Cooked Grilled,oz,1,28.33,95,8,1,4,,0.2,0,0.1,1.1,0.2,0,,11.9,21,12,0,0,3.6,1.5,2.8,,,,0.1,0.3,0.1,0.3,0.2,4.5,0,0.1,0.1,0,0,0.1,1.3,0.1,57.8,86.7,5.6,300.3,,0.7,,0.1,0,0.1,0.2,2.6,4.2,0.3,0.1,,14,0.4
2025-12-04,7:00 AM,"Milk, Whole",g,110,1,66,4,5,4,,0.6,0.1,0.2,0.1,0.4,0.1,,135.3,13,20,0,0,0.8,0.1,2,,,,0.1,,0.2,0.4,0.3,13.2,,0.1,0,,0,0,0.1,0.2,111.1,165,2.1,41.8,,5.1,,0.2,0,0.2,0.2,34.7,,1.1,0.1,0.3,97,0.5
2025-12-04,12:00 PM,Dubai Almond Milk Chocolate,g,30,1,166,11,14,3,,,,,,,,,73.7,5,,,,4.1,1,5,,1.5,,,2.5,,,,,,,,,,,,,,,,43.7,,13.7,,,,,,,0.1,,,,,
2025-12-04,1:30 PM,Chicken Breast Grilled Boneless Skinless,g,100,1,148,3,0,30,,0.2,0.1,0.2,11.1,1.5,1,,6,106,108,0,0.3,1.3,0.7,1,,,,1.1,0.4,1.4,2.4,2.8,31,0,0.8,0,0,0,0,0.6,1.2,249,420,42.4,215,,,,1.3,0.4,1.1,1.5,10,,,0.3,,67,0.8
2025-12-04,1:30 PM,Romaine Lettuce,cup shredded,1,47,8,0,2,1,,,0,0,0.1,0.1,0,,15.5,,5,0,,0,0.1,0,,1,63.9,,0.5,,,,6.6,0.1,,,,,,,,14.1,116.1,0.2,3.8,,0.6,,,,,,,1.9,,0.1,48.2,,0.1
2025-12-04,1:30 PM,Romaine Lettuce,cup shredded,1,47,8,0,2,1,,,0,0,0.1,0.1,0,,15.5,,5,0,,0,0.1,0,,1,63.9,,0.5,,,,6.6,0.1,,,,,,,,14.1,116.1,0.2,3.8,,0.6,,,,,,,1.9,,0.1,48.2,,0.1
2025-12-04,1:31 PM,Jack in the Box Creamy Southwest Salad Dressing,packet,0.5,50,94,10,1,0,,0,0,0,0,0,0,,8,11,9,0,0,2.2,5.4,1.5,,,1.7,0,0,0,0,0,0.6,0,0,0.6,0,,0.6,4.8,0,8.6,27.6,5,370.1,,0.5,0.2,0,0,0,0,5.6,0.1,0.1,1.2,17.2,12,0
2025-12-04,1:41 PM,Baked Sweet Potato,medium,0.6,114,62,0,14,1,,,0.1,0.1,1,0.6,0.2,,26,,9,0.1,,,0.1,0,,2.3,4.1,,0.5,,,,18.5,0.3,,,,,,,,36.9,324.9,0.1,168.3,,4.4,,,,,,,13.4,,0.5,1.6,,0.2
2025-12-04,1:42 PM,Corn Sweet Yellow Raw,g,40,1,34,1,7,1,,,0.1,0,0.7,0.3,0,,0.8,,9,0,0,0.2,0.2,0.1,,0.8,16.8,0,0.2,0.1,0.1,0.1,14.8,0.1,0,0,,,0,0.2,0.1,35.6,108,0.2,6,,2.5,,0.1,0,0,0.1,3.6,2.7,,0,0.1,30,0.2
2025-12-04,2:13 PM,Bagels Cinnamon Raisin,serving,1,100,290,1,61,10,,,,,,,,,,,,,,,,,,2,,,,,,,,,,,,,,,,,,,440,,13,,,,,,,,,,,,
2025-12-04,2:13 PM,Whipped Cream Cheese Shmear Honey Almond Reduced Fat Schmear,serving,1,100,120,9,11,2,,,,,,,,,,25,,,,,,5,,,,,,,,,,,,,,,,,,,,,80,,7,,,,,,,,,,,,
2025-12-04,8:00 PM,brisket,oz,2,28.34,164,10,0,16,,1.2,0,0.1,2.3,0.3,0.2,,9.1,60,62,0.1,0.2,4.5,0.4,4.1,,,5.1,0.5,1.4,0.7,1.2,1.3,10.8,0,0.4,,,,,,0.6,99.2,131.5,15.4,27.2,,,,0.6,0.1,0.5,0.8,,,,0.3,1,30,3.8
2025-12-04,8:00 PM,chocolate chip cookie,"medium (3 diameter)""",0.5,30,74,4,10,1,,0,0,0,0.4,,0,2,3.1,,2,0,0,0.9,1.3,1.2,0.1,0.3,10.8,0,0.8,0,0,0,6.2,0.1,0,0.1,,,,,0,16.4,25.6,0.6,46.6,4.2,4.9,,0,0,0,0,,,,0.3,5.1,1,0.1
2025-12-04,8:00 PM,cornbread,g,60,1,160,4,26,4,,0.1,0.2,0.2,1.4,0.2,0.1,,149.4,24,,0,0.1,1.1,1.9,0.9,,,46.2,0.1,1.5,0.2,0.4,0.2,15,0.1,0.1,,0,,,,0.2,101.4,88.2,6.1,394.8,,,,0.2,0,0.2,0.2,,0.2,,,,23,0.4
2025-12-04,8:00 PM,turkey breast,oz,4,28.33,167,2,0,34,,0.4,0,0.2,13.3,1,0.9,,10.2,91,96,0.1,0.3,0.7,0.6,0.7,0,,10.2,0.8,0.8,0.9,2.1,2.5,36.3,0,0.8,0,0,0,,,1,260.7,282.2,34.2,112.2,,,,1.1,0.3,0.9,1,,,,0.1,,77,1.9
2025-12-04,8:00 PM,whipped butter,g,15,1,108,12,0,0,,0,0,0,0,0,0,,3.5,34,3,0,0,3,0.5,6.8,0.3,,0.6,0,0,0,0,0,0.1,0,0,0,0,0,,,0,3.6,6.2,,87.5,,0,,0,0,0,0,,,,0.2,0.7,3,0
2025-12-04,9:00 PM,Cod Liver Oil,softgel,1,100,10,1,0,0,,,,,,,,,,,,,,,,,,,,,,,,,,,,,100,70,,,,,,,,,,,,,,,300,,10,,,,
2025-12-04,9:00 PM,Creatine Ethyl Ester (Hcl),serving,1,3,10,0,0,2,,,,,,,,,,,,,,,,,,,,,,,,,,,,,,,,,,,,,,,,,,,,,,,,,,,
2025-12-04,9:00 PM,Double Strength Taurine 1000mg Dietary Supplement,capsule,1,100,0,0,0,0,,,,,,,,,,,,,,,,,,,,,,,,,,,,,,,,,,,,,,,,,,,,,,,,,,,
2025-12-04,9:00 PM,Magnesium l-Threonate,capsules,4,0.05,0,0,0,0,,,,,,,,,,,,,,,,,,,,,,,,,144,,,,,,,,,,,,,,,,,,,,,,,,,,
2025-12-04,9:00 PM,Methyl Multi,capsules,2,50,0,0,0,0,,250,10,10,32,100,10,,50,,18,0.5,,,,,,,850,,,,,,50,0.3,,,,,,,,,49.5,50,30,,,,,,,,,125,2.5,67,30,,6.5
2025-12-05,6:00 AM,Focaccia Bread,g,60,1,184,6,28,4,,0,0.4,0.2,2.7,0.3,0,,9.7,,4,0.1,0.1,4.1,0.8,0.9,,1.3,62.8,0.1,2.1,0.1,0.3,0.1,10.5,0.3,0.1,0.1,,,0.1,0.7,0.2,43,57.9,5.6,484.4,,0.1,,0.1,0.1,0.1,0.2,0.7,0.1,,0.8,3.4,28,0.3
2025-12-05,6:00 AM,"Milk, Whole",g,110,1,66,4,5,4,,0.6,0.1,0.2,0.1,0.4,0.1,,135.3,13,20,0,0,0.8,0.1,2,,,,0.1,,0.2,0.4,0.3,13.2,,0.1,0,,0,0,0.1,0.2,111.1,165,2.1,41.8,,5.1,,0.2,0,0.2,0.2,34.7,,1.1,0.1,0.3,97,0.5
2025-12-05,6:00 AM,New World Evoo Extra Virgin Olive Oil,ml,6,10,48,5,0,0,,,,,,,,,,,,,,4.2,0.4,0.9,,,,,,,,,,,,,,,,,,,,,,,,,,,,,,,,,,,
2025-12-05,6:47 AM,Dubai Style Chocolate,pieces,4,15,340,22,30,6,,,,,,,,,100,10,,,,,,12,,,,,0.8,,,,,,,,,,,,,,220,,70,,24,20,,,,,,,,,,,
2025-12-05,12:00 PM,"Butter, Salted",g,5,1,36,4,0,0,,,0,,,0,,,1.1,12,1,0,0,0.8,0.1,2.3,,,0.2,0,0,0,0,0,0.1,0,0,0,0,0,0,0.1,0,1.1,1.1,,26.2,,0,,0,0,0,0,37.9,,0,,0.3,1,0
2025-12-05,12:57 PM,"Beef Brisket Flat Cut Braised Trimmed to 1/8 Fat All Grades""",oz,2,28.33,164,10,0,16,,1.2,0,0.1,2.3,0.3,0.2,,9.1,60,62,0.1,0.2,4.5,0.4,4.1,,,5.1,0.5,1.4,0.7,1.2,1.3,10.8,0,0.4,,,,,,0.6,99.2,131.5,15.4,27.2,,,,0.6,0.1,0.5,0.8,,,,0.3,1,30,3.8
2025-12-05,12:57 PM,Homemade Cornbread,g,20,1,53,1,9,1,,0,0.1,0.1,0.4,0.1,0,,49.8,8,,0,0,0.4,0.6,0.3,,,15.4,0,0.5,0.1,0.1,0.1,5,0,0,,0,,,,0.1,33.8,29.4,2,131.6,,,,0.1,0,0.1,0.1,16.6,0.1,,,,8,0.1
2025-12-05,12:57 PM,Simply Steamers Beef Chimichurri,meal,1,255,220,6,24,16,,,,,,,,,70,35,,,,3.5,0.5,1.5,,5,,,2.3,,,,,,,,,,,,,,950,,550,,4,,,,,,,31.5,,,,,
2025-12-05,7:18 PM,Street Tacos White Corn Tortillas,tortilla,8,14.67,267,3,53,5,,,,,,,,,53.3,,,,,,1.3,,,5.3,,,0.8,,,,,,,,,,,,,,213.3,,53.3,,5.3,,,,,,,,,,,,
2025-12-05,7:18 PM,al pastor,oz,4,28.35,136,4,14,12,,0.2,0.3,0.1,3.4,0.4,0.4,,30.7,31,36,0.1,0.1,1.5,0.7,1.2,0,2.2,10,0.5,0.9,0.6,1,1,29.5,0.4,0.3,0,,,,,0.5,146.1,274.5,14.9,311.4,,4.7,,0.5,0.1,0.4,0.6,,19.2,,0.7,3,82,1.1
2025-12-05,7:18 PM,grilled chicken,oz,4,28.33,168,4,0,33,,0.2,0.1,0.3,12.5,1.7,1.1,,6.8,120,122,0,0.4,1.5,0.8,1.1,0,,,1.2,0.5,1.6,2.8,3.2,35.1,0,0.9,0,0,0,,,1.3,282.2,476,48.1,243.7,,,,1.5,0.4,1.2,1.7,,,,0.4,,75,0.9
2025-12-05,9:00 PM,Cod Liver Oil,softgel,1,100,10,1,0,0,,,,,,,,,,,,,,,,,,,,,,,,,,,,,100,70,,,,,,,,,,,,,,,300,,10,,,,
2025-12-05,9:00 PM,Creatine Ethyl Ester (Hcl),serving,1,3,10,0,0,2,,,,,,,,,,,,,,,,,,,,,,,,,,,,,,,,,,,,,,,,,,,,,,,,,,,
2025-12-05,9:00 PM,Double Strength Taurine 1000mg Dietary Supplement,capsule,1,100,0,0,0,0,,,,,,,,,,,,,,,,,,,,,,,,,,,,,,,,,,,,,,,,,,,,,,,,,,,
2025-12-05,9:00 PM,Magnesium l-Threonate,capsules,4,0.05,0,0,0,0,,,,,,,,,,,,,,,,,,,,,,,,,144,,,,,,,,,,,,,,,,,,,,,,,,,,
2025-12-05,9:00 PM,Methyl Multi,capsules,2,50,0,0,0,0,,250,10,10,32,100,10,,50,,18,0.5,,,,,,,850,,,,,,50,0.3,,,,,,,,,49.5,50,30,,,,,,,,,125,2.5,67,30,,6.5
2025-12-06,8:00 AM,M & M's Peanut Butter,piece,6,2.2,69,4,8,1,,0,0,0,0.4,0.1,0,1,10.7,1,3,0,0,1.2,0.5,2,,0.5,7.4,0,0.1,0,0.1,0,8.9,0.1,0,0,,,0,0.4,0.1,23.5,40.9,0.8,28.5,,6.5,5.8,0,0,0,0,4.9,0,,0.3,0.6,0,0.2
2025-12-06,8:00 AM,eggs,large,3,50,215,14,1,19,,1.3,0.1,0.7,0.1,2.3,0.3,,84,558,441,0.1,0.4,5.5,2.9,4.7,0,,70.5,0.5,2.6,1,1.6,1.4,18,0,0.6,0.1,0.1,,,,1,297,207,46,213,,0.6,,0.8,0.3,0.7,1.3,,,,1.6,0.4,114,1.9
2025-12-06,8:00 AM,lingonberry jam,g,5,1,8,0,2,0,,,0,0,0,0,0,,0.2,,0,0,0,0,0,0,,0.1,0.2,0,0,0,0,0,0.2,0,0,,,,,,0,0.4,2.5,0,0.1,0,1.9,,0,0,0,0,,0.3,,0,0.6,3,0
2025-12-06,8:00 AM,sourdough,g,105,1,286,3,54,11,,,0.7,0.4,5.1,0.5,0.1,,54.6,,8,0.2,,0.4,0.9,0.6,0,2.3,129.2,,4.1,,,,33.6,0.6,,0.1,,,,,,110.3,122.8,30,632.1,46.4,4.9,,,,,,,,,0.2,0.7,35,1.1
2025-12-06,8:00 AM,whole milk,g,60,1,37,2,3,2,,0.3,0,0.1,0.1,0.2,0,,67.8,6,9,0,0,0.5,0.1,1.1,,,3,0.1,0,0.1,0.2,0.2,6,0,0,,,,,,0.1,50.4,79.2,2.2,25.8,,3,,0.1,0,0.1,0.1,,,,0,0.2,53,0.2
2025-12-06,12:00 PM,"Eggs, Cooked",large,2,50,155,11,1,13,,1.1,0.1,0.5,0.1,1.4,0.1,,50,373,294,0,0.3,4.1,1.4,3.3,,,44,0.3,1.2,0.7,1.1,0.9,10,0,0.4,0,0,0,0.1,1.3,0.7,172,126,30.8,124,,1.1,,0.6,0.2,0.5,0.8,149.3,,2.2,1,0.3,75,1.1
2025-12-06,12:00 PM,Fresh Vietnamese Rice Noodles,cup,2,70,260,0,50,15,,,,,,,,,4,,,,,,,,,1,,,,,,,,,,,,,,,,,10,,260,,1,,,,,,,,,,,,
2025-12-06,12:00 PM,Pork Belly,g,60,1,243,19,0,16,,0.6,0.4,0.3,3,0.5,0.2,,20.8,65,56,0.1,0.2,8.5,2.4,7.1,,,3.3,0.6,1,0.7,1.3,1.4,12.8,0,0.4,0.1,0,,0.1,2.1,0.6,119.1,170.8,23.8,50,,,,0.7,0.2,0.5,0.9,3.8,0.5,1.1,0.1,,24,2.7
2025-12-06,6:35 PM,Traditional Bavarian Soft Pretzels,g,80,1,200,3,39,7,,,,,,,,,,,,,,,,,,1.3,,,0.5,,,,,,,,,,,,,,,,346.7,,1.3,,,,,,,,,,,,
2025-12-06,9:00 PM,Cod Liver Oil,softgel,1,100,10,1,0,0,,,,,,,,,,,,,,,,,,,,,,,,,,,,,100,70,,,,,,,,,,,,,,,300,,10,,,,
2025-12-06,9:00 PM,Creatine Ethyl Ester (Hcl),serving,1,3,10,0,0,2,,,,,,,,,,,,,,,,,,,,,,,,,,,,,,,,,,,,,,,,,,,,,,,,,,,
2025-12-06,9:00 PM,Double Strength Taurine 1000mg Dietary Supplement,capsule,1,100,0,0,0,0,,,,,,,,,,,,,,,,,,,,,,,,,,,,,,,,,,,,,,,,,,,,,,,,,,,
2025-12-06,9:00 PM,Magnesium l-Threonate,capsules,4,0.05,0,0,0,0,,,,,,,,,,,,,,,,,,,,,,,,,144,,,,,,,,,,,,,,,,,,,,,,,,,,
2025-12-06,9:00 PM,Methyl Multi,capsules,2,50,0,0,0,0,,250,10,10,32,100,10,,50,,18,0.5,,,,,,,850,,,,,,50,0.3,,,,,,,,,49.5,50,30,,,,,,,,,125,2.5,67,30,,6.5
2025-12-06,9:34 PM,cara cara orange,"fruit (2-7/8 dia)""",1,140,69,0,18,1,,,0.1,0.1,0.6,0.4,0.1,,60.2,,12,0.1,0,0,0,0,,3.1,47.6,0,0.2,0,0,0.1,15.4,0,0,,,,,,0,32.2,232.4,,1.4,,11.9,,0,0,0,0,,82.7,,0.2,,120,0.1
2025-12-06,9:34 PM,chicken breast,g,170,1,281,6,0,53,,0.6,0.1,0.2,23.3,1.6,1,,25.5,145,145,0.1,0.7,2.1,1.3,1.7,,,6.8,1.6,1.8,2.8,4,4.5,49.3,0,1.5,,0,0,,,2.1,387.6,435.2,46.9,125.8,,,,2.2,0.6,1.8,2.6,,,,0.5,0.5,111,1.7
2025-12-06,9:34 PM,green beans,g,100,1,35,0,8,2,,,0.1,0.1,0.6,0.1,0.1,,44,,17,0.1,0,0,0.1,0.1,,3.2,33,0,0.7,0.1,0.1,0.1,18,0.3,0,,,,,,0.1,29,146,0.2,1,,3.6,,0.1,0,0,0.1,,9.7,,0.5,47.9,89,0.3
2025-12-07,7:26 AM,foccacia,g,40,1,100,3,14,4,,,0.2,0.1,1.5,0.3,0,,14,,1,0,,2.3,0.4,0.4,,0.7,55.2,,1.3,,,,8,0.1,,,,,,,,51.2,45.6,6.4,224.4,,0.7,,,,,,,,,0.6,2.3,18,0.5
2025-12-07,7:26 AM,grilled chicken breast,g,130,1,192,4,0,38,,0.3,0.1,0.3,14.4,1.9,1.3,,7.8,138,140,0,0.4,1.7,0.9,1.3,0,,,1.4,0.6,1.9,3.2,3.7,40.3,0,1,0,0,0,,,1.5,323.7,546,55.1,279.5,,,,1.7,0.5,1.4,2,,,,0.4,,87,1.1
2025-12-07,12:40 PM,BBQ Chicken Thigh,piece,1,120,260,15,8,23,,0.5,0.1,0.2,5.8,0.2,0.2,,22.6,127,64,0.1,0.2,6.5,2.1,3.9,,0.2,8.4,0.6,1.1,0.9,1.6,1.8,23.6,0,0.6,0,,,0,0,0.7,222,301.4,22.3,540.4,,6.8,5.7,0.7,0.2,0.6,0.9,22.2,0.1,,0.6,0.4,72,1.8
2025-12-07,12:40 PM,Cornbread with Butter,serving,0.25,105,94,6,9,2,,0.1,0.1,0.1,0.6,0.1,0,,41.6,22,13,0,0,1.5,0.5,2.7,,0.3,18.4,0,0.6,0.1,0.2,0.1,4.4,0,0,0,0,0,0,0.5,0.1,35.4,31.7,2.6,117.6,,1.8,1.3,0.1,0,0.1,0.1,38.9,0,0.2,0.3,0.9,12,0.1
2025-12-07,12:40 PM,Macaroni and Cheese,g,70,1,156,8,12,8,,0.3,0.1,0.2,0.6,0.2,0,,182.5,25,8,0,0.1,2.1,0.5,4.7,,0.6,32.2,0.2,0.5,0.4,0.6,0.3,14,0.1,0.2,0,0,0,0,0.3,0.4,138.3,50.6,16.1,202.7,,0.8,,0.3,0.2,0.3,0.4,82.3,,0.3,0.2,0.6,41,1.1
2025-12-07,7:00 PM,Homemade Chocolate Chip Cookies,oz,0.5,28.35,69,4,8,1,,0,0,0,0.2,0,0,,5.4,10,,0.1,0,1.2,0.6,2,,,4.7,0,0.4,0,0.1,0,7.8,0.1,0,,0,,,,0,14.2,31.3,1.6,48.3,,,,0,0,0,0,19.7,0,,,,1,0.1
2025-12-07,7:00 PM,Homemade Cornbread,g,50,1,133,4,22,3,,0.1,0.1,0.1,1.1,0.2,0.1,,124.5,20,,0,0.1,0.9,1.6,0.8,,,38.5,0.1,1.3,0.1,0.3,0.1,12.5,0.1,0.1,,0,,,,0.2,84.5,73.5,5.1,329,,,,0.1,0,0.1,0.2,41.5,0.1,,,,20,0.3
2025-12-07,7:00 PM,Turkey Chili,serving,1.5,314.38,360,12,39,28,,1.1,0.2,0.4,8,1.1,0.7,3,175.8,63,,0.6,,4.6,3.2,3.3,,10.5,74.5,,5.9,,,,93.4,0.9,,,,,,,,368.6,1111.5,17.8,980.3,,10.4,,,,,,,73.7,,3.8,14.7,,3.6
2025-12-07,9:00 PM,Cod Liver Oil,softgel,1,100,10,1,0,0,,,,,,,,,,,,,,,,,,,,,,,,,,,,,100,70,,,,,,,,,,,,,,,300,,10,,,,
2025-12-07,9:00 PM,Creatine Ethyl Ester (Hcl),serving,1,3,10,0,0,2,,,,,,,,,,,,,,,,,,,,,,,,,,,,,,,,,,,,,,,,,,,,,,,,,,,
2025-12-07,9:00 PM,Double Strength Taurine 1000mg Dietary Supplement,capsule,1,100,0,0,0,0,,,,,,,,,,,,,,,,,,,,,,,,,,,,,,,,,,,,,,,,,,,,,,,,,,,
2025-12-07,9:00 PM,Magnesium l-Threonate,capsules,4,0.05,0,0,0,0,,,,,,,,,,,,,,,,,,,,,,,,,144,,,,,,,,,,,,,,,,,,,,,,,,,,
2025-12-07,9:00 PM,Methyl Multi,capsules,2,50,0,0,0,0,,250,10,10,32,100,10,,50,,18,0.5,,,,,,,850,,,,,,50,0.3,,,,,,,,,49.5,50,30,,,,,,,,,125,2.5,67,30,,6.5
2025-12-08,6:00 AM,Chicken Breast Grilled Boneless Skinless,g,130,1,192,4,0,38,,0.3,0.1,0.3,14.4,1.9,1.3,,7.8,138,140,0,0.4,1.7,0.9,1.3,,,,1.4,0.6,1.9,3.2,3.7,40.3,0,1,0,0,0,0,0.7,1.5,323.7,546,55.1,279.5,,,,1.7,0.5,1.4,2,13,,,0.4,,86,1.1
2025-12-08,6:00 AM,"Milk, Whole",g,60,1,36,2,3,2,,0.3,0,0.1,0.1,0.2,0,,73.8,7,11,0,0,0.4,0.1,1.1,,,,0.1,,0.1,0.2,0.2,7.2,,0.1,0,,0,0,0.1,0.1,60.6,90,1.1,22.8,,2.8,,0.1,0,0.1,0.1,18.9,,0.6,0,0.2,53,0.3
2025-12-08,11:00 AM,Cannoli Filling,g,60,1,220,4,29,3,,,,,,,,,25.4,13,,,,,,2.5,,0.8,,,1.5,,,,,,,,,,,,,,,,131,,17.7,,,,,,,1,,,,,
2025-12-08,11:48 AM,Homemade Chocolate Chip Cookies,oz,0.5,28.35,69,4,8,1,,0,0,0,0.2,0,0,,5.4,10,,0.1,0,1.2,0.6,2,,,4.7,0,0.4,0,0.1,0,7.8,0.1,0,,0,,,,0,14.2,31.3,1.6,48.3,,,,0,0,0,0,19.7,0,,,,1,0.1
2025-12-08,11:48 AM,Homemade Chocolate Chip Cookies,oz,0.5,28.35,69,4,8,1,,0,0,0,0.2,0,0,,5.4,10,,0.1,0,1.2,0.6,2,,,4.7,0,0.4,0,0.1,0,7.8,0.1,0,,0,,,,0,14.2,31.3,1.6,48.3,,,,0,0,0,0,19.7,0,,,,1,0.1
2025-12-08,11:48 AM,Homemade Chocolate Chip Cookies,oz,0.5,28.35,69,4,8,1,,0,0,0,0.2,0,0,,5.4,10,,0.1,0,1.2,0.6,2,,,4.7,0,0.4,0,0.1,0,7.8,0.1,0,,0,,,,0,14.2,31.3,1.6,48.3,,,,0,0,0,0,19.7,0,,,,1,0.1
2025-12-08,7:47 PM,cooked ground turkey,g,172,1,444,30,0,43,,2.8,0.1,0.4,13.3,2.4,0.8,,84.3,182,132,0.3,0.5,10.4,8,7.9,0.3,,12,1.3,3.4,1.9,3.6,3.9,48.2,0,1.3,0.4,0,0,,,1.7,452.4,474.7,62.1,146.2,,,,2,0.5,1.5,2,,,,0.2,,97,6.1
2025-12-08,7:47 PM,mixed vegetables,g,167,1,54,1,12,3,,,0.1,0.1,0.9,0.6,0.2,,54.8,,43,0.1,0.1,0,0.3,0.1,,5,85.3,0.1,0.8,0.1,0.2,0.2,24.4,0.3,0,,,,,,0.1,67.7,351.9,1.4,51.8,0.1,4.4,,0.2,0,0.1,0.2,,51.8,,1.3,94.9,151,0.5
2025-12-08,7:47 PM,white rice,g,100,1,130,0,28,3,,,0.2,0,1.5,0.4,0.1,,10,,2,0.1,0.1,0.1,0.1,0.1,,0.4,58,0.1,1.2,0.1,0.2,0.1,12,0.5,0.1,,,,,,0.1,43,35,7.5,1,,0.1,,0.1,0,0.1,0.2,,,,0,,68,0.5
2025-12-08,9:00 PM,Cod Liver Oil,softgel,1,100,10,1,0,0,,,,,,,,,,,,,,,,,,,,,,,,,,,,,100,70,,,,,,,,,,,,,,,300,,10,,,,
2025-12-08,9:00 PM,Creatine Ethyl Ester (Hcl),serving,1,3,10,0,0,2,,,,,,,,,,,,,,,,,,,,,,,,,,,,,,,,,,,,,,,,,,,,,,,,,,,
2025-12-08,9:00 PM,Double Strength Taurine 1000mg Dietary Supplement,capsule,1,100,0,0,0,0,,,,,,,,,,,,,,,,,,,,,,,,,,,,,,,,,,,,,,,,,,,,,,,,,,,
2025-12-08,9:00 PM,Magnesium l-Threonate,capsules,4,0.05,0,0,0,0,,,,,,,,,,,,,,,,,,,,,,,,,144,,,,,,,,,,,,,,,,,,,,,,,,,,
2025-12-08,9:00 PM,Methyl Multi,capsules,2,50,0,0,0,0,,250,10,10,32,100,10,,50,,18,0.5,,,,,,,850,,,,,,50,0.3,,,,,,,,,49.5,50,30,,,,,,,,,125,2.5,67,30,,6.5
2025-12-09,5:54 AM,Natural Pecan Halves,g,27,1,193,19,4,3,,,,,,,,,19.3,,,,,,,1.9,,2.9,,,2.4,,,,,,,,,,,,,,110.9,,,,1,,,,,,,,,,,,
2025-12-09,5:54 AM,Organic Greek Plain Whole Milk Yogurt,cup,0.75,226.67,150,6,7,16,,,,,,,,,170,25,,,,,,3.5,,,,,,,,,,,,,,,,,,,200,,65,,5,,,,,,,,,,,,
2025-12-09,5:54 AM,Wild Blueberry Organic,g,15,1,25,0,7,0,,,,,,,,,,,,,,,,,,,,,,,,,,,,,,,,,,,,,,,5.8,5.8,,,,,,11.7,,,,,
2025-12-09,1:00 PM,beef,oz,4,28.33,294,19,0,30,,2.1,0.1,0.2,6.2,0.5,0.5,,14.7,99,94,0.1,0.4,8.4,0.8,7.7,0.6,,7.9,1,2.5,1.4,2.5,2.7,22.7,0,0.8,0,0,0,,,1.2,204,307.1,32.1,56.7,,,,1.3,0.3,1,1.5,,,,0.4,1.6,65,5.8
2025-12-09,1:00 PM,chicken,oz,4,28.33,249,15,0,27,,0.9,0.1,0.2,8,1.1,0.4,,14.7,107,,0.1,0.4,5.9,3.2,4.1,,,26.1,0.8,1.8,1.3,2,2.2,22.7,0,0.7,,0,0,,,1.1,202.9,231.2,17.8,80.5,,,,1.1,0.3,0.9,1.3,,0.5,,,,71,1.9
2025-12-09,1:00 PM,pita,"pita, large (6-1/2 dia)""",1,60,165,1,33,5,,,0.4,0.2,2.8,0.2,0,,51.6,,9,0.1,0.1,0.1,0.3,0.1,,1.3,64.2,0.1,1.6,0.2,0.4,0.1,15.6,0.3,0.1,,,,,,0.3,58.2,72,16.3,321.6,,0.8,,0.2,0.1,0.2,0.2,,,,0.2,0.1,19,0.5
2025-12-09,1:00 PM,rice,oz,2,28.35,74,0,16,2,,,0,0,0.2,0.2,0.1,,5.7,,1,0,0,0,0,0,,0.2,1.7,0,0.1,0.1,0.1,0.1,6.8,0.3,0,,,,,,0.1,24.4,19.8,4.3,0.6,,0,,0.1,0,0.1,0.1,,,,0,,39,0.3
2025-12-09,7:01 PM,Grilled Chicken Caesar Salad 275g Can,jar,1,275,470,33,17,24,,,,,,,,,325,50,,,,,,5,,7,,,3.6,,,,,,,,,,,,,,376,,830,,4,,,,,,,,,,,,
2025-12-09,9:00 PM,Cod Liver Oil,softgel,1,100,10,1,0,0,,,,,,,,,,,,,,,,,,,,,,,,,,,,,100,70,,,,,,,,,,,,,,,300,,10,,,,
2025-12-09,9:00 PM,Creatine Ethyl Ester (Hcl),serving,1,3,10,0,0,2,,,,,,,,,,,,,,,,,,,,,,,,,,,,,,,,,,,,,,,,,,,,,,,,,,,
2025-12-09,9:00 PM,Double Strength Taurine 1000mg Dietary Supplement,capsule,1,100,0,0,0,0,,,,,,,,,,,,,,,,,,,,,,,,,,,,,,,,,,,,,,,,,,,,,,,,,,,
2025-12-09,9:00 PM,Magnesium l-Threonate,capsules,4,0.05,0,0,0,0,,,,,,,,,,,,,,,,,,,,,,,,,144,,,,,,,,,,,,,,,,,,,,,,,,,,
2025-12-09,9:00 PM,Methyl Multi,capsules,2,50,0,0,0,0,,250,10,10,32,100,10,,50,,18,0.5,,,,,,,850,,,,,,50,0.3,,,,,,,,,49.5,50,30,,,,,,,,,125,2.5,67,30,,6.5
2025-12-10,8:00 AM,chocolate chip cookie,"medium (3 diameter)""",1,30,148,7,20,2,,0,0.1,0.1,0.8,,0,3,6.3,,3,0.1,0,1.9,2.5,2.4,0.2,0.6,21.6,0,1.7,0,0.1,0,12.3,0.2,0,0.3,,,,,0.1,32.7,51.3,1.2,93.3,8.5,9.9,,0,0,0,0.1,,,,0.6,10.1,1,0.2
2025-12-10,8:00 AM,grilled chicken,g,90,1,133,3,0,27,,0.2,0.1,0.2,10,1.3,0.9,,5.4,95,97,0,0.3,1.2,0.6,0.9,0,,,1,0.4,1.3,2.2,2.6,27.9,0,0.7,0,0,0,,,1.1,224.1,378,38.2,193.5,,,,1.2,0.3,1,1.4,,,,0.3,,60,0.7
2025-12-10,8:00 AM,whole milk,oz,2,30.5,37,2,3,2,,0.3,0,0.1,0.1,0.2,0,,68.9,6,9,0,0,0.5,0.1,1.1,,,3,0.1,0,0.1,0.2,0.2,6.1,0,0.1,,,,,,0.1,51.2,80.5,2.3,26.2,,3.1,,0.1,0,0.1,0.1,,,,0,0.2,54,0.2
2025-12-10,11:00 AM,gyro,oz,3,28.35,158,9,9,10,,0.9,0.1,0.2,2.9,0.4,0.1,,50.4,36,37,0.1,0.1,3.8,0.7,3.4,,0.7,25.9,0.3,1.2,0.5,0.8,0.8,16.6,0.1,0.3,0,,,,,0.4,103.3,195.9,13.3,401.2,0,1.5,,0.4,0.1,0.3,0.6,,3.1,,0.3,4.1,55,1.8
2025-12-10,11:00 AM,pita,"pita, large (6-1/2 dia)""",1,60,165,1,33,5,,,0.4,0.2,2.8,0.2,0,,51.6,,9,0.1,0.1,0.1,0.3,0.1,,1.3,64.2,0.1,1.6,0.2,0.4,0.1,15.6,0.3,0.1,,,,,,0.3,58.2,72,16.3,321.6,,0.8,,0.2,0.1,0.2,0.2,,,,0.2,0.1,19,0.5
2025-12-10,11:00 AM,tzatziki,oz,2,28.35,51,4,3,1,,0.1,0,0.1,0.1,0.2,0,,47.5,4,6,0,0,2.5,0.4,1.1,,0.2,6.4,0,0.2,0.1,0.1,0.1,7,0,0,0,,,,,0.1,37.4,88.3,0.9,104.1,0,1.9,,0.1,0,0.1,0.1,,3.4,,0.5,3.1,48,0.2
2025-12-10,6:00 PM,Turkey Chili,serving,1,314.38,240,8,26,19,,0.7,0.2,0.2,5.3,0.7,0.5,2,117.2,42,,0.4,,3.1,2.1,2.2,,7,49.7,,3.9,,,,62.2,0.6,,,,,,,,245.7,741,11.8,653.6,,6.9,,,,,,,49.1,,2.5,9.8,,2.4
2025-12-10,6:00 PM,Turkey Chili,serving,1,314.38,240,8,26,19,,0.7,0.2,0.2,5.3,0.7,0.5,2,117.2,42,,0.4,,3.1,2.1,2.2,,7,49.7,,3.9,,,,62.2,0.6,,,,,,,,245.7,741,11.8,653.6,,6.9,,,,,,,49.1,,2.5,9.8,,2.4
2025-12-10,9:00 PM,Cod Liver Oil,softgel,1,100,10,1,0,0,,,,,,,,,,,,,,,,,,,,,,,,,,,,,100,70,,,,,,,,,,,,,,,300,,10,,,,
2025-12-10,9:00 PM,Creatine Ethyl Ester (Hcl),serving,1,3,10,0,0,2,,,,,,,,,,,,,,,,,,,,,,,,,,,,,,,,,,,,,,,,,,,,,,,,,,,
2025-12-10,9:00 PM,Double Strength Taurine 1000mg Dietary Supplement,capsule,1,100,0,0,0,0,,,,,,,,,,,,,,,,,,,,,,,,,,,,,,,,,,,,,,,,,,,,,,,,,,,
2025-12-10,9:00 PM,Magnesium l-Threonate,capsules,4,0.05,0,0,0,0,,,,,,,,,,,,,,,,,,,,,,,,,144,,,,,,,,,,,,,,,,,,,,,,,,,,
2025-12-10,9:00 PM,Methyl Multi,capsules,2,50,0,0,0,0,,250,10,10,32,100,10,,50,,18,0.5,,,,,,,850,,,,,,50,0.3,,,,,,,,,49.5,50,30,,,,,,,,,125,2.5,67,30,,6.5
2025-12-11,6:00 AM,"Milk, Whole",g,60,1,36,2,3,2,,0.3,0,0.1,0.1,0.2,0,,73.8,7,11,0,0,0.4,0.1,1.1,,,,0.1,,0.1,0.2,0.2,7.2,,0.1,0,,0,0,0.1,0.1,60.6,90,1.1,22.8,,2.8,,0.1,0,0.1,0.1,18.9,,0.6,0,0.2,53,0.3
2025-12-11,6:00 AM,chocolate chip cookie,"medium (3 diameter)""",1,30,148,7,20,2,,0,0.1,0.1,0.8,,0,3,6.3,,3,0.1,0,1.9,2.5,2.4,0.2,0.6,21.6,0,1.7,0,0.1,0,12.3,0.2,0,0.3,,,,,0.1,32.7,51.3,1.2,93.3,8.5,9.9,,0,0,0,0.1,,,,0.6,10.1,1,0.2
2025-12-11,6:00 AM,foccacia,g,40,1,100,3,14,4,,,0.2,0.1,1.5,0.3,0,,14,,1,0,,2.3,0.4,0.4,,0.7,55.2,,1.3,,,,8,0.1,,,,,,,,51.2,45.6,6.4,224.4,,0.7,,,,,,,,,0.6,2.3,18,0.5
2025-12-11,12:00 PM,Caramel Cashew Protein Bar,serving,1,55,200,8,18,20,,,,,,,,,160,5,,,,,,3,,3,,,0.6,,,,,,,,,,,,,,150,,80,,1,,,,,,,,,,,,
2025-12-11,12:00 PM,lean ground turkey,g,270,1,575,31,0,73,,5.1,0.2,0.7,21.9,3.8,1.3,,83.7,281,212,0.4,0.8,10.5,9.6,8,0.3,,18.9,2.2,4.2,3.3,6,6.5,78.3,0,2.2,0.5,0,0,,,2.9,699.3,820.8,76.7,243,,,,3.4,0.8,2.6,3.4,,,,0.5,,165,10.2
2025-12-11,12:00 PM,white rice,g,130,1,169,0,37,4,,,0.2,0,1.9,0.5,0.1,,13,,3,0.1,0.1,0.1,0.1,0.1,,0.5,75.4,0.1,1.6,0.2,0.3,0.1,15.6,0.6,0.1,,,,,,0.2,55.9,45.5,9.8,1.3,,0.1,,0.1,0,0.1,0.2,,,,0.1,,89,0.6
2025-12-11,6:00 PM,Focaccia Bread,g,60,1,184,6,28,4,,0,0.4,0.2,2.7,0.3,0,,9.7,,4,0.1,0.1,4.1,0.8,0.9,,1.3,62.8,0.1,2.1,0.1,0.3,0.1,10.5,0.3,0.1,0.1,,,0.1,0.7,0.2,43,57.9,5.6,484.4,,0.1,,0.1,0.1,0.1,0.2,0.7,0.1,,0.8,3.4,28,0.3
2025-12-11,9:00 PM,Cod Liver Oil,softgel,1,100,10,1,0,0,,,,,,,,,,,,,,,,,,,,,,,,,,,,,100,70,,,,,,,,,,,,,,,300,,10,,,,
2025-12-11,9:00 PM,Creatine Ethyl Ester (Hcl),serving,1,3,10,0,0,2,,,,,,,,,,,,,,,,,,,,,,,,,,,,,,,,,,,,,,,,,,,,,,,,,,,
2025-12-11,9:00 PM,Double Strength Taurine 1000mg Dietary Supplement,capsule,1,100,0,0,0,0,,,,,,,,,,,,,,,,,,,,,,,,,,,,,,,,,,,,,,,,,,,,,,,,,,,
2025-12-11,9:00 PM,Magnesium l-Threonate,capsules,4,0.05,0,0,0,0,,,,,,,,,,,,,,,,,,,,,,,,,144,,,,,,,,,,,,,,,,,,,,,,,,,,
2025-12-11,9:00 PM,Methyl Multi,capsules,2,50,0,0,0,0,,250,10,10,32,100,10,,50,,18,0.5,,,,,,,850,,,,,,50,0.3,,,,,,,,,49.5,50,30,,,,,,,,,125,2.5,67,30,,6.5
2025-12-12,8:00 AM,eggs,large,1.5,50,107,7,1,9,,0.7,0,0.3,0.1,1.1,0.1,,42,279,220,0.1,0.2,2.7,1.4,2.3,0,,35.3,0.2,1.3,0.5,0.8,0.7,9,0,0.3,0,0,,,,0.5,148.5,103.5,23,106.5,,0.3,,0.4,0.1,0.4,0.6,,,,0.8,0.2,57,1
2025-12-12,8:00 AM,flour tortilla,"tortilla (approx 7-8 dia)""",1,49,159,3,27,4,,,0.3,0.1,1.8,0.3,0,,19.1,,,0.1,0.1,1.8,0.5,0.9,,1.6,60.3,0.1,1.6,0.2,0.3,0.1,12.7,0.2,0.1,,,,,,0.2,60.8,64.2,11.5,234.2,,,,0.1,0.1,0.1,0.2,,,,,,13,0.3
2025-12-12,8:00 AM,ground turkey,g,50,1,129,9,0,13,,0.8,0,0.1,3.9,0.7,0.2,,24.5,53,38,0.1,0.1,3,2.3,2.3,0.1,,3.5,0.4,1,0.6,1,1.1,14,0,0.4,0.1,0,0,,,0.5,131.5,138,18.1,42.5,,,,0.6,0.1,0.4,0.6,,,,0,,28,1.8
2025-12-12,12:38 PM,brown gravy,tbsp,1,14.56,8,0,1,1,,0,0,0,0.1,0,0,,0.9,0,1,0,,0.1,0,0.2,,0.1,0.3,,0.1,,,,0.3,0,,,,,,,,4.4,11.8,0.1,81.5,,0,,,,,,,,,0,0,13,0.1
2025-12-12,12:38 PM,cheesecake,g,25,1,80,6,6,1,,0,0,0,0,0.1,0,,12.8,14,11,0,0,2.2,0.4,2.5,,0.1,4.5,0,0.2,0.1,0.1,0.1,2.8,0,0,,0,,,,0.1,23.3,22.5,1.3,109.5,,5.5,,0.1,0,0.1,0.1,,0.1,,0.1,1.1,11,0.1
2025-12-12,12:38 PM,chicken breast,g,120,1,198,4,0,37,,0.4,0.1,0.1,16.5,1.2,0.7,,18,102,102,0.1,0.5,1.5,0.9,1.2,,,4.8,1.2,1.2,2,2.8,3.2,34.8,0,1,,0,0,,,1.5,273.6,307.2,33.1,88.8,,,,1.6,0.4,1.3,1.8,,,,0.3,0.4,78,1.2
2025-12-12,12:38 PM,chocolate cookie,"medium (3 diameter)""",1,30,147,10,14,1,0,0,0,0,0,0.1,0,,7.6,30,12,0.1,0,2.3,2.1,4.8,0.3,0.6,5.3,0,0.8,0,0.1,0,6.4,0.1,0,0,0,,,,0.1,20.9,23.2,1.3,108.2,0,12.4,,0,0,0,0.1,,0,,0.3,0.7,4,0.2
2025-12-12,12:38 PM,mashed potatoes,g,80,1,90,3,14,2,,0.1,0.1,0,0.9,0.4,0.2,,16.8,1,11,0.1,0,1.2,0.7,0.6,,1.2,7.2,0,0.2,0.1,0.1,0.1,15.2,0.1,0,,,,,,0.1,38.4,260.8,0.6,266.4,,1.1,,0.1,0,0.1,0.1,,8.4,,0.3,4.8,60,0.2
2025-12-12,6:03 PM,Dark Chocolate Peppermint Bark,square,2,12,120,9,12,2,,,,,,,,,40,,,,,,,5,,,,,0.7,,,,,,,,,,,,,,,,10,,10,,,,,,,,,,,,
2025-12-12,9:00 PM,Cod Liver Oil,softgel,1,100,10,1,0,0,,,,,,,,,,,,,,,,,,,,,,,,,,,,,100,70,,,,,,,,,,,,,,,300,,10,,,,
2025-12-12,9:00 PM,Creatine Ethyl Ester (Hcl),serving,1,3,10,0,0,2,,,,,,,,,,,,,,,,,,,,,,,,,,,,,,,,,,,,,,,,,,,,,,,,,,,
2025-12-12,9:00 PM,Double Strength Taurine 1000mg Dietary Supplement,capsule,1,100,0,0,0,0,,,,,,,,,,,,,,,,,,,,,,,,,,,,,,,,,,,,,,,,,,,,,,,,,,,
2025-12-12,9:00 PM,Magnesium l-Threonate,capsules,4,0.05,0,0,0,0,,,,,,,,,,,,,,,,,,,,,,,,,144,,,,,,,,,,,,,,,,,,,,,,,,,,
2025-12-12,9:00 PM,Methyl Multi,capsules,2,50,0,0,0,0,,250,10,10,32,100,10,,50,,18,0.5,,,,,,,850,,,,,,50,0.3,,,,,,,,,49.5,50,30,,,,,,,,,125,2.5,67,30,,6.5
2025-12-13,6:00 AM,Dark Chocolate Peppermint Bark,square,1,12,60,5,6,1,,,,,,,,,20,,,,,,,2.5,,,,,0.4,,,,,,,,,,,,,,,,5,,5,,,,,,,,,,,,
2025-12-13,6:00 AM,Dark Chocolate Peppermint Bark,square,1,12,60,5,6,1,,,,,,,,,20,,,,,,,2.5,,,,,0.4,,,,,,,,,,,,,,,,5,,5,,,,,,,,,,,,
2025-12-13,9:11 AM,egg,large,1.5,50,107,7,1,9,,0.7,0,0.3,0.1,1.1,0.1,,42,279,220,0.1,0.2,2.7,1.4,2.3,0,,35.3,0.2,1.3,0.5,0.8,0.7,9,0,0.3,0,0,,,,0.5,148.5,103.5,23,106.5,,0.3,,0.4,0.1,0.4,0.6,,,,0.8,0.2,57,1
2025-12-13,9:11 AM,evoo,g,8,1,71,8,0,0,,,,,,,,,0.1,,0,,,5.8,0.8,1.1,,,,,0,,,,,,,,,,,,,,0.1,,0.2,,,,,,,,,,,1.1,4.8,,
2025-12-13,9:11 AM,foccacia,g,30,1,75,2,11,3,,,0.1,0.1,1.1,0.2,0,,10.5,,1,0,,1.7,0.3,0.3,,0.5,41.4,,0.9,,,,6,0.1,,,,,,,,38.4,34.2,4.8,168.3,,0.5,,,,,,,,,0.4,1.7,14,0.4
2025-12-13,9:11 AM,spinach,cup,0.5,180,21,0,3,3,,,0.1,0.2,0.4,0.1,0.2,,122.4,,18,0.2,0,0,0.1,0,,2.2,131.4,0.1,3.2,0.1,0.2,0.2,78.3,0.8,0,,,,,,0.1,50.4,419.4,1.4,63,,0.4,,0.1,0,0.1,0.2,,8.8,,1.9,444.2,82,0.7
2025-12-13,9:11 AM,whipped cream,g,20,1,51,4,3,1,,0.1,0,0,0,0.1,0,,20.2,15,3,0,0,1.3,0.2,2.8,,,0.6,0,0,0,0.1,0.1,2.2,0,0,,,,,,0,17.8,29.4,0.3,1.6,,1.6,,0,0,0,0,,,,0.1,0.4,12,0.1
2025-12-13,2:00 PM,M & M's Peanut Butter,piece,12,2.2,138,8,15,2,,0.1,0,0,0.7,0.2,0,2,21.4,2,7,0.1,0,2.3,1,4,,0.9,14.8,0,0.3,0.1,0.1,0.1,17.8,0.2,0,0,,,0,0.8,0.1,47.1,81.7,1.6,57,,12.9,11.6,0.1,0,0.1,0.1,9.9,0.1,,0.6,1.1,1,0.4
2025-12-13,2:00 PM,Turkey Chili,g,300,1,229,8,25,18,,0.7,0.1,0.2,5.1,0.7,0.5,2,111.9,40,,0.4,,2.9,2,2.1,,6.7,47.4,,3.7,,,,59.4,0.6,,,,,,,,234.5,707.1,11.3,623.7,,6.6,,,,,,,46.9,,2.4,9.3,,2.3
2025-12-13,8:36 PM,blueberries,g,30,1,17,0,4,0,,,0,0,0.1,0,0,,1.8,,2,0,0,0,0,0,,0.7,1.8,0,0.1,0,0,0,1.8,0.1,0,,,,,,0,3.6,23.1,0,0.3,0,3,,0,0,0,0,,2.9,,0.2,5.8,25,0
2025-12-13,8:36 PM,greek yogurt,g,180,1,106,1,6,18,,1.4,0,0.5,0.4,0.6,0.1,,198,9,27,0,,0.1,0,0.2,0,,12.6,,0.1,,,,19.8,0,,0,,,,,,243,253.8,17.5,64.8,,5.8,,,,,,,,,0,,153,0.9
2025-12-13,8:36 PM,honey,g,6,1,18,0,5,0,,,,0,0,0,0,,0.4,,0,0,0,,,,,0,0.1,0,0,0,0,0,0.1,0,0,,,,,,0,0.2,3.1,0,0.2,,4.9,,0,0,0,0,,0,,,,1,0
2025-12-13,9:00 PM,Cod Liver Oil,softgel,1,100,10,1,0,0,,,,,,,,,,,,,,,,,,,,,,,,,,,,,100,70,,,,,,,,,,,,,,,300,,10,,,,
2025-12-13,9:00 PM,Creatine Ethyl Ester (Hcl),serving,1,3,10,0,0,2,,,,,,,,,,,,,,,,,,,,,,,,,,,,,,,,,,,,,,,,,,,,,,,,,,,
2025-12-13,9:00 PM,Double Strength Taurine 1000mg Dietary Supplement,capsule,1,100,0,0,0,0,,,,,,,,,,,,,,,,,,,,,,,,,,,,,,,,,,,,,,,,,,,,,,,,,,,
2025-12-13,9:00 PM,Magnesium l-Threonate,capsules,4,0.05,0,0,0,0,,,,,,,,,,,,,,,,,,,,,,,,,144,,,,,,,,,,,,,,,,,,,,,,,,,,
2025-12-13,9:00 PM,Methyl Multi,capsules,2,50,0,0,0,0,,250,10,10,32,100,10,,50,,18,0.5,,,,,,,850,,,,,,50,0.3,,,,,,,,,49.5,50,30,,,,,,,,,125,2.5,67,30,,6.5
2025-12-14,7:00 AM,Caramel Cashew Protein Bar,serving,1,55,200,8,18,20,,,,,,,,,160,5,,,,,,3,,3,,,0.6,,,,,,,,,,,,,,150,,80,,1,,,,,,,,,,,,
2025-12-14,7:00 AM,Coffee Jelly,ml,265,0.38,79,2,15,1,,,,,,,,,,,,,,,,1.6,,,,,,,,,,,,,,,,,,,,,344,,15,,,,,,,,,,,,
2025-12-14,12:00 PM,"Blueberries, Fresh",g,35,1,20,0,5,0,,,0,0,0.1,0,0,,4.2,,2,0,0,0,0.1,0,,0.8,2.1,0,0.1,0,0,0,2.1,0.1,0,0,,,0,0,0,4.5,30.1,0,,,3.5,,0,0,0,0,0.9,2.8,,0.2,6.8,29,0
2025-12-14,12:00 PM,Honey,g,11,1,33,0,9,0,,,,0,0,0,0,,0.7,,0,0,0,,,,,0,0.2,0,0,0,0,0,0.2,0,0,,,,,,0,0.4,5.7,0.1,0.4,,9,9,0,0,0,0,,0.1,,,,2,0
2025-12-14,12:00 PM,Natural Pecan Halves,g,15,1,107,11,2,2,,,,,,,,,10.7,,,,,,,1.1,,1.6,,,1.3,,,,,,,,,,,,,,61.6,,,,0.5,,,,,,,,,,,,
2025-12-14,12:00 PM,Organic Greek Plain Whole Milk Yogurt,cup,0.75,226.67,150,6,7,16,,,,,,,,,170,25,,,,,,3.5,,,,,,,,,,,,,,,,,,,200,,65,,5,,,,,,,,,,,,
2025-12-14,12:34 PM,evoo,g,6,1,53,6,0,0,,,,,,,,,0.1,,0,,,4.4,0.6,0.8,,,,,0,,,,,,,,,,,,,,0.1,,0.1,,,,,,,,,,,0.9,3.6,,
2025-12-14,12:34 PM,foccacia,g,91,1,227,7,33,8,,,0.4,0.3,3.3,0.6,0.1,,31.9,,3,0.1,,5.2,0.9,0.8,,1.6,125.6,,2.9,,,,18.2,0.3,,,,,,,,116.5,103.7,14.5,510.5,,1.6,,,,,,,,,1.3,5.2,42,1.2
2025-12-14,12:34 PM,pecorino,g,40,1,155,11,1,13,,0.4,0,0.1,0,0.2,0,,425.6,42,6,0,0.1,3.1,0.2,6.8,,,2.8,0.5,0.3,0.7,1.2,1.2,16.4,0,0.3,,,,,,0.7,304,34.4,5.8,573.2,,0.3,,0.5,0.2,0.7,0.9,,,,0.1,0.9,12,1
2025-12-14,12:34 PM,salami,g,27,1,102,9,0,6,,0.3,0.1,0.1,1.6,0.3,0.1,,6.5,29,20,0,0.1,4,1.3,3.1,0.1,,,0.2,0.4,0.3,0.5,0.5,5.4,0.3,0.2,0,0,0,,,0.2,51.8,98,9.1,474.1,,0.1,,0.3,0.1,0.2,0.3,,,,0.2,,11,0.7
2025-12-14,6:00 PM,"Domino's 14 Pepperoni Pizza Crunchy Thin Crust""",pizza,0.2,563,369,21,29,16,,0.9,0.1,0.1,2.3,,0.1,,265.7,43,,0.1,,6.7,4.6,8.5,,2.9,,,1.3,,,,28.2,0.3,,0.4,0,0,0.4,3.9,,296.1,252.2,29.3,881.7,,4.1,,,,,,,1.4,,,,43,1.9
2025-12-14,6:00 PM,chicken,g,50,1,110,7,0,12,,0.4,0,0.1,3.5,0.5,0.2,,6.5,47,,0,0.2,2.6,1.4,1.8,,,11.5,0.3,0.8,0.6,0.9,1,10,0,0.3,,0,0,,,0.5,89.5,102,7.8,35.5,,,,0.5,0.1,0.4,0.6,,0.2,,,,31,0.9
2025-12-14,9:00 PM,Cod Liver Oil,softgel,1,100,10,1,0,0,,,,,,,,,,,,,,,,,,,,,,,,,,,,,100,70,,,,,,,,,,,,,,,300,,10,,,,
2025-12-14,9:00 PM,Creatine Ethyl Ester (Hcl),serving,1,3,10,0,0,2,,,,,,,,,,,,,,,,,,,,,,,,,,,,,,,,,,,,,,,,,,,,,,,,,,,
2025-12-14,9:00 PM,Double Strength Taurine 1000mg Dietary Supplement,capsule,1,100,0,0,0,0,,,,,,,,,,,,,,,,,,,,,,,,,,,,,,,,,,,,,,,,,,,,,,,,,,,
2025-12-14,9:00 PM,Magnesium l-Threonate,capsules,4,0.05,0,0,0,0,,,,,,,,,,,,,,,,,,,,,,,,,144,,,,,,,,,,,,,,,,,,,,,,,,,,
2025-12-14,9:00 PM,Methyl Multi,capsules,2,50,0,0,0,0,,250,10,10,32,100,10,,50,,18,0.5,,,,,,,850,,,,,,50,0.3,,,,,,,,,49.5,50,30,,,,,,,,,125,2.5,67,30,,6.5
2025-12-15,6:00 AM,grilled chicken,g,100,1,148,3,0,30,,0.2,0.1,0.2,11.1,1.5,1,,6,106,108,0,0.3,1.3,0.7,1,0,,,1.1,0.4,1.4,2.4,2.8,31,0,0.8,0,0,0,,,1.2,249,420,42.4,215,,,,1.3,0.4,1.1,1.5,,,,0.3,,67,0.8
2025-12-15,6:27 AM,focaccia,g,50,1,125,4,18,4,,,0.2,0.2,1.8,0.3,0.1,,17.5,,1,0,,2.8,0.5,0.4,,0.9,69,,1.6,,,,10,0.2,,,,,,,,64,57,8,280.5,,0.9,,,,,,,,,0.7,2.9,23,0.7
2025-12-15,6:27 AM,peppermint bark,oz,1,28.35,144,8,18,1,,0.1,0,0.1,0.2,0.1,0,7,34.4,3,7,0.1,0,2.5,0.3,5,,0.7,2.6,0,0.4,0,0,0,15.2,0.1,0,,,,,,0,42.4,86.2,1.2,15.7,,16.3,,0,0,0,0,,0.1,,0.2,2,0,0.3
2025-12-15,1:09 PM,Panda Express Honey Sesame Chicken Breast,child size - order (Kids' Meal),1,113.4,326,17,31,13,,0.1,0.1,0.1,4.5,0.5,0.3,,21.6,27,33,0.1,0.2,3.9,9.4,2.8,,1.4,18,0.4,0.8,0.6,0.9,0.9,22.1,0.4,0.3,1.1,0,0,1.1,8.3,0.5,104.2,190.3,18.7,361.7,,15,11.9,0.5,0.1,0.4,0.6,14.3,32.3,0,2.1,38.1,52,0.7
2025-12-15,1:09 PM,Panda Express Honey Walnut Shrimp,child size - order (Kids' Meal),1,56.7,205,13,17,7,,0.4,0,0,0.8,0.2,0.1,,29.7,57,42,0.2,0.1,2.3,7.8,1.6,,0.5,16.7,0.2,0.3,0.3,0.6,0.5,22.4,0.3,0.2,1.2,0,0,1.3,6.5,0.3,109,81.6,14.6,237.9,,6.5,6.3,0.3,0.1,0.3,0.3,23.7,0.1,0.1,1.3,10.2,19,0.7
2025-12-15,1:09 PM,Super Greens (Side),serving,1,198,90,3,10,6,,,,,,,,,,,,,,,,,,5,,,,,,,,,,,,,,,,,,,260,,4,,,,,,,,,,,,
2025-12-15,1:09 PM,Super Greens (Side),serving,1,198,90,3,10,6,,,,,,,,,,,,,,,,,,5,,,,,,,,,,,,,,,,,,,260,,4,,,,,,,,,,,,
2025-12-15,4:00 PM,Chunky Bar,bar,2,100,324,16,40,4,,,,,,,,,,,,,,,,8.8,,1.4,,,,,,,,,,,,,,,,,,,56,,32,,,,,,,,,,,,
2025-12-15,4:00 PM,"Milk, Whole",g,150,1,90,5,7,5,,0.8,0.1,0.2,0.2,0.5,0.1,,184.5,18,27,0,0,1,0.2,2.8,,,,0.1,,0.3,0.5,0.4,18,,0.1,0,,0,0,0.1,0.2,151.5,225,2.8,57,,6.9,,0.2,0.1,0.2,0.3,47.4,,1.4,0.1,0.5,132,0.6
2025-12-15,7:00 PM,Black Bean Crunch Wrap Supreme No Cheese,serving,1,100,460,13,72,13,,,,,,,,,200,5,,,,,,4,,8,,,5.4,,,,,,,,,,,,,,,,860,,5,,,,,,,3.6,,,,,
2025-12-15,9:00 PM,Cod Liver Oil,softgel,1,100,10,1,0,0,,,,,,,,,,,,,,,,,,,,,,,,,,,,,100,70,,,,,,,,,,,,,,,300,,10,,,,
2025-12-15,9:00 PM,Creatine Ethyl Ester (Hcl),serving,1,3,10,0,0,2,,,,,,,,,,,,,,,,,,,,,,,,,,,,,,,,,,,,,,,,,,,,,,,,,,,
2025-12-15,9:00 PM,Double Strength Taurine 1000mg Dietary Supplement,capsule,1,100,0,0,0,0,,,,,,,,,,,,,,,,,,,,,,,,,,,,,,,,,,,,,,,,,,,,,,,,,,,
2025-12-15,9:00 PM,Magnesium l-Threonate,capsules,4,0.05,0,0,0,0,,,,,,,,,,,,,,,,,,,,,,,,,144,,,,,,,,,,,,,,,,,,,,,,,,,,
2025-12-15,9:00 PM,Methyl Multi,capsules,2,50,0,0,0,0,,250,10,10,32,100,10,,50,,18,0.5,,,,,,,850,,,,,,50,0.3,,,,,,,,,49.5,50,30,,,,,,,,,125,2.5,67,30,,6.5
2025-12-16,6:35 AM,Eggs Scrambled Frozen Mixture,serving,2,100,262,11,15,26,,0.3,0,0.6,0.2,,0,,34,554,512,0.1,,4.7,3.6,2.1,,,34,,0.5,,,,20,,,,0,0,,,,60,294,45.8,324,,15,,,,,,42,,3.6,1.7,3.6,145,0.3
2025-12-16,6:35 AM,Kielbasa Fully Cooked Grilled,oz,2,28.33,191,17,3,7,,0.4,0.1,0.1,2.1,0.4,0.1,,23.8,41,24,0,0.1,7.1,3,5.6,,,,0.2,0.6,0.3,0.5,0.5,9.1,0,0.2,0.1,0,0,0.1,2.6,0.3,115.6,173.4,11.2,600.7,,1.4,,0.2,0.1,0.2,0.3,5.1,8.3,0.5,0.2,,28,0.9
2025-12-16,6:36 AM,Oatmeal or Rolled Oats Cooked Without Salt,oz,8,28.35,161,3,27,6,,,0.2,0,0.5,0.7,0,,20.4,,17,0.2,0.2,1,1.3,0.7,,3.9,13.6,0.1,2,0.3,0.5,0.3,61.2,1.3,0.1,0,,,0,1.2,0.3,174.6,158.8,12.2,9.1,,0.6,,0.2,0.1,0.2,0.4,,,,0.2,0.7,190,2.3
2025-12-16,10:00 AM,Quest Protein Bar - Chocolate Chip Cookie Dough,bar - each 2.1 OZ,1,60,205,9,21,21,,0.1,0.1,0.2,0.5,0.4,0,1,120,1,23,0.1,0.4,4.6,1.3,2.5,,14,7.1,0.4,0.6,1,1.9,1.6,44.6,0.3,0.4,0,,,0,1.3,0.7,147.8,150,3,200.2,,2.6,,1,0.4,0.5,1,7.9,0.1,,2.9,0.8,8,1
2025-12-16,5:00 PM,Dark Chocolate Peppermint Bark,square,1,12,60,5,6,1,,,,,,,,,20,,,,,,,2.5,,,,,0.4,,,,,,,,,,,,,,,,5,,5,,,,,,,,,,,,
2025-12-16,5:00 PM,Focaccia Italian Flatbread Plain,g,25,1,62,2,9,2,,,0.1,0.1,0.9,0.2,0,,8.8,,1,0,,1.4,0.2,0.2,,0.5,34.5,,0.8,,,,5,0.1,,,,,,,,32,28.5,4,140.3,,0.4,,,,,,0,,,0.4,1.4,11,0.3
2025-12-16,6:29 PM,bean chili,g,250,1,149,2,28,8,,,0.2,0.2,2.1,0.5,0.3,,69.9,,34,0.3,0.1,0.9,0.5,0.3,,9,83.8,0.2,3.1,0.3,0.6,0.5,61.7,0.5,0.1,0,,,,,0.4,159.3,684.9,2.1,497.6,0.1,5.6,,0.3,0.1,0.2,0.4,,17.7,,1.9,9.8,209,1
2025-12-16,6:29 PM,ground turkey,g,100,1,258,17,0,25,,1.6,0.1,0.3,7.7,1.4,0.5,,49,106,77,0.2,0.3,6,4.6,4.6,0.2,,7,0.7,2,1.1,2.1,2.3,28,0,0.7,0.2,0,0,,,1,263,276,36.1,85,,,,1.2,0.3,0.9,1.2,,,,0.1,,57,3.6
2025-12-16,9:00 PM,Cod Liver Oil,softgel,1,100,10,1,0,0,,,,,,,,,,,,,,,,,,,,,,,,,,,,,100,70,,,,,,,,,,,,,,,300,,10,,,,
2025-12-16,9:00 PM,Creatine Ethyl Ester (Hcl),serving,1,3,10,0,0,2,,,,,,,,,,,,,,,,,,,,,,,,,,,,,,,,,,,,,,,,,,,,,,,,,,,
2025-12-16,9:00 PM,Double Strength Taurine 1000mg Dietary Supplement,capsule,1,100,0,0,0,0,,,,,,,,,,,,,,,,,,,,,,,,,,,,,,,,,,,,,,,,,,,,,,,,,,,
2025-12-16,9:00 PM,Magnesium l-Threonate,capsules,4,0.05,0,0,0,0,,,,,,,,,,,,,,,,,,,,,,,,,144,,,,,,,,,,,,,,,,,,,,,,,,,,
2025-12-16,9:00 PM,Methyl Multi,capsules,2,50,0,0,0,0,,250,10,10,32,100,10,,50,,18,0.5,,,,,,,850,,,,,,50,0.3,,,,,,,,,49.5,50,30,,,,,,,,,125,2.5,67,30,,6.5
2025-12-16,9:03 PM,Horchata Inspired Ice Cream,cup,0.75,183.58,347,20,37,6,,,,,,,,,156.7,84,,,,,,12.3,,,,,0.2,,,,,,,,,,,,,,156.7,,151.1,,32.5,,,,,,,,,,,,
2025-12-17,7:52 AM,chicken,g,130,1,286,17,0,31,,1,0.1,0.2,9.1,1.3,0.4,,16.9,122,,0.1,0.4,6.8,3.7,4.8,,,29.9,0.9,2.1,1.5,2.3,2.5,26,0,0.8,,0,0,,,1.2,232.7,265.2,20.4,92.3,,,,1.3,0.3,1,1.5,,0.5,,,,81,2.2
2025-12-17,7:52 AM,lingonberry jam,g,10,1,16,0,4,0,,,0,0,0,0,0,,0.4,,0,0,0,0,0,0,,0.2,0.4,0,0,0,0,0,0.4,0,0,,,,,,0,0.8,5,0,0.1,0,3.9,,0,0,0,0,,0.6,,0,1.2,6,0
2025-12-17,7:52 AM,sourdough,g,75,1,204,2,39,8,,,0.5,0.3,3.6,0.3,0.1,,39,,6,0.1,,0.3,0.6,0.4,0,1.6,92.3,,2.9,,,,24,0.4,,0,,,,,,78.8,87.8,21.4,451.5,33.2,3.5,,,,,,,,,0.2,0.5,25,0.8
2025-12-17,7:52 AM,syrup,g,10,1,27,0,7,0,,,0,0,0,0,,,0.5,,,0,,0,0,0,,,,,0,,,,0.2,0,,,,,,,,1,0.6,0,6.1,,4.2,,,,,,,,,,,3,0
2025-12-17,7:52 AM,whole milk,g,30,1,18,1,1,1,,0.1,0,0.1,0,0.1,0,,33.9,3,4,0,0,0.2,0.1,0.6,,,1.5,0,0,0,0.1,0.1,3,0,0,,,,,,0,25.2,39.6,1.1,12.9,,1.5,,0,0,0,0.1,,,,0,0.1,26,0.1
2025-12-17,1:18 PM,Supremus Maximus Supreme Pizza,pizza,0.5,710,825,47,67,35,,,,,,,,,527.5,113,,,,,,20,,5,,,,,,,,,,,,,,,,,677.5,,1750,,7.5,2.5,,,,,,,2.5,,,,
2025-12-17,9:00 PM,Cod Liver Oil,softgel,1,100,10,1,0,0,,,,,,,,,,,,,,,,,,,,,,,,,,,,,100,70,,,,,,,,,,,,,,,300,,10,,,,
2025-12-17,9:00 PM,Creatine Ethyl Ester (Hcl),serving,1,3,10,0,0,2,,,,,,,,,,,,,,,,,,,,,,,,,,,,,,,,,,,,,,,,,,,,,,,,,,,
2025-12-17,9:00 PM,Double Strength Taurine 1000mg Dietary Supplement,capsule,1,100,0,0,0,0,,,,,,,,,,,,,,,,,,,,,,,,,,,,,,,,,,,,,,,,,,,,,,,,,,,
2025-12-17,9:00 PM,Magnesium l-Threonate,capsules,4,0.05,0,0,0,0,,,,,,,,,,,,,,,,,,,,,,,,,144,,,,,,,,,,,,,,,,,,,,,,,,,,
2025-12-17,9:00 PM,Methyl Multi,capsules,2,50,0,0,0,0,,250,10,10,32,100,10,,50,,18,0.5,,,,,,,850,,,,,,50,0.3,,,,,,,,,49.5,50,30,,,,,,,,,125,2.5,67,30,,6.5
2025-12-18,7:00 AM,evoo,g,5,1,44,5,0,0,,,,,,,,,0.1,,0,,,3.6,0.5,0.7,,,,,0,,,,,,,,,,,,,,0.1,,0.1,,,,,,,,,,,0.7,3,,
2025-12-18,7:00 AM,foccacia,g,60,1,149,5,21,5,,,0.3,0.2,2.2,0.4,0.1,,21,,2,0.1,,3.4,0.6,0.5,,1.1,82.8,,1.9,,,,12,0.2,,,,,,,,76.8,68.4,9.5,336.6,,1.1,,,,,,,,,0.9,3.4,28,0.8
2025-12-18,7:00 AM,syrup,g,10,1,27,0,7,0,,,0,0,0,0,,,0.5,,,0,,0,0,0,,,,,0,,,,0.2,0,,,,,,,,1,0.6,0,6.1,,4.2,,,,,,,,,,,3,0
2025-12-18,12:00 PM,Chicken Sausage,large link - bun or griller size,1,75,143,9,3,11,,0.1,0,0.1,2.8,0.4,0.1,,11.9,37,27,0,0.1,3.7,2.1,2.6,,0,3.7,0.3,1,0.5,0.8,0.9,9.2,0,0.3,0.1,0,0,0.1,1.9,0.4,67.1,90.7,9.3,642.6,,2.1,2,0.4,0.1,0.3,0.5,43.4,,0.1,0.1,2,50,0.9
2025-12-18,12:00 PM,"Hot Dog Bun, Whole Grain White","regular - 6 x 2"" x 1 1/2""""",1,43,102,1,19,5,,,0.2,0.1,1.9,0.2,0,,294.1,,3,0.1,0.1,0.2,0.4,0.3,,4,54.6,0.1,2.1,0.2,0.3,0.1,11.2,0.3,0.1,0,,0,0,0.4,0.2,44.3,54.6,6.9,205.5,,2.1,1.8,0.1,0.1,0.1,0.2,0.1,,,0.2,3.3,17,0.4
2025-12-18,12:00 PM,Sauerkraut,tbsp,5,14.75,14,0,3,1,,,0,0,0.1,0.1,0.1,,22.1,,8,0.1,0,0,0,0,,2.1,17.7,0,1.1,0,0,0,9.6,0.1,0,0,,,0,0,0,14.8,125.4,0.4,487.5,,1,,0,0,0,0,0.6,10.8,,0.1,9.6,68,0.1
2025-12-18,12:00 PM,Tortilla Style Nacho Cheese Protein Chips,bag,1,32,140,6,5,18,,,,,,,,,180,10,,,,,,1,,1,,,0.2,,,,,,,,,,,,,,40,,340,,1,,,,,,,,,,,,
2025-12-18,6:00 PM,Horchata Inspired Ice Cream,cup,0.375,183.58,174,10,18,3,,,,,,,,,78.4,42,,,,,,6.2,,,,,0.1,,,,,,,,,,,,,,78.4,,75.6,,16.2,,,,,,,,,,,,
2025-12-18,6:00 PM,Panda Express Fried Rice,child size - order (Kids' Meal),1,175.77,346,10,56,8,,0.2,0.3,0.1,3.1,1,0.2,,37.9,60,55,0.2,0.2,2.4,4.6,1.8,,1.7,65.7,0.2,2.7,0.4,0.6,0.4,30.2,1,0.2,0.5,0,,0.5,4.1,0.4,124.8,153.5,22.6,566.8,,1.3,,0.3,0.1,0.3,0.5,116.2,2.7,0.3,1.3,31.9,100,1.2
2025-12-18,6:00 PM,Panda Express Fried Rice,child size - order (Kids' Meal),1,175.77,346,10,56,8,,0.2,0.3,0.1,3.1,1,0.2,,37.9,60,55,0.2,0.2,2.4,4.6,1.8,,1.7,65.7,0.2,2.7,0.4,0.6,0.4,30.2,1,0.2,0.5,0,,0.5,4.1,0.4,124.8,153.5,22.6,566.8,,1.3,,0.3,0.1,0.3,0.5,116.2,2.7,0.3,1.3,31.9,100,1.2
2025-12-18,9:00 PM,Cod Liver Oil,softgel,1,100,10,1,0,0,,,,,,,,,,,,,,,,,,,,,,,,,,,,,100,70,,,,,,,,,,,,,,,300,,10,,,,
2025-12-18,9:00 PM,Creatine Ethyl Ester (Hcl),serving,1,3,10,0,0,2,,,,,,,,,,,,,,,,,,,,,,,,,,,,,,,,,,,,,,,,,,,,,,,,,,,
2025-12-18,9:00 PM,Double Strength Taurine 1000mg Dietary Supplement,capsule,1,100,0,0,0,0,,,,,,,,,,,,,,,,,,,,,,,,,,,,,,,,,,,,,,,,,,,,,,,,,,,
2025-12-18,9:00 PM,Magnesium l-Threonate,capsules,4,0.05,0,0,0,0,,,,,,,,,,,,,,,,,,,,,,,,,144,,,,,,,,,,,,,,,,,,,,,,,,,,
2025-12-18,9:00 PM,Methyl Multi,capsules,2,50,0,0,0,0,,250,10,10,32,100,10,,50,,18,0.5,,,,,,,850,,,,,,50,0.3,,,,,,,,,49.5,50,30,,,,,,,,,125,2.5,67,30,,6.5
2025-12-19,6:48 AM,"Milk, Whole",g,100,1,60,3,5,3,,0.5,0.1,0.1,0.1,0.4,0.1,,123,12,18,0,0,0.7,0.1,1.9,,,,0.1,,0.2,0.3,0.3,12,,0.1,0,,0,0,0.1,0.2,101,150,1.9,38,,4.6,,0.2,0,0.2,0.2,31.6,,1,0.1,0.3,88,0.4
2025-12-19,6:48 AM,Old Country Style Muesli,g,39,1,156,3,26,4,,,,,,,,,15.6,,,,,,,,,4.4,,,1.1,,,,,,,,,,,,,,217.2,,,,5.6,,,,,,,,,,,,
2025-12-19,9:16 AM,Chicken Breast Grilled Boneless Skinless,g,97,1,144,3,0,29,,0.2,0.1,0.2,10.8,1.4,1,,5.8,103,105,0,0.3,1.3,0.7,1,,,,1.1,0.4,1.4,2.4,2.8,30.1,0,0.7,0,0,0,0,0.5,1.2,241.5,407.4,41.1,208.5,,,,1.3,0.4,1,1.5,9.7,,,0.3,,65,0.8
2025-12-19,12:00 PM,"Milk, Whole",g,100,1,60,3,5,3,,0.5,0.1,0.1,0.1,0.4,0.1,,123,12,18,0,0,0.7,0.1,1.9,,,,0.1,,0.2,0.3,0.3,12,,0.1,0,,0,0,0.1,0.2,101,150,1.9,38,,4.6,,0.2,0,0.2,0.2,31.6,,1,0.1,0.3,88,0.4
2025-12-19,2:00 PM,Panda Express Fried Rice,g,250,1,493,14,79,11,,0.3,0.5,0.2,4.4,1.4,0.3,,53.9,85,79,0.2,0.2,3.5,6.6,2.5,,2.4,93.4,0.3,3.9,0.5,0.9,0.5,43,1.4,0.3,0.7,0,,0.7,5.8,0.6,177.5,218.3,32.1,806.2,,1.9,,0.5,0.1,0.4,0.7,165.3,3.8,0.5,1.8,45.4,142,1.8
2025-12-19,5:00 PM,chocolate chip cookie,"medium (3 diameter)""",0.5,30,74,4,10,1,,0,0,0,0.4,,0,2,3.1,,2,0,0,0.9,1.3,1.2,0.1,0.3,10.8,0,0.8,0,0,0,6.2,0.1,0,0.1,,,,,0,16.4,25.6,0.6,46.6,4.2,4.9,,0,0,0,0,,,,0.3,5.1,1,0.1
2025-12-19,5:00 PM,deviled eggs,half large egg,1.5,30.45,103,9,1,5,,0.3,0,0.2,0,0.6,0.1,,24.8,142,113,0,0.1,2.6,3.8,2,0,0.2,18.1,0.1,0.7,0.3,0.4,0.4,6,0.1,0.1,0.4,0,,,,0.3,77.4,62.7,11.9,104.1,0,0.2,,0.2,0.1,0.2,0.3,,0,,0.6,12.4,31,0.5
2025-12-19,5:00 PM,foccacia,g,30,1,75,2,11,3,,,0.1,0.1,1.1,0.2,0,,10.5,,1,0,,1.7,0.3,0.3,,0.5,41.4,,0.9,,,,6,0.1,,,,,,,,38.4,34.2,4.8,168.3,,0.5,,,,,,,,,0.4,1.7,14,0.4
2025-12-19,5:00 PM,ground turkey,g,100,1,258,17,0,25,,1.6,0.1,0.3,7.7,1.4,0.5,,49,106,77,0.2,0.3,6,4.6,4.6,0.2,,7,0.7,2,1.1,2.1,2.3,28,0,0.7,0.2,0,0,,,1,263,276,36.1,85,,,,1.2,0.3,0.9,1.2,,,,0.1,,57,3.6
2025-12-19,9:00 PM,Cod Liver Oil,softgel,1,100,10,1,0,0,,,,,,,,,,,,,,,,,,,,,,,,,,,,,100,70,,,,,,,,,,,,,,,300,,10,,,,
2025-12-19,9:00 PM,Creatine Ethyl Ester (Hcl),serving,1,3,10,0,0,2,,,,,,,,,,,,,,,,,,,,,,,,,,,,,,,,,,,,,,,,,,,,,,,,,,,
2025-12-19,9:00 PM,Double Strength Taurine 1000mg Dietary Supplement,capsule,1,100,0,0,0,0,,,,,,,,,,,,,,,,,,,,,,,,,,,,,,,,,,,,,,,,,,,,,,,,,,,
2025-12-19,9:00 PM,Magnesium l-Threonate,capsules,4,0.05,0,0,0,0,,,,,,,,,,,,,,,,,,,,,,,,,144,,,,,,,,,,,,,,,,,,,,,,,,,,
2025-12-19,9:00 PM,Methyl Multi,capsules,2,50,0,0,0,0,,250,10,10,32,100,10,,50,,18,0.5,,,,,,,850,,,,,,50,0.3,,,,,,,,,49.5,50,30,,,,,,,,,125,2.5,67,30,,6.5
2025-12-20,7:00 AM,Caramel Cashew Protein Bar,serving,1,55,200,8,18,20,,,,,,,,,160,5,,,,,,3,,3,,,0.6,,,,,,,,,,,,,,150,,80,,1,,,,,,,,,,,,
2025-12-20,7:00 AM,milk,oz,4,30.5,61,2,6,4,,0.6,0,0.2,0.1,0.4,0,,146.4,10,20,0,0,0.7,0.1,1.5,0.1,,6.1,0.1,0,0.2,0.4,0.3,13.4,0,0.1,0,,,,,0.2,112.2,170.8,3,57.3,,6.2,,0.2,0.1,0.2,0.3,,0.2,,0,0.2,109,0.6
2025-12-20,7:00 AM,pecorino,g,30,1,116,8,1,10,,0.3,0,0.1,0,0.1,0,,319.2,31,5,0,0.1,2.4,0.2,5.1,,,2.1,0.4,0.2,0.5,0.9,0.9,12.3,0,0.3,,,,,,0.5,228,25.8,4.3,429.9,,0.2,,0.4,0.1,0.5,0.7,,,,0.1,0.7,9,0.8
2025-12-20,1:57 PM,Chicken Breast Grilled Boneless Skinless,g,149,1,221,5,0,44,,0.3,0.1,0.3,16.5,2.2,1.5,,8.9,158,161,0.1,0.5,2,1.1,1.5,,,,1.6,0.6,2.2,3.6,4.2,46.2,0,1.1,0,0,0,0,0.8,1.8,371,625.8,63.2,320.3,,,,2,0.6,1.6,2.3,14.9,,,0.5,,99,1.2
2025-12-20,1:57 PM,Organic Greek Plain Whole Milk Yogurt,cup,0.75,226.67,150,6,7,16,,,,,,,,,170,25,,,,,,3.5,,,,,,,,,,,,,,,,,,,200,,65,,5,,,,,,,,,,,,
2025-12-20,5:00 PM,Focaccia Italian Flatbread Plain,g,40,1,100,3,14,4,,,0.2,0.1,1.5,0.3,0,,14,,1,0,,2.3,0.4,0.4,,0.7,55.2,,1.3,,,,8,0.1,,,,,,,,51.2,45.6,6.4,224.4,,0.7,,,,,,0,,,0.6,2.3,18,0.5
2025-12-20,9:00 PM,Cod Liver Oil,softgel,1,100,10,1,0,0,,,,,,,,,,,,,,,,,,,,,,,,,,,,,100,70,,,,,,,,,,,,,,,300,,10,,,,
2025-12-20,9:00 PM,Creatine Ethyl Ester (Hcl),serving,1,3,10,0,0,2,,,,,,,,,,,,,,,,,,,,,,,,,,,,,,,,,,,,,,,,,,,,,,,,,,,
2025-12-20,9:00 PM,Double Strength Taurine 1000mg Dietary Supplement,capsule,1,100,0,0,0,0,,,,,,,,,,,,,,,,,,,,,,,,,,,,,,,,,,,,,,,,,,,,,,,,,,,
2025-12-20,9:00 PM,Magnesium l-Threonate,capsules,4,0.05,0,0,0,0,,,,,,,,,,,,,,,,,,,,,,,,,144,,,,,,,,,,,,,,,,,,,,,,,,,,
2025-12-20,9:00 PM,Methyl Multi,capsules,2,50,0,0,0,0,,250,10,10,32,100,10,,50,,18,0.5,,,,,,,850,,,,,,50,0.3,,,,,,,,,49.5,50,30,,,,,,,,,125,2.5,67,30,,6.5
2025-12-21,6:00 AM,chocolate chip cookie,"medium (3 diameter)""",0.5,30,74,4,10,1,,0,0,0,0.4,,0,2,3.1,,2,0,0,0.9,1.3,1.2,0.1,0.3,10.8,0,0.8,0,0,0,6.2,0.1,0,0.1,,,,,0,16.4,25.6,0.6,46.6,4.2,4.9,,0,0,0,0,,,,0.3,5.1,1,0.1
2025-12-21,6:00 AM,whole milk,oz,4,30.5,74,4,6,4,,0.5,0.1,0.2,0.1,0.5,0,,137.9,12,17,0,0,1,0.2,2.3,,,6.1,0.1,0,0.2,0.4,0.3,12.2,0,0.1,,,,,,0.2,102.5,161,4.5,52.5,,6.2,,0.2,0,0.2,0.3,,,,0.1,0.4,108,0.5
2025-12-21,1:00 PM,Focaccia Italian Flatbread Plain,g,40,1,100,3,14,4,,,0.2,0.1,1.5,0.3,0,,14,,1,0,,2.3,0.4,0.4,,0.7,55.2,,1.3,,,,8,0.1,,,,,,,,51.2,45.6,6.4,224.4,,0.7,,,,,,0,,,0.6,2.3,18,0.5
2025-12-21,1:00 PM,Olive Oil,tbsp,1,13.5,119,14,0,0,,,,,,,,,0.1,,0,,,9.8,1.4,1.9,,,,,0.1,,,,,,,0.1,,,0.1,1.3,,,0.1,,0.3,,,,,,,,,,,1.9,8.1,,
2025-12-21,1:00 PM,Turkey Chili,g,300,1,229,8,25,18,,0.7,0.1,0.2,5.1,0.7,0.5,2,111.9,40,,0.4,,2.9,2,2.1,,6.7,47.4,,3.7,,,,59.4,0.6,,,,,,,,234.5,707.1,11.3,623.7,,6.6,,,,,,,46.9,,2.4,9.3,,2.3
2025-12-21,6:00 PM,Batter Fried Chicken Wing Meat and Skin,oz,2,28.35,184,12,6,11,,0.1,0.1,0.1,3,0.4,0.2,,11.3,45,,0,0.2,5.1,2.9,3.3,,0.2,10.2,0.3,0.7,0.5,0.8,0.8,9.1,0,0.3,,0,0,,,0.4,68.6,78.2,14.6,181.4,,,,0.5,0.1,0.4,0.5,19.3,,,,,26,0.8
2025-12-21,6:00 PM,"Beef Brisket Flat Cut Braised Trimmed to 1/8 Fat All Grades""",oz,2,28.33,164,10,0,16,,1.2,0,0.1,2.3,0.3,0.2,,9.1,60,62,0.1,0.2,4.5,0.4,4.1,,,5.1,0.5,1.4,0.7,1.2,1.3,10.8,0,0.4,,,,,,0.6,99.2,131.5,15.4,27.2,,,,0.6,0.1,0.5,0.8,,,,0.3,1,30,3.8
2025-12-21,6:00 PM,Mac and Cheese,oz,3,28.35,228,10,25,10,,,,,,,,,149.7,51,,,,1.8,0.3,6,,,,,1.6,,,,,,,,,,,,,,,,371.3,,2.4,,,,,,,,,,,,
2025-12-21,6:00 PM,Merlot Red Wine,oz,3,28.35,71,0,2,0,9,,0,0,0.2,0,0,,6.8,,,0,,,,,,,0.9,,0.4,,,,10.2,0.1,,,,,,,,19.6,108,0.2,3.4,,0.5,,,,,,,,,,,74,0.1
2025-12-21,9:00 PM,Cod Liver Oil,softgel,1,100,10,1,0,0,,,,,,,,,,,,,,,,,,,,,,,,,,,,,100,70,,,,,,,,,,,,,,,300,,10,,,,
2025-12-21,9:00 PM,Creatine Ethyl Ester (Hcl),serving,1,3,10,0,0,2,,,,,,,,,,,,,,,,,,,,,,,,,,,,,,,,,,,,,,,,,,,,,,,,,,,
2025-12-21,9:00 PM,Double Strength Taurine 1000mg Dietary Supplement,capsule,1,100,0,0,0,0,,,,,,,,,,,,,,,,,,,,,,,,,,,,,,,,,,,,,,,,,,,,,,,,,,,
2025-12-21,9:00 PM,Magnesium l-Threonate,capsules,4,0.05,0,0,0,0,,,,,,,,,,,,,,,,,,,,,,,,,144,,,,,,,,,,,,,,,,,,,,,,,,,,
2025-12-21,9:00 PM,Methyl Multi,capsules,2,50,0,0,0,0,,250,10,10,32,100,10,,50,,18,0.5,,,,,,,850,,,,,,50,0.3,,,,,,,,,49.5,50,30,,,,,,,,,125,2.5,67,30,,6.5
2025-12-22,7:00 AM,Caramel Cashew Protein Bar,serving,1,55,200,8,18,20,,,,,,,,,160,5,,,,,,3,,3,,,0.6,,,,,,,,,,,,,,150,,80,,1,,,,,,,,,,,,
2025-12-22,7:00 AM,foccacia,g,70,1,174,6,25,6,,,0.3,0.2,2.6,0.5,0.1,,24.5,,2,0.1,,4,0.7,0.6,,1.3,96.6,,2.2,,,,14,0.3,,,,,,,,89.6,79.8,11.1,392.7,,1.2,,,,,,,,,1,4,32,0.9
2025-12-22,11:52 AM,brown rice,cup,0.75,195,164,1,34,3,,,0.1,0,1.9,0.6,0.2,,14.6,,,0.1,0,0.4,0.4,0.2,,2.6,5.8,0.1,0.8,0.1,0.3,0.1,64.3,1.6,0.1,,,,,,0.2,112.6,115.5,,1.5,,,,0.1,0,0.1,0.2,,,,,,107,0.9
2025-12-22,11:52 AM,chicken breast,oz,8,28.35,374,8,0,70,,0.8,0.2,0.3,31.1,2.2,1.4,,34,193,193,0.1,0.9,2.8,1.7,2.3,,,9.1,2.2,2.4,3.7,5.3,6,65.8,0,1.9,,0,0,,,2.8,517.1,580.6,62.6,167.8,,,,3,0.8,2.4,3.5,,,,0.6,0.7,148,2.3
2025-12-22,11:52 AM,zucchini,g,100,1,15,0,3,1,,,0,0,0.5,0.3,0.1,,18,,9,0.1,0,0,0.2,0.1,,1,28,0,0.4,0,0,0,19,0.2,0,,,,,,0,37,264,0.2,3,,1.7,,0,0,0,0,,12.9,,0.1,4.2,95,0.3
2025-12-22,3:00 PM,"Biscotti, Non-Chocolate, Nuts",each,1,23.16,102,6,11,2,0,0,0.1,0.1,0.6,0.1,0,,20.3,16,13,0.1,0,3.1,0.7,1.2,,0.9,14.3,0.1,0.6,0.1,0.2,0.1,16.4,0.5,0,0,0,0,0,0.7,0.1,40.9,57.2,2.3,40,,5,4.7,0.1,0,0.1,0.1,18.2,0.1,0.1,1.4,0.6,4,0.3
2025-12-22,8:09 PM,Sourdough Bread,g,60,1,163,1,31,6,,,0.4,0.3,2.9,0.3,0.1,,31.2,,5,0.1,0.1,0.2,0.5,0.3,,1.3,73.8,0.1,2.3,0.2,0.4,0.2,19.2,0.3,0.1,0,,,0,0.5,0.3,63,70.2,17.2,361.2,,2.8,,0.2,0.1,0.1,0.3,,,,0.1,0.4,20,0.6
2025-12-22,8:10 PM,Chicken Breast Grilled Boneless Skinless,g,185,1,274,6,0,55,,0.4,0.1,0.4,20.5,2.7,1.8,,11.1,196,200,0.1,0.6,2.4,1.3,1.9,,,,2,0.8,2.7,4.5,5.3,57.4,0,1.4,0,0,0,0.1,1,2.2,460.7,777,78.4,397.8,,,,2.4,0.7,2,2.8,18.5,,,0.6,,123,1.5
2025-12-22,8:10 PM,Green Beans Boiled With Salt,cup,1,125,44,0,10,2,,,0.1,0.1,0.8,0.1,0.1,,55,,21,0.1,0,0,0.2,0.1,,4,41.3,0,0.8,0.1,0.1,0.1,22.5,0.4,0,,,,,,0.1,36.3,182.5,0.3,298.8,,4.5,,0.1,0,0.1,0.1,43.8,12.1,,0.6,59.9,112,0.3
2025-12-22,8:10 PM,"Lowbush Cranberries (Lingonberries), Alaska Native",g,20,1,11,0,2,0,,,0,0,0.1,0.1,0,,5.2,,1,0,0,0,0.1,0,,0.5,0.2,0,0.1,0,0,0,1.8,0.6,0,0,,,0,0,0,4.2,18.6,,0.8,,0.9,,0,0,0,0,0.9,4.2,,0.3,1,17,0
2025-12-22,9:00 PM,Cod Liver Oil,softgel,1,100,10,1,0,0,,,,,,,,,,,,,,,,,,,,,,,,,,,,,100,70,,,,,,,,,,,,,,,300,,10,,,,
2025-12-22,9:00 PM,Creatine Ethyl Ester (Hcl),serving,1,3,10,0,0,2,,,,,,,,,,,,,,,,,,,,,,,,,,,,,,,,,,,,,,,,,,,,,,,,,,,
2025-12-22,9:00 PM,Double Strength Taurine 1000mg Dietary Supplement,capsule,1,100,0,0,0,0,,,,,,,,,,,,,,,,,,,,,,,,,,,,,,,,,,,,,,,,,,,,,,,,,,,
2025-12-22,9:00 PM,Magnesium l-Threonate,capsules,4,0.05,0,0,0,0,,,,,,,,,,,,,,,,,,,,,,,,,144,,,,,,,,,,,,,,,,,,,,,,,,,,
2025-12-22,9:00 PM,Methyl Multi,capsules,2,50,0,0,0,0,,250,10,10,32,100,10,,50,,18,0.5,,,,,,,850,,,,,,50,0.3,,,,,,,,,49.5,50,30,,,,,,,,,125,2.5,67,30,,6.5
2025-12-23,6:00 AM,blueberries,g,30,1,17,0,4,0,,,0,0,0.1,0,0,,1.8,,2,0,0,0,0,0,,0.7,1.8,0,0.1,0,0,0,1.8,0.1,0,,,,,,0,3.6,23.1,0,0.3,0,3,,0,0,0,0,,2.9,,0.2,5.8,25,0
2025-12-23,6:00 AM,greek yogurt,g,130,1,77,1,5,13,,1,0,0.4,0.3,0.4,0.1,,143,7,20,0,,0.1,0,0.2,0,,9.1,,0.1,,,,14.3,0,,0,,,,,,175.5,183.3,12.6,46.8,,4.2,,,,,,,,,0,,111,0.7
2025-12-23,6:00 AM,honey,g,10,1,30,0,8,0,,,,0,0,0,0,,0.6,,0,0,0,,,,,0,0.2,0,0,0,0,0,0.2,0,0,,,,,,0,0.4,5.2,0.1,0.4,,8.2,,0,0,0,0,,0.1,,,,2,0
2025-12-23,6:00 AM,milk,oz,4,30.5,61,2,6,4,,0.6,0,0.2,0.1,0.4,0,,146.4,10,20,0,0,0.7,0.1,1.5,0.1,,6.1,0.1,0,0.2,0.4,0.3,13.4,0,0.1,0,,,,,0.2,112.2,170.8,3,57.3,,6.2,,0.2,0.1,0.2,0.3,,0.2,,0,0.2,109,0.6
2025-12-23,6:00 AM,pecans,g,20,1,138,14,3,2,,,0.1,0,0.2,0.2,0,,14,,8,0.2,0,8.2,4.3,1.2,,1.9,4.4,0.1,0.5,0.1,0.1,0.1,24.2,0.9,0,,,,,,0.1,55.4,82,0.8,,0.1,0.8,,0.1,0,0,0.1,,0.2,,0.3,0.7,1,0.9
2025-12-23,7:00 AM,Caramel Cashew Protein Bar,serving,1,55,200,8,18,20,,,,,,,,,160,5,,,,,,3,,3,,,0.6,,,,,,,,,,,,,,150,,80,,1,,,,,,,,,,,,
2025-12-23,12:00 PM,grits,oz,4,28.35,74,0,16,1,,,0.1,0.1,0.9,0,0,,1.1,,3,,0,0.1,0.1,0.1,,0.8,30.6,0,0.6,0.1,0.2,0,5.7,0,0,,,,,,0.1,15.9,24.9,3.1,2.3,,0.1,,0.1,0,0.1,0.1,,,,0,,96,0.2
2025-12-23,12:00 PM,shrimp,oz,6,28.33,202,3,3,39,,2.8,0.1,0,4.6,0.9,0.4,,154.7,359,230,0.4,0.5,0.6,1,0.9,,,40.8,0.9,0.5,1.8,3.3,3.7,62.9,0.1,1.1,,0.2,0.2,,,1.7,520.2,289,84.2,1609.9,,,,1.5,0.4,1.5,1.8,,,,3.7,0.7,122,2.8
2025-12-23,4:44 PM,foccacia,g,25,1,62,2,9,2,,,0.1,0.1,0.9,0.2,0,,8.8,,1,0,,1.4,0.2,0.2,,0.5,34.5,,0.8,,,,5,0.1,,,,,,,,32,28.5,4,140.3,,0.4,,,,,,,,,0.4,1.4,11,0.3
2025-12-23,4:44 PM,ice cream,g,80,1,166,9,19,3,,0.3,0,0.2,0.1,0.5,0,,102.4,35,21,0,0,2.4,0.4,5.4,,0.6,4,0.1,0.1,0.2,0.3,0.2,11.2,0,0.1,,,0,,,0.1,84,159.2,1.4,64,,17,,0.1,0,0.1,0.2,,0.5,,0.2,0.2,49,0.6
2025-12-23,7:56 PM,green beans,g,100,1,35,0,8,2,,,0.1,0.1,0.6,0.1,0.1,,44,,17,0.1,0,0,0.1,0.1,,3.2,33,0,0.7,0.1,0.1,0.1,18,0.3,0,,,,,,0.1,29,146,0.2,1,,3.6,,0.1,0,0,0.1,,9.7,,0.5,47.9,89,0.3
2025-12-23,7:56 PM,ground turkey,g,170,1,439,30,0,43,,2.7,0.1,0.4,13.1,2.4,0.8,,83.3,180,130,0.3,0.5,10.3,7.9,7.8,0.3,,11.9,1.3,3.4,1.9,3.5,3.8,47.6,0,1.3,0.4,0,0,,,1.7,447.1,469.2,61.4,144.5,,,,2,0.5,1.5,2,,,,0.2,,96,6.1
2025-12-23,7:56 PM,pesto ravioli,g,100,1,229,13,18,10,,0.4,0.2,0.2,1.1,0.2,0.1,,145.7,23,12,0.1,0.1,5.7,1.8,4.7,0,1.1,44.4,0.3,1.1,0.4,0.8,0.6,24.6,0.5,0.2,0,,,,,0.5,146.8,90.5,20.1,297.8,13.3,0.6,,0.4,0.1,0.4,0.5,,0.8,,1,19.4,58,1.2
2025-12-23,9:00 PM,Cod Liver Oil,softgel,1,100,10,1,0,0,,,,,,,,,,,,,,,,,,,,,,,,,,,,,100,70,,,,,,,,,,,,,,,300,,10,,,,
2025-12-23,9:00 PM,Creatine Ethyl Ester (Hcl),serving,1,3,10,0,0,2,,,,,,,,,,,,,,,,,,,,,,,,,,,,,,,,,,,,,,,,,,,,,,,,,,,
2025-12-23,9:00 PM,Double Strength Taurine 1000mg Dietary Supplement,capsule,1,100,0,0,0,0,,,,,,,,,,,,,,,,,,,,,,,,,,,,,,,,,,,,,,,,,,,,,,,,,,,
2025-12-23,9:00 PM,Magnesium l-Threonate,capsules,4,0.05,0,0,0,0,,,,,,,,,,,,,,,,,,,,,,,,,144,,,,,,,,,,,,,,,,,,,,,,,,,,
2025-12-23,9:00 PM,Methyl Multi,capsules,2,50,0,0,0,0,,250,10,10,32,100,10,,50,,18,0.5,,,,,,,850,,,,,,50,0.3,,,,,,,,,49.5,50,30,,,,,,,,,125,2.5,67,30,,6.5
2025-12-24,7:00 AM,Caramel Cashew Protein Bar,serving,1,55,200,8,18,20,,,,,,,,,160,5,,,,,,3,,3,,,0.6,,,,,,,,,,,,,,150,,80,,1,,,,,,,,,,,,
2025-12-24,7:00 AM,Organic Greek Plain Whole Milk Yogurt,cup,0.75,226.67,150,6,7,16,,,,,,,,,170,25,,,,,,3.5,,,,,,,,,,,,,,,,,,,200,,65,,5,,,,,,,,,,,,
2025-12-24,9:00 AM,Pastry Pastelitos De Guava (Guava Pastries),g,50,1,190,9,24,3,,,0.1,0.1,1.2,0.1,0,,7,5,,0,,4.3,1.4,2.8,,1.1,,,1.1,,,,7.5,0.1,,0.1,0,,0.1,1.1,,28,51.5,8.8,115.5,,8.5,,,,,,,,,0.5,6.3,14,0.2
2025-12-24,4:26 PM,chicken breast,g,105,1,173,4,0,33,,0.4,0.1,0.1,14.4,1,0.6,,15.8,89,90,0.1,0.4,1.3,0.8,1.1,,,4.2,1,1.1,1.7,2.4,2.8,30.4,0,0.9,,0,0,,,1.3,239.4,268.8,29,77.7,,,,1.4,0.4,1.1,1.6,,,,0.3,0.3,69,1.1
2025-12-24,7:00 PM,Neapolitan Pizza Margherita,slice,3,113,522,17,69,21,,,,,,,,,216,33,,,,,,6.9,,2.7,,,6.5,,,,,,,,,,,,,,,,1293,,3.3,,,,,,,11.7,,,,,
2025-12-24,9:00 PM,Cod Liver Oil,softgel,1,100,10,1,0,0,,,,,,,,,,,,,,,,,,,,,,,,,,,,,100,70,,,,,,,,,,,,,,,300,,10,,,,
2025-12-24,9:00 PM,Creatine Ethyl Ester (Hcl),serving,1,3,10,0,0,2,,,,,,,,,,,,,,,,,,,,,,,,,,,,,,,,,,,,,,,,,,,,,,,,,,,
2025-12-24,9:00 PM,Double Strength Taurine 1000mg Dietary Supplement,capsule,1,100,0,0,0,0,,,,,,,,,,,,,,,,,,,,,,,,,,,,,,,,,,,,,,,,,,,,,,,,,,,
2025-12-24,9:00 PM,Magnesium l-Threonate,capsules,4,0.05,0,0,0,0,,,,,,,,,,,,,,,,,,,,,,,,,144,,,,,,,,,,,,,,,,,,,,,,,,,,
2025-12-24,9:00 PM,Methyl Multi,capsules,2,50,0,0,0,0,,250,10,10,32,100,10,,50,,18,0.5,,,,,,,850,,,,,,50,0.3,,,,,,,,,49.5,50,30,,,,,,,,,125,2.5,67,30,,6.5
2025-12-25,6:00 AM,blueberries,g,30,1,17,0,4,0,,,0,0,0.1,0,0,,1.8,,2,0,0,0,0,0,,0.7,1.8,0,0.1,0,0,0,1.8,0.1,0,,,,,,0,3.6,23.1,0,0.3,0,3,,0,0,0,0,,2.9,,0.2,5.8,25,0
2025-12-25,6:00 AM,greek yogurt,g,180,1,106,1,6,18,,1.4,0,0.5,0.4,0.6,0.1,,198,9,27,0,,0.1,0,0.2,0,,12.6,,0.1,,,,19.8,0,,0,,,,,,243,253.8,17.5,64.8,,5.8,,,,,,,,,0,,153,0.9
2025-12-25,6:00 AM,honey,g,10,1,30,0,8,0,,,,0,0,0,0,,0.6,,0,0,0,,,,,0,0.2,0,0,0,0,0,0.2,0,0,,,,,,0,0.4,5.2,0.1,0.4,,8.2,,0,0,0,0,,0.1,,,,2,0
2025-12-25,6:00 AM,pecans,g,20,1,138,14,3,2,,,0.1,0,0.2,0.2,0,,14,,8,0.2,0,8.2,4.3,1.2,,1.9,4.4,0.1,0.5,0.1,0.1,0.1,24.2,0.9,0,,,,,,0.1,55.4,82,0.8,,0.1,0.8,,0.1,0,0,0.1,,0.2,,0.3,0.7,1,0.9
2025-12-25,6:00 AM,pizza,slice,1,107,285,10,36,12,,0.4,0.4,0.2,4.1,,0.1,,201.2,18,18,0.1,0.2,2.8,1.8,4.8,0.2,2.5,99.5,0.4,2.7,0.6,1.2,0.8,25.7,0.4,0.3,0.2,,0,,,0.7,231.1,184,21.3,639.9,28.8,3.8,,0.4,,0.6,0.8,,1.5,,0.9,7.2,46,1.4
2025-12-25,10:49 AM,Cinnamon Roll Centers Blizzard Small,serving,0.2,100,124,4,19,3,,,,,,,,,,17,,,,,,2.8,,,,,,,,,,,,,,,,,,,,,54,,15,,,,,,,,,,,,
2025-12-25,10:49 AM,Happy Hippo Cocoa,package,1,100,120,8,11,1,,,,,,,,,40,5,,,,,,3,,1,,,0.4,,,,,,,,,,,,,,,,20,,9,,,,,,,,,,,,
2025-12-25,3:00 PM,corn,g,20,1,19,0,4,1,,,0,0,0.3,0.2,0,,0.6,,6,0,0,0.1,0.1,0,,0.5,4.6,0,0.1,0,0.1,0,5.2,0,0,,,,,,0,15.4,43.6,0,0.2,1.4,0.9,,0,0,0,0,,1.1,,0,0.1,15,0.1
2025-12-25,3:00 PM,nacho cheese,g,15,1,29,2,1,1,,0.1,0,0,0,0.1,0,,94,7,2,0,0,0.6,0.1,1.3,0.1,0,1.5,0,0.1,0,0,0,3,0,0,0,0,0,,,0,56.8,27.6,1.3,116.4,,0.3,,0,0,0,0,,0.1,,0.1,0.2,10,0.1
2025-12-25,3:00 PM,salami,g,20,1,76,6,0,4,,0.2,0.1,0,1.2,0.2,0.1,,4.8,22,15,0,0,2.9,1,2.3,0.1,,,0.2,0.3,0.2,0.3,0.4,4,0.2,0.1,0,0,0,,,0.2,38.4,72.6,6.7,351.2,,0.1,,0.2,0.1,0.2,0.2,,,,0.1,,8,0.5
2025-12-25,3:00 PM,stuffing,g,30,1,59,4,6,1,,0,0,0,0.4,0,0,,9,,2,0,0,1.7,1.1,0.7,0.6,0.2,11.1,0,0.3,0,0.1,0,3.3,0,0,,,,,,0,11.4,20.1,3.5,143.7,,0.6,,0,0,0,0,,,,0.4,4,19,0.1
2025-12-25,3:00 PM,sweet potatoes,g,30,1,27,0,6,1,,,0,0,0.4,0.3,0.1,,11.4,,4,0,0,0,0,0,,1,1.8,0,0.2,0,0,0,8.1,0.1,0,,,,,,0,16.2,142.5,0.1,10.8,2.1,1.9,,0,0,0,0,,5.9,,0.2,0.7,23,0.1
2025-12-25,3:00 PM,tortilla chips,chip,5,3,71,3,10,1,,0.1,0,0,0.1,0,0,,15.9,,3,0,,0.8,1.6,0.4,,0.8,1.8,,0.2,,,,12.6,0.1,,0,,,,,,33.8,27.3,0.7,49.2,9.4,0.1,,,,,,,,,0.5,3.1,0,0.2
2025-12-25,3:00 PM,turkey breast,g,130,1,191,3,0,39,,0.5,0,0.3,15.3,1.2,1,,11.7,104,110,0.1,0.3,0.8,0.7,0.8,0,,11.7,1,0.9,1,2.4,2.9,41.6,0,0.9,0,0,0,,,1.1,299,323.7,39.3,128.7,,,,1.3,0.4,1,1.1,,,,0.1,,88,2.2
2025-12-25,8:02 PM,Dark Chocolate Raisins,piece,26,1.15,120,6,20,1,,,,,,,,,,,,,,,,3.5,,2,,,1.8,,,,,,,,,,,,,,140,,,,15,,,,,,,,,,,,
2025-12-25,8:02 PM,turkey breast,g,100,1,147,2,0,30,,0.4,0,0.2,11.8,0.9,0.8,,9,80,84,0.1,0.3,0.6,0.5,0.6,0,,9,0.7,0.7,0.8,1.9,2.2,32,0,0.7,0,0,0,,,0.9,230,249,30.2,99,,,,1,0.3,0.8,0.9,,,,0.1,,68,1.7
2025-12-25,9:00 PM,Cod Liver Oil,softgel,1,100,10,1,0,0,,,,,,,,,,,,,,,,,,,,,,,,,,,,,100,70,,,,,,,,,,,,,,,300,,10,,,,
2025-12-25,9:00 PM,Creatine Ethyl Ester (Hcl),serving,1,3,10,0,0,2,,,,,,,,,,,,,,,,,,,,,,,,,,,,,,,,,,,,,,,,,,,,,,,,,,,
2025-12-25,9:00 PM,Double Strength Taurine 1000mg Dietary Supplement,capsule,1,100,0,0,0,0,,,,,,,,,,,,,,,,,,,,,,,,,,,,,,,,,,,,,,,,,,,,,,,,,,,
2025-12-25,9:00 PM,Magnesium l-Threonate,capsules,4,0.05,0,0,0,0,,,,,,,,,,,,,,,,,,,,,,,,,144,,,,,,,,,,,,,,,,,,,,,,,,,,
2025-12-25,9:00 PM,Methyl Multi,capsules,2,50,0,0,0,0,,250,10,10,32,100,10,,50,,18,0.5,,,,,,,850,,,,,,50,0.3,,,,,,,,,49.5,50,30,,,,,,,,,125,2.5,67,30,,6.5
2025-12-26,6:00 AM,Neapolitan Pizza Margherita,slice,1,113,174,6,23,7,,,,,,,,,72,11,,,,,,2.3,,0.9,,,2.2,,,,,,,,,,,,,,,,431,,1.1,,,,,,,3.9,,,,,
2025-12-26,9:00 AM,"Peanut Butter, Salted",g,60,1,353,30,14,14,,,0.1,0.1,10.3,0.7,0.2,,30,,38,0.3,0.1,18.4,5.9,5,,3.8,58.2,0.4,1.1,0.6,1.1,0.6,115.8,1,0.2,0.1,,,0.1,5.9,0.9,235.8,392.4,12.1,255.6,,6.3,5.1,0.5,0.1,0.6,0.7,,,,3.2,0.1,1,1.8
2025-12-26,12:00 PM,Cacio E Pepe Ravioli,g,110,1,292,12,33,11,,,,,,,,,172.3,66,,,,,,8,,1.3,,,0.5,,,,,,,,,,,,,,132.5,,649.4,,6.6,,,,,,,,,,,,
2025-12-26,12:00 PM,Turkey Ground 93% Lean 7% Fat Raw,g,125,1,187,10,0,23,,1.5,0.1,0.2,6.8,1.3,0.4,,26.3,92,66,0.1,0.2,3.5,3.2,2.7,,,8.8,0.7,1.5,1,1.9,2.1,26.3,0,0.7,0.2,0,0,0.2,2.7,0.9,241.3,266.3,23.7,86.3,,,,1.1,0.3,0.8,1.1,27.5,,0.5,0.1,,91,3.2
2025-12-26,8:06 PM,Chinese Restaurant Kung Pao Chicken Without Rice,order,1,604,779,42,41,59,,0.7,0.2,0.3,16.7,3,1.5,,120.8,157,226,0.4,0.6,13.1,18.2,8.2,,9.1,96.6,1.6,4.6,2.6,4.7,2.7,145,1.5,1.4,1.5,0,0,1.5,16.2,2.4,567.8,1316.7,48.9,2428.1,,18.3,,2.5,0.7,2.1,2.8,392.6,42.9,,6.2,82.1,452,4.5
2025-12-26,8:07 PM,Chinese Restaurant Fried Rice Without Meat,cup,1,137,238,4,45,6,,,0,0,0.9,,0,,16.4,25,8,0.1,0.1,0.9,1.5,0.7,,1.5,8.2,0.1,0.9,0.2,0.5,0.2,13.7,0.6,0.2,0.2,0,,0.2,1.3,0.3,69.9,104.1,11.4,530.2,,0.8,,0.2,0.1,0.2,0.3,30.1,5.2,,0.2,3.8,81,1
2025-12-26,9:00 PM,Cod Liver Oil,softgel,1,100,10,1,0,0,,,,,,,,,,,,,,,,,,,,,,,,,,,,,100,70,,,,,,,,,,,,,,,300,,10,,,,
2025-12-26,9:00 PM,Creatine Ethyl Ester (Hcl),serving,1,3,10,0,0,2,,,,,,,,,,,,,,,,,,,,,,,,,,,,,,,,,,,,,,,,,,,,,,,,,,,
2025-12-26,9:00 PM,Double Strength Taurine 1000mg Dietary Supplement,capsule,1,100,0,0,0,0,,,,,,,,,,,,,,,,,,,,,,,,,,,,,,,,,,,,,,,,,,,,,,,,,,,
2025-12-26,9:00 PM,Magnesium l-Threonate,capsules,4,0.05,0,0,0,0,,,,,,,,,,,,,,,,,,,,,,,,,144,,,,,,,,,,,,,,,,,,,,,,,,,,
2025-12-26,9:00 PM,Methyl Multi,capsules,2,50,0,0,0,0,,250,10,10,32,100,10,,50,,18,0.5,,,,,,,850,,,,,,50,0.3,,,,,,,,,49.5,50,30,,,,,,,,,125,2.5,67,30,,6.5
2025-12-27,6:00 AM,lingonberry jam,g,10,1,16,0,4,0,,,0,0,0,0,0,,0.4,,0,0,0,0,0,0,,0.2,0.4,0,0,0,0,0,0.4,0,0,,,,,,0,0.8,5,0,0.1,0,3.9,,0,0,0,0,,0.6,,0,1.2,6,0
2025-12-27,6:00 AM,sourdough,slice,1,64,174,2,33,7,,,0.5,0.3,3.1,0.3,0.1,,33.3,,5,0.1,,0.2,0.5,0.3,0,1.4,78.7,,2.5,,,,20.5,0.4,,0,,,,,,67.2,74.9,18.3,385.3,28.3,3,,,,,,,,,0.1,0.4,21,0.7
2025-12-27,6:00 AM,turkey,g,30,1,57,2,0,9,,0.3,0,0.1,2.9,0.3,0.2,,4.2,33,26,0,0.1,0.8,0.6,0.6,0,,2.7,0.2,0.3,0.2,0.6,0.7,9,0,0.2,0,0,0,,,0.3,66.9,71.7,8.9,30.9,,,,0.3,0.1,0.2,0.3,,,,0,,19,0.7
2025-12-27,1:49 PM,"Blueberries, Fresh",g,35,1,20,0,5,0,,,0,0,0.1,0,0,,4.2,,2,0,0,0,0.1,0,,0.8,2.1,0,0.1,0,0,0,2.1,0.1,0,0,,,0,0,0,4.5,30.1,0,,,3.5,,0,0,0,0,0.9,2.8,,0.2,6.8,29,0
2025-12-27,1:49 PM,Honey,g,5,1,15,0,4,0,,,,0,0,0,0,,0.3,,0,0,0,,,,,0,0.1,0,0,0,0,0,0.1,0,0,,,,,,0,0.2,2.6,0,0.2,,4.1,4.1,0,0,0,0,,0,,,,1,0
2025-12-27,1:49 PM,Natural Pecan Halves,g,25,1,179,18,4,3,,,,,,,,,17.9,,,,,,,1.8,,2.7,,,2.2,,,,,,,,,,,,,,102.7,,,,0.9,,,,,,,,,,,,
2025-12-27,1:49 PM,Organic Greek Plain Whole Milk Yogurt,cup,0.75,226.67,150,6,7,16,,,,,,,,,170,25,,,,,,3.5,,,,,,,,,,,,,,,,,,,200,,65,,5,,,,,,,,,,,,
2025-12-27,6:47 PM,Pastry Pastelitos De Guava (Guava Pastries),piece,1,86,326,16,41,5,,,0.2,0.1,2.1,0.2,0,,12,9,,0.1,,7.3,2.4,4.8,,1.9,,,1.8,,,,12.9,0.2,,0.1,0,,0.1,1.8,,48.2,88.6,15.1,198.7,,14.6,,,,,,,,,0.8,10.8,23,0.4
2025-12-27,9:00 PM,Cod Liver Oil,softgel,1,100,10,1,0,0,,,,,,,,,,,,,,,,,,,,,,,,,,,,,100,70,,,,,,,,,,,,,,,300,,10,,,,
2025-12-27,9:00 PM,Creatine Ethyl Ester (Hcl),serving,1,3,10,0,0,2,,,,,,,,,,,,,,,,,,,,,,,,,,,,,,,,,,,,,,,,,,,,,,,,,,,
2025-12-27,9:00 PM,Double Strength Taurine 1000mg Dietary Supplement,capsule,1,100,0,0,0,0,,,,,,,,,,,,,,,,,,,,,,,,,,,,,,,,,,,,,,,,,,,,,,,,,,,
2025-12-27,9:00 PM,Magnesium l-Threonate,capsules,4,0.05,0,0,0,0,,,,,,,,,,,,,,,,,,,,,,,,,144,,,,,,,,,,,,,,,,,,,,,,,,,,
2025-12-27,9:00 PM,Methyl Multi,capsules,2,50,0,0,0,0,,250,10,10,32,100,10,,50,,18,0.5,,,,,,,850,,,,,,50,0.3,,,,,,,,,49.5,50,30,,,,,,,,,125,2.5,67,30,,6.5
2025-12-28,6:00 AM,blueberries,g,40,1,23,0,6,0,,,0,0,0.2,0,0,,2.4,,2,0,0,0,0.1,0,,1,2.4,0,0.1,0,0,0,2.4,0.1,0,,,,,,0,4.8,30.8,0,0.4,0,4,,0,0,0,0,,3.9,,0.2,7.7,34,0.1
2025-12-28,6:00 AM,greek yogurt,g,180,1,106,1,6,18,,1.4,0,0.5,0.4,0.6,0.1,,198,9,27,0,,0.1,0,0.2,0,,12.6,,0.1,,,,19.8,0,,0,,,,,,243,253.8,17.5,64.8,,5.8,,,,,,,,,0,,153,0.9
2025-12-28,6:00 AM,honey,g,6,1,18,0,5,0,,,,0,0,0,0,,0.4,,0,0,0,,,,,0,0.1,0,0,0,0,0,0.1,0,0,,,,,,0,0.2,3.1,0,0.2,,4.9,,0,0,0,0,,0,,,,1,0
2025-12-28,6:00 AM,pecans,g,30,1,207,22,4,3,,,0.2,0,0.4,0.3,0.1,,21,,12,0.4,0,12.2,6.5,1.9,,2.9,6.6,0.1,0.8,0.1,0.2,0.1,36.3,1.4,0.1,,,,,,0.1,83.1,123,1.1,,0.1,1.2,,0.1,0,0.1,0.1,,0.3,,0.4,1.1,1,1.4
2025-12-28,11:20 AM,Supremus Maximus Supreme Pizza,pizza,0.25,710,413,24,34,18,,,,,,,,,263.8,56,,,,,,10,,2.5,,,,,,,,,,,,,,,,,338.7,,875,,3.7,1.2,,,,,,,1.2,,,,
2025-12-28,11:20 AM,ham,g,145,1,202,7,2,32,,0.7,0.7,0.3,9.6,1.5,0.6,,5.8,93,121,0.3,0.4,2.8,0.9,1.4,0,,1.4,1.4,1.2,1.4,2.6,2.7,31.9,0,0.8,0,,,,,1.3,446.6,500.3,59.6,1416.7,,1.5,,1.4,0.3,1,1.6,,,,0.3,,99,2.6
2025-12-28,5:00 PM,Chicken Pot Pie Frozen Entree,serving,1,217,443,26,42,11,,0.2,0.2,0.1,4.1,0.8,0.2,,43.4,33,27,0.1,0.2,7.8,7.2,9.5,,2.4,76,0.4,1.6,0.5,0.9,0.7,23.9,0.4,0.2,0.5,0,0,0.5,6.4,0.5,156.2,238.7,11.7,852.8,,4.9,,0.5,0.2,0.4,0.5,73.8,2.2,0.2,1.2,23.2,136,0.9
2025-12-28,5:00 PM,Happy Hippo Cocoa,package,1,100,120,8,11,1,,,,,,,,,40,5,,,,,,3,,1,,,0.4,,,,,,,,,,,,,,,,20,,9,,,,,,,,,,,,
2025-12-28,9:00 PM,Cod Liver Oil,softgel,1,100,10,1,0,0,,,,,,,,,,,,,,,,,,,,,,,,,,,,,100,70,,,,,,,,,,,,,,,300,,10,,,,
2025-12-28,9:00 PM,Creatine Ethyl Ester (Hcl),serving,1,3,10,0,0,2,,,,,,,,,,,,,,,,,,,,,,,,,,,,,,,,,,,,,,,,,,,,,,,,,,,
2025-12-28,9:00 PM,Double Strength Taurine 1000mg Dietary Supplement,capsule,1,100,0,0,0,0,,,,,,,,,,,,,,,,,,,,,,,,,,,,,,,,,,,,,,,,,,,,,,,,,,,
2025-12-28,9:00 PM,Magnesium l-Threonate,capsules,4,0.05,0,0,0,0,,,,,,,,,,,,,,,,,,,,,,,,,144,,,,,,,,,,,,,,,,,,,,,,,,,,
2025-12-28,9:00 PM,Methyl Multi,capsules,2,50,0,0,0,0,,250,10,10,32,100,10,,50,,18,0.5,,,,,,,850,,,,,,50,0.3,,,,,,,,,49.5,50,30,,,,,,,,,125,2.5,67,30,,6.5
2025-12-29,6:00 AM,"Bacon, Pork","slice - 6 long""",1,8,37,3,0,3,,0.1,0,0,0.8,0.1,0,,0.9,8,7,0,0,1.2,0.5,1,,,,0.1,0.1,0.1,0.2,0.2,2.5,0,0.1,0,0,0,0,0.4,0.1,31,39.9,4.1,134.7,,0.1,0.1,0.1,0,0.1,0.1,0.9,,0,0,,2,0.2
2025-12-29,6:00 AM,Caramel Cashew Protein Bar,serving,1,55,200,8,18,20,,,,,,,,,160,5,,,,,,3,,3,,,0.6,,,,,,,,,,,,,,150,,80,,1,,,,,,,,,,,,
2025-12-29,6:00 AM,Happy Hippo Cocoa,package,1,100,120,8,11,1,,,,,,,,,40,5,,,,,,3,,1,,,0.4,,,,,,,,,,,,,,,,20,,9,,,,,,,,,,,,
2025-12-29,6:00 AM,Mixed Frozen Vegetables Boiled With Salt,cup,0.5,182,55,0,12,3,,,0.1,0.1,0.8,0.1,0.1,,22.8,,22,0.1,0,0,0.1,0,,4,17.3,0.1,0.7,0.1,0.2,0.2,20,0.3,0,,,,,,0.1,46.4,153.8,0.3,246.6,,2.8,,0.1,0,0.1,0.1,194.7,2.9,,0.3,21.4,76,0.4
2025-12-29,6:00 AM,Sides Biscuits and Gravy,serving,1,100,590,29,64,18,,,,,,,,,,45,,,,,,7,,2,,,,,,,,,,,,,,,,,,,2150,,9,,,,,,,,,,,,
2025-12-29,3:00 PM,Mixed Frozen Vegetables Boiled With Salt,cup,0.5,182,55,0,12,3,,,0.1,0.1,0.8,0.1,0.1,,22.8,,22,0.1,0,0,0.1,0,,4,17.3,0.1,0.7,0.1,0.2,0.2,20,0.3,0,,,,,,0.1,46.4,153.8,0.3,246.6,,2.8,,0.1,0,0.1,0.1,194.7,2.9,,0.3,21.4,76,0.4
2025-12-29,3:00 PM,"Potatoes White, Flesh and Skin, Baked",g,150,1,138,0,32,3,,,0.1,0.1,2.3,0.6,0.3,,15,,22,0.2,0,0,0.1,0.1,,3.2,57,0.1,1,0.1,0.2,0.2,40.5,0.3,0,,,,,,0.1,112.5,816,0.8,10.5,,2.3,,0.1,0,0.1,0.2,1.5,18.9,,0.1,4,113,0.5
2025-12-29,3:00 PM,"Roast Beef, Sirloin Tip, Visible Fat Eaten",g,130,1,265,12,0,40,,2.2,0.1,0.2,7,0.8,0.5,,9.1,117,152,0.1,0.5,5.1,0.5,4.4,,,13,1.3,3.3,1.8,3.2,3.4,26,0,1,0.1,0,0,0.1,0.2,1.6,250.9,327.6,41.2,53.3,,,,1.6,0.3,1.3,2,,,0.2,0.6,1.9,77,6.8
2025-12-29,7:00 PM,Fresh Vegetables,serving,0.25,100,48,4,3,1,,,,,,,,,,,,,,,,1.8,,1.3,,,,,,,,,,,,,,,,,,,105,,1.3,,,,,,,,,,,,
2025-12-29,7:00 PM,Legendary Sides Green Beans,serving,1,100,100,4,13,6,,,,,,,,,,10,,,,,,1,,2,,,,,,,,,,,,,,,,,,,1070,,4,,,,,,,,,,,,
2025-12-29,7:00 PM,Legendary Sides Green Beans,serving,1,100,100,4,13,6,,,,,,,,,,10,,,,,,1,,2,,,,,,,,,,,,,,,,,,,1070,,4,,,,,,,,,,,,
2025-12-29,7:00 PM,Roll With Cinnamon Butter,roll,1,100,227,11,28,5,,,,,,,,,,38,,,,1,3,6,,1,,,,,,,,,,,,,,,,,74,,269,,4,,,,,,,,,,,,
2025-12-29,7:00 PM,Roll With Cinnamon Butter,roll,1,100,227,11,28,5,,,,,,,,,,38,,,,1,3,6,,1,,,,,,,,,,,,,,,,,74,,269,,4,,,,,,,,,,,,
2025-12-29,7:00 PM,Sirloin Steak From Restaurant,oz,6,28.35,332,14,0,51,,4.3,0.1,0.6,9.7,1,1.1,,17,148,,0.2,0.5,6.2,1.1,5.3,,,,1.9,4.4,2.5,4.3,4.3,45.9,0,1.3,0.1,0,0,0.1,0.7,2.2,391.2,644.7,49.3,576.6,,0.9,,2.4,0.7,1.8,3.1,13.6,,,0.9,,102,9.3
2025-12-29,9:00 PM,Cod Liver Oil,softgel,1,100,10,1,0,0,,,,,,,,,,,,,,,,,,,,,,,,,,,,,100,70,,,,,,,,,,,,,,,300,,10,,,,
2025-12-29,9:00 PM,Creatine Ethyl Ester (Hcl),serving,1,3,10,0,0,2,,,,,,,,,,,,,,,,,,,,,,,,,,,,,,,,,,,,,,,,,,,,,,,,,,,
2025-12-29,9:00 PM,Double Strength Taurine 1000mg Dietary Supplement,capsule,1,100,0,0,0,0,,,,,,,,,,,,,,,,,,,,,,,,,,,,,,,,,,,,,,,,,,,,,,,,,,,
2025-12-29,9:00 PM,Magnesium l-Threonate,capsules,4,0.05,0,0,0,0,,,,,,,,,,,,,,,,,,,,,,,,,144,,,,,,,,,,,,,,,,,,,,,,,,,,
2025-12-29,9:00 PM,Methyl Multi,capsules,2,50,0,0,0,0,,250,10,10,32,100,10,,50,,18,0.5,,,,,,,850,,,,,,50,0.3,,,,,,,,,49.5,50,30,,,,,,,,,125,2.5,67,30,,6.5
2025-12-30,7:00 AM,Bueno Mini Milk Chocolate Covered Wafer,bar,2,5.4,62,4,5,1,,,,,,,,,,,,,,,,1,,,,,,,,,,,,,,,,,,,,,,,4.4,,,,,,,,,,,,
2025-12-30,7:00 AM,Pork Pasteles,g,20,1,24,1,3,1,,,,,,,,,2.8,2,,,,,,0.2,,0.3,,,0.1,,,,,,,,,,,,,,,,71.8,,2.3,,,,,,,1.3,,,,,
2025-12-30,8:00 AM,"Eggs, Cooked",large,3,50,233,16,2,19,,1.7,0.1,0.8,0.1,2.1,0.2,,75,560,441,0,0.4,6.1,2.1,4.9,,,66,0.4,1.8,1,1.6,1.4,15,0,0.6,0,0.1,0,0.1,2,1,258,189,46.2,186,,1.7,,0.9,0.2,0.8,1.2,224,,3.3,1.5,0.4,112,1.6
2025-12-30,8:00 AM,Focaccia Italian Flatbread Plain,g,100,1,249,8,36,9,,,0.5,0.3,3.7,0.6,0.1,,35,,3,0.1,,5.7,1,0.9,,1.8,138,,3.2,,,,20,0.4,,,,,,,,128,114,15.9,561,,1.8,,,,,,0.1,,,1.4,5.7,46,1.3
2025-12-30,8:00 AM,Pastry Pastelitos De Guava (Guava Pastries),piece,1,86,326,16,41,5,,,0.2,0.1,2.1,0.2,0,,12,9,,0.1,,7.3,2.4,4.8,,1.9,,,1.8,,,,12.9,0.2,,0.1,0,,0.1,1.8,,48.2,88.6,15.1,198.7,,14.6,,,,,,,,,0.8,10.8,23,0.4
2025-12-30,11:00 AM,Italian Pork Salami,oz,1,28,119,10,0,6,,0.8,0.3,0.1,1.6,0.3,0.2,,2.8,22,,0,0.1,5.1,1,3.7,,,0.6,0.2,0.4,0.3,0.5,0.5,6.2,0,0.1,,,,,,0.3,64.1,95.2,7.1,529.2,,0.3,,0.3,0.1,0.2,0.3,,,,,,10,1.2
2025-12-30,11:00 AM,Pecorino Romano Cheese,oz,0.5,28.35,56,5,0,4,,,,,,,,,131.6,13,,,,,,3,,,,,,,,,,,,,,,,,,,,,288.6,,,,,,,,,,,,,,
2025-12-30,11:00 AM,"Spaghetti, With Carbonara Sauce",g,100,1,220,9,25,9,,0.3,0.2,0.2,1.7,0.3,0.1,,67.1,65,46,0.1,0.1,2.4,0.9,4.2,,1.5,62.6,0.2,1.2,0.4,0.7,0.5,19,0.3,0.2,0.1,0,0,0.1,0.7,0.5,121.7,93.9,27.7,276.6,,1.1,0,0.4,0.1,0.3,0.5,71.4,0.4,0.4,0.2,0.5,67,0.9
2025-12-30,8:59 PM,Chicken Breast Grilled Boneless Skinless,g,202,1,299,7,0,60,,0.4,0.2,0.5,22.4,3,2,,12.1,214,218,0.1,0.6,2.7,1.4,2,,,,2.2,0.9,2.9,4.9,5.7,62.6,0,1.5,0,0,0,0.1,1.1,2.4,503,848.4,85.6,434.3,,,,2.7,0.8,2.1,3.1,20.2,,,0.7,,134,1.7
2025-12-30,8:59 PM,Green Beans Boiled With Salt,cup,1,125,44,0,10,2,,,0.1,0.1,0.8,0.1,0.1,,55,,21,0.1,0,0,0.2,0.1,,4,41.3,0,0.8,0.1,0.1,0.1,22.5,0.4,0,,,,,,0.1,36.3,182.5,0.3,298.8,,4.5,,0.1,0,0.1,0.1,43.8,12.1,,0.6,59.9,112,0.3
2025-12-30,9:00 PM,Cod Liver Oil,softgel,1,100,10,1,0,0,,,,,,,,,,,,,,,,,,,,,,,,,,,,,100,70,,,,,,,,,,,,,,,300,,10,,,,
2025-12-30,9:00 PM,Creatine Ethyl Ester (Hcl),serving,1,3,10,0,0,2,,,,,,,,,,,,,,,,,,,,,,,,,,,,,,,,,,,,,,,,,,,,,,,,,,,
2025-12-30,9:00 PM,Double Strength Taurine 1000mg Dietary Supplement,capsule,1,100,0,0,0,0,,,,,,,,,,,,,,,,,,,,,,,,,,,,,,,,,,,,,,,,,,,,,,,,,,,
2025-12-30,9:00 PM,Magnesium l-Threonate,capsules,4,0.05,0,0,0,0,,,,,,,,,,,,,,,,,,,,,,,,,144,,,,,,,,,,,,,,,,,,,,,,,,,,
2025-12-30,9:00 PM,Methyl Multi,capsules,2,50,0,0,0,0,,250,10,10,32,100,10,,50,,18,0.5,,,,,,,850,,,,,,50,0.3,,,,,,,,,49.5,50,30,,,,,,,,,125,2.5,67,30,,6.5
2025-12-31,7:00 AM,Bueno Mini Milk Chocolate Covered Wafer,bar,2,5.4,62,4,5,1,,,,,,,,,,,,,,,,1,,,,,,,,,,,,,,,,,,,,,,,4.4,,,,,,,,,,,,
2025-12-31,7:00 AM,"Milk, Whole",g,100,1,60,3,5,3,,0.5,0.1,0.1,0.1,0.4,0.1,,123,12,18,0,0,0.7,0.1,1.9,,,,0.1,,0.2,0.3,0.3,12,,0.1,0,,0,0,0.1,0.2,101,150,1.9,38,,4.6,,0.2,0,0.2,0.2,31.6,,1,0.1,0.3,88,0.4
2025-12-31,7:00 AM,Sunbelt Bakery Chewy Granola Bar - Chocolate Chip,bar - each 1.1 OZ,1,30,139,5,22,3,,0,0.1,0,0.3,0.2,0,1,20.2,0,9,0.1,0.1,1.3,1.1,2.3,,1.6,9.8,0.1,0.7,0.1,0.2,0.1,25.6,0.5,0,0.1,,,0.1,1.1,0.1,65.3,70.6,4.6,50.1,,9.4,8.8,0.1,0,0.1,0.1,0,0,0,0.6,2.5,2,0.5
2025-12-31,7:00 AM,Tortilla Style Nacho Cheese Protein Chips,bag,0.5,32,70,3,3,9,,,,,,,,,90,5,,,,,,0.5,,0.5,,,0.1,,,,,,,,,,,,,,20,,170,,0.5,,,,,,,,,,,,
2025-12-31,1:42 PM,Ph? : Vietnamese Noodle Soup Pho Ga Chicken Breast,serving,1,100,397,7,48,37,,,,,,,,,,,,,,,,1.5,,1.8,,,,,,,,,,,,,,,,,,,,,,,,,,,,,,,,,
2025-12-31,2:45 PM,French Vanilla Super Premium Ice Cream,g,54,1,127,8,12,2,,,,,,,,,57.9,50,,,,,,4.6,,,,,0.2,,,,,,,,,,,,,,54,,25.1,,10.8,,,,,,,,,,,,
2025-12-31,8:00 PM,"Carrots, Raw",large baby,1,15,7,0,2,0,,,0,0,0.2,0,0,,4.5,,1,0,0,0,0,0,,0.5,5.5,0,0,0,0,0,1.8,0,0,0,,,0,,0,6,42,,13.1,,0.7,,0,0,0,0,125.3,0.9,,0.1,1.2,13,0
2025-12-31,8:00 PM,"Potatoes White, Flesh and Skin, Baked",g,150,1,138,0,32,3,,,0.1,0.1,2.3,0.6,0.3,,15,,22,0.2,0,0,0.1,0.1,,3.2,57,0.1,1,0.1,0.2,0.2,40.5,0.3,0,,,,,,0.1,112.5,816,0.8,10.5,,2.3,,0.1,0,0.1,0.2,1.5,18.9,,0.1,4,113,0.5
2025-12-31,8:00 PM,"Roast Beef, Sirloin Tip, Visible Fat Eaten",g,130,1,265,12,0,40,,2.2,0.1,0.2,7,0.8,0.5,,9.1,117,152,0.1,0.5,5.1,0.5,4.4,,,13,1.3,3.3,1.8,3.2,3.4,26,0,1,0.1,0,0,0.1,0.2,1.6,250.9,327.6,41.2,53.3,,,,1.6,0.3,1.3,2,,,0.2,0.6,1.9,77,6.8
2025-12-31,9:00 PM,Cod Liver Oil,softgel,1,100,10,1,0,0,,,,,,,,,,,,,,,,,,,,,,,,,,,,,100,70,,,,,,,,,,,,,,,300,,10,,,,
2025-12-31,9:00 PM,Creatine Ethyl Ester (Hcl),serving,1,3,10,0,0,2,,,,,,,,,,,,,,,,,,,,,,,,,,,,,,,,,,,,,,,,,,,,,,,,,,,
2025-12-31,9:00 PM,Double Strength Taurine 1000mg Dietary Supplement,capsule,1,100,0,0,0,0,,,,,,,,,,,,,,,,,,,,,,,,,,,,,,,,,,,,,,,,,,,,,,,,,,,
2025-12-31,9:00 PM,Magnesium l-Threonate,capsules,4,0.05,0,0,0,0,,,,,,,,,,,,,,,,,,,,,,,,,144,,,,,,,,,,,,,,,,,,,,,,,,,,
2025-12-31,9:00 PM,Methyl Multi,capsules,2,50,0,0,0,0,,250,10,10,32,100,10,,50,,18,0.5,,,,,,,850,,,,,,50,0.3,,,,,,,,,49.5,50,30,,,,,,,,,125,2.5,67,30,,6.5
2026-01-01,6:00 AM,Chicken Breast Grilled Boneless Skinless,g,95,1,141,3,0,28,,0.2,0.1,0.2,10.5,1.4,0.9,,5.7,101,103,0,0.3,1.3,0.7,1,,,,1,0.4,1.4,2.3,2.7,29.4,0,0.7,0,0,0,0,0.5,1.1,236.6,399,40.3,204.3,,,,1.3,0.4,1,1.5,9.5,,,0.3,,63,0.8
2026-01-01,6:00 AM,Happy Hippo Cocoa,package,1,100,120,8,11,1,,,,,,,,,40,5,,,,,,3,,1,,,0.4,,,,,,,,,,,,,,,,20,,9,,,,,,,,,,,,
2026-01-01,6:00 AM,Vanilla Syrup for Speciality Cofee,ml,10,1,34,0,8,0,,,,,,,,,,,,,,,,,,,,,,,,,,,,,,,,,,,,,1.2,,8.4,,,,,,,,,,,,
2026-01-01,12:43 PM,"Cream Cheese, Brick",g,25,1,84,8,1,1,,,0,0.1,0,0.1,0,,24.3,25,7,,0,1.7,0.4,4.9,,,2.3,0,,0.1,0.2,0.1,2.3,,0,0,,0,0,0.2,0.1,27,31.3,2.1,92,,0.9,,0.1,0,0.1,0.1,69.8,,,0.2,0.5,14,0.1
2026-01-01,12:43 PM,"Egg Bagel, Plain or Seasoned",g,120,1,334,3,64,13,,0.2,0.6,0.3,4.1,0.8,0.1,,15.6,29,30,0.1,0.3,0.5,0.8,0.5,,2.8,105.6,0.3,4.8,0.5,0.9,0.3,30,0.5,0.2,0,0,,0,0.7,0.6,100.8,81.6,36.7,606,,5.5,5.1,0.4,0.1,0.4,0.6,38.5,0.7,0.1,0.2,1.9,39,0.9
2026-01-01,12:46 PM,Chicken Breast Grilled Boneless Skinless,g,143,1,212,5,0,42,,0.3,0.1,0.3,15.9,2.1,1.4,,8.6,152,154,0,0.4,1.9,1,1.4,,,,1.6,0.6,2.1,3.5,4.1,44.3,0,1.1,0,0,0,0,0.8,1.7,356.1,600.6,60.6,307.4,,,,1.9,0.5,1.5,2.2,14.3,,,0.5,,95,1.2
2026-01-01,7:44 PM,Hot Buffet Southern Style Black-Eyed Peas,serving,1,100,100,3,14,5,,,,,,,,,,,,,,,,0.5,,3,,,,,,,,,,,,,,,,,,,570,,,,,,,,,,,,,,
2026-01-01,7:45 PM,"Cabbage, Green, Raw",g,50,1,14,0,3,0,,,0,0,0.1,0.1,0.1,,21,,5,,0,0,0,0,,1.1,21.5,0,0,0,0,0,7,0.1,0,,,,,,0,13.5,103.5,0.1,8,,1.6,,0,0,0,0,2.4,20.1,,0.1,29.7,46,0.1
2026-01-01,7:45 PM,"Egg Bagel, Plain or Seasoned",g,120,1,334,3,64,13,,0.2,0.6,0.3,4.1,0.8,0.1,,15.6,29,30,0.1,0.3,0.5,0.8,0.5,,2.8,105.6,0.3,4.8,0.5,0.9,0.3,30,0.5,0.2,0,0,,0,0.7,0.6,100.8,81.6,36.7,606,,5.5,5.1,0.4,0.1,0.4,0.6,38.5,0.7,0.1,0.2,1.9,39,0.9
2026-01-01,7:45 PM,Pork Top Loin Chops Boneless Lean Meat Only Raw,g,130,1,165,4,0,29,,0.7,0.9,0.2,10.7,1,1,,6.5,86,77,0.1,0.3,2,0.5,1.6,,,,1.3,0.7,1.4,2.5,2.7,35.1,0,0.8,0,,,0,0.4,1.2,304.2,503.1,44.9,63.7,,,,1.3,0.3,1.1,1.5,,,0.4,0.2,,95,2.1
2026-01-01,9:00 PM,Cod Liver Oil,softgel,1,100,10,1,0,0,,,,,,,,,,,,,,,,,,,,,,,,,,,,,100,70,,,,,,,,,,,,,,,300,,10,,,,
2026-01-01,9:00 PM,Creatine Ethyl Ester (Hcl),serving,1,3,10,0,0,2,,,,,,,,,,,,,,,,,,,,,,,,,,,,,,,,,,,,,,,,,,,,,,,,,,,
2026-01-01,9:00 PM,Double Strength Taurine 1000mg Dietary Supplement,capsule,1,100,0,0,0,0,,,,,,,,,,,,,,,,,,,,,,,,,,,,,,,,,,,,,,,,,,,,,,,,,,,
2026-01-01,9:00 PM,Magnesium l-Threonate,capsules,4,0.05,0,0,0,0,,,,,,,,,,,,,,,,,,,,,,,,,144,,,,,,,,,,,,,,,,,,,,,,,,,,
2026-01-01,9:00 PM,Methyl Multi,capsules,2,50,0,0,0,0,,250,10,10,32,100,10,,50,,18,0.5,,,,,,,850,,,,,,50,0.3,,,,,,,,,49.5,50,30,,,,,,,,,125,2.5,67,30,,6.5
2026-01-02,6:00 AM,Focaccia Italian Flatbread Plain,g,100,1,249,8,36,9,,,0.5,0.3,3.7,0.6,0.1,,35,,3,0.1,,5.7,1,0.9,,1.8,138,,3.2,,,,20,0.4,,,,,,,,128,114,15.9,561,,1.8,,,,,,0.1,,,1.4,5.7,46,1.3
2026-01-02,6:00 AM,Pecorino Romano Cheese,g,20,1,79,7,0,5,,,,,,,,,185.7,18,,,,,,4.3,,,,,,,,,,,,,,,,,,,,,407.1,,,,,,,,,,,,,,
2026-01-02,6:00 AM,Salami Calabrese Soppressata,slice,2,14,100,7,1,8,,,,,,,,,,15,,,,,,2.5,,,,,0.7,,,,,,,,,,,,,,,,550,,,,,,,,,,,,,,
2026-01-02,8:00 AM,Fitcrunch Chocolate Peanut Butter Bar,bar,1,46,190,8,14,16,,,,,,,,,30,10,,,,3,1,4,,1,,,0.8,,,,,,,,,,,,,,135,,200,,3,,,,,,,,,,,,
2026-01-02,12:35 PM,"Blueberries, Fresh",g,35,1,20,0,5,0,,,0,0,0.1,0,0,,4.2,,2,0,0,0,0.1,0,,0.8,2.1,0,0.1,0,0,0,2.1,0.1,0,0,,,0,0,0,4.5,30.1,0,,,3.5,,0,0,0,0,0.9,2.8,,0.2,6.8,29,0
2026-01-02,12:35 PM,Chicken Breast Grilled Boneless Skinless,g,143,1,212,5,0,42,,0.3,0.1,0.3,15.9,2.1,1.4,,8.6,152,154,0,0.4,1.9,1,1.4,,,,1.6,0.6,2.1,3.5,4.1,44.3,0,1.1,0,0,0,0,0.8,1.7,356.1,600.6,60.6,307.4,,,,1.9,0.5,1.5,2.2,14.3,,,0.5,,95,1.2
2026-01-02,12:35 PM,Honey,g,5,1,15,0,4,0,,,,0,0,0,0,,0.3,,0,0,0,,,,,0,0.1,0,0,0,0,0,0.1,0,0,,,,,,0,0.2,2.6,0,0.2,,4.1,4.1,0,0,0,0,,0,,,,1,0
2026-01-02,12:35 PM,Organic Greek Plain Whole Milk Yogurt,g,180,1,159,6,7,17,,,,,,,,,180,26,,,,,,3.7,,,,,,,,,,,,,,,,,,,211.8,,68.8,,5.3,,,,,,,,,,,,
2026-01-02,12:35 PM,"Pecans, Raw",g,25,1,175,18,3,2,,,0.1,0,0.2,0.2,0,,13.8,,10,0.2,0,9.8,5.7,1.6,,1.4,5.5,0.1,0.6,0.1,0.2,0.1,25.8,0.6,0,0.3,,,0.3,5.2,0.1,63.3,90,0.9,,,1,,0.1,0,0.1,0.1,0.7,0.3,,0.4,1,1,1
2026-01-02,3:23 PM,Al Pastor Tacos,serving,3,57,450,21,42,24,,,,,,,,,,,,,,,,7.5,,,,,,,,,,,,,,,,,,,,,630,,,,,,,,,,,,,,
2026-01-02,9:00 PM,Cod Liver Oil,softgel,1,100,10,1,0,0,,,,,,,,,,,,,,,,,,,,,,,,,,,,,100,70,,,,,,,,,,,,,,,300,,10,,,,
2026-01-02,9:00 PM,Creatine Ethyl Ester (Hcl),serving,1,3,10,0,0,2,,,,,,,,,,,,,,,,,,,,,,,,,,,,,,,,,,,,,,,,,,,,,,,,,,,
2026-01-02,9:00 PM,Double Strength Taurine 1000mg Dietary Supplement,capsule,1,100,0,0,0,0,,,,,,,,,,,,,,,,,,,,,,,,,,,,,,,,,,,,,,,,,,,,,,,,,,,
2026-01-02,9:00 PM,Magnesium l-Threonate,capsules,4,0.05,0,0,0,0,,,,,,,,,,,,,,,,,,,,,,,,,144,,,,,,,,,,,,,,,,,,,,,,,,,,
2026-01-02,9:00 PM,Methyl Multi,capsules,2,50,0,0,0,0,,250,10,10,32,100,10,,50,,18,0.5,,,,,,,850,,,,,,50,0.3,,,,,,,,,49.5,50,30,,,,,,,,,125,2.5,67,30,,6.5
2026-01-03,9:00 PM,Cod Liver Oil,softgel,1,100,10,1,0,0,,,,,,,,,,,,,,,,,,,,,,,,,,,,,100,70,,,,,,,,,,,,,,,300,,10,,,,
2026-01-03,9:00 PM,Creatine Ethyl Ester (Hcl),serving,1,3,10,0,0,2,,,,,,,,,,,,,,,,,,,,,,,,,,,,,,,,,,,,,,,,,,,,,,,,,,,
2026-01-03,9:00 PM,Double Strength Taurine 1000mg Dietary Supplement,capsule,1,100,0,0,0,0,,,,,,,,,,,,,,,,,,,,,,,,,,,,,,,,,,,,,,,,,,,,,,,,,,,
2026-01-03,9:00 PM,Magnesium l-Threonate,capsules,4,0.05,0,0,0,0,,,,,,,,,,,,,,,,,,,,,,,,,144,,,,,,,,,,,,,,,,,,,,,,,,,,
2026-01-03,9:00 PM,Methyl Multi,capsules,2,50,0,0,0,0,,250,10,10,32,100,10,,50,,18,0.5,,,,,,,850,,,,,,50,0.3,,,,,,,,,49.5,50,30,,,,,,,,,125,2.5,67,30,,6.5
2026-01-04,9:00 PM,Cod Liver Oil,softgel,1,100,10,1,0,0,,,,,,,,,,,,,,,,,,,,,,,,,,,,,100,70,,,,,,,,,,,,,,,300,,10,,,,
2026-01-04,9:00 PM,Creatine Ethyl Ester (Hcl),serving,1,3,10,0,0,2,,,,,,,,,,,,,,,,,,,,,,,,,,,,,,,,,,,,,,,,,,,,,,,,,,,
2026-01-04,9:00 PM,Double Strength Taurine 1000mg Dietary Supplement,capsule,1,100,0,0,0,0,,,,,,,,,,,,,,,,,,,,,,,,,,,,,,,,,,,,,,,,,,,,,,,,,,,
2026-01-04,9:00 PM,Magnesium l-Threonate,capsules,4,0.05,0,0,0,0,,,,,,,,,,,,,,,,,,,,,,,,,144,,,,,,,,,,,,,,,,,,,,,,,,,,
2026-01-04,9:00 PM,Methyl Multi,capsules,2,50,0,0,0,0,,250,10,10,32,100,10,,50,,18,0.5,,,,,,,850,,,,,,50,0.3,,,,,,,,,49.5,50,30,,,,,,,,,125,2.5,67,30,,6.5
2026-01-05,9:00 PM,Cod Liver Oil,softgel,1,100,10,1,0,0,,,,,,,,,,,,,,,,,,,,,,,,,,,,,100,70,,,,,,,,,,,,,,,300,,10,,,,
2026-01-05,9:00 PM,Creatine Ethyl Ester (Hcl),serving,1,3,10,0,0,2,,,,,,,,,,,,,,,,,,,,,,,,,,,,,,,,,,,,,,,,,,,,,,,,,,,
2026-01-05,9:00 PM,Double Strength Taurine 1000mg Dietary Supplement,capsule,1,100,0,0,0,0,,,,,,,,,,,,,,,,,,,,,,,,,,,,,,,,,,,,,,,,,,,,,,,,,,,
2026-01-05,9:00 PM,Magnesium l-Threonate,capsules,4,0.05,0,0,0,0,,,,,,,,,,,,,,,,,,,,,,,,,144,,,,,,,,,,,,,,,,,,,,,,,,,,
2026-01-05,9:00 PM,Methyl Multi,capsules,2,50,0,0,0,0,,250,10,10,32,100,10,,50,,18,0.5,,,,,,,850,,,,,,50,0.3,,,,,,,,,49.5,50,30,,,,,,,,,125,2.5,67,30,,6.5
2026-01-06,9:00 PM,Cod Liver Oil,softgel,1,100,10,1,0,0,,,,,,,,,,,,,,,,,,,,,,,,,,,,,100,70,,,,,,,,,,,,,,,300,,10,,,,
2026-01-06,9:00 PM,Creatine Ethyl Ester (Hcl),serving,1,3,10,0,0,2,,,,,,,,,,,,,,,,,,,,,,,,,,,,,,,,,,,,,,,,,,,,,,,,,,,
2026-01-06,9:00 PM,Double Strength Taurine 1000mg Dietary Supplement,capsule,1,100,0,0,0,0,,,,,,,,,,,,,,,,,,,,,,,,,,,,,,,,,,,,,,,,,,,,,,,,,,,
2026-01-06,9:00 PM,Magnesium l-Threonate,capsules,4,0.05,0,0,0,0,,,,,,,,,,,,,,,,,,,,,,,,,144,,,,,,,,,,,,,,,,,,,,,,,,,,
2026-01-06,9:00 PM,Methyl Multi,capsules,2,50,0,0,0,0,,250,10,10,32,100,10,,50,,18,0.5,,,,,,,850,,,,,,50,0.3,,,,,,,,,49.5,50,30,,,,,,,,,125,2.5,67,30,,6.5
2026-01-07,9:00 PM,Cod Liver Oil,softgel,1,100,10,1,0,0,,,,,,,,,,,,,,,,,,,,,,,,,,,,,100,70,,,,,,,,,,,,,,,300,,10,,,,
2026-01-07,9:00 PM,Creatine Ethyl Ester (Hcl),serving,1,3,10,0,0,2,,,,,,,,,,,,,,,,,,,,,,,,,,,,,,,,,,,,,,,,,,,,,,,,,,,
2026-01-07,9:00 PM,Double Strength Taurine 1000mg Dietary Supplement,capsule,1,100,0,0,0,0,,,,,,,,,,,,,,,,,,,,,,,,,,,,,,,,,,,,,,,,,,,,,,,,,,,
2026-01-07,9:00 PM,Magnesium l-Threonate,capsules,4,0.05,0,0,0,0,,,,,,,,,,,,,,,,,,,,,,,,,144,,,,,,,,,,,,,,,,,,,,,,,,,,
2026-01-07,9:00 PM,Methyl Multi,capsules,2,50,0,0,0,0,,250,10,10,32,100,10,,50,,18,0.5,,,,,,,850,,,,,,50,0.3,,,,,,,,,49.5,50,30,,,,,,,,,125,2.5,67,30,,6.5
2026-01-08,9:00 PM,Cod Liver Oil,softgel,1,100,10,1,0,0,,,,,,,,,,,,,,,,,,,,,,,,,,,,,100,70,,,,,,,,,,,,,,,300,,10,,,,
2026-01-08,9:00 PM,Creatine Ethyl Ester (Hcl),serving,1,3,10,0,0,2,,,,,,,,,,,,,,,,,,,,,,,,,,,,,,,,,,,,,,,,,,,,,,,,,,,
2026-01-08,9:00 PM,Double Strength Taurine 1000mg Dietary Supplement,capsule,1,100,0,0,0,0,,,,,,,,,,,,,,,,,,,,,,,,,,,,,,,,,,,,,,,,,,,,,,,,,,,
2026-01-08,9:00 PM,Magnesium l-Threonate,capsules,4,0.05,0,0,0,0,,,,,,,,,,,,,,,,,,,,,,,,,144,,,,,,,,,,,,,,,,,,,,,,,,,,
2026-01-08,9:00 PM,Methyl Multi,capsules,2,50,0,0,0,0,,250,10,10,32,100,10,,50,,18,0.5,,,,,,,850,,,,,,50,0.3,,,,,,,,,49.5,50,30,,,,,,,,,125,2.5,67,30,,6.5
2026-01-09,9:00 PM,Cod Liver Oil,softgel,1,100,10,1,0,0,,,,,,,,,,,,,,,,,,,,,,,,,,,,,100,70,,,,,,,,,,,,,,,300,,10,,,,
2026-01-09,9:00 PM,Creatine Ethyl Ester (Hcl),serving,1,3,10,0,0,2,,,,,,,,,,,,,,,,,,,,,,,,,,,,,,,,,,,,,,,,,,,,,,,,,,,
2026-01-09,9:00 PM,Double Strength Taurine 1000mg Dietary Supplement,capsule,1,100,0,0,0,0,,,,,,,,,,,,,,,,,,,,,,,,,,,,,,,,,,,,,,,,,,,,,,,,,,,
2026-01-09,9:00 PM,Magnesium l-Threonate,capsules,4,0.05,0,0,0,0,,,,,,,,,,,,,,,,,,,,,,,,,144,,,,,,,,,,,,,,,,,,,,,,,,,,
2026-01-09,9:00 PM,Methyl Multi,capsules,2,50,0,0,0,0,,250,10,10,32,100,10,,50,,18,0.5,,,,,,,850,,,,,,50,0.3,,,,,,,,,49.5,50,30,,,,,,,,,125,2.5,67,30,,6.5